(0, 0.0, 0, 0, 0, 0, 0, 0, 0, 0, 0, 0, 0, 0, 0, 0, 0, 0);[16.05014980855, 0, 0, 0]
(0, 1.0, 0, 0, 0, 0, 0, 0, 0, 0, 0, 0, 0, 0, 0, 0, 0, 0);[49.85, 49.75, 49.75, 49.75]
(1, 0.0, 0, 0, 0, 0, 0, 0, 0, 0, 0, 0, 0, 0, 0, 0, 0, 0);[49.75, 49.75, 49.75, 50]
(1, 1.0, 0, 0, 0, 0, 0, 0, 0, 0, 0, 0, 0, 0, 0, 0, 0, 0);[45.29005, 50, 50, 50]
(2, 0.0, 0, 0, 0, 1, 0, 0, 0, 0, 0, 0, 0, 0, 0, 0, 0, 0);[49.75, 49.75, 50, 50]
(2, 1.0, 0, 0, 0, 1, 0, 0, 0, 0, 0, 0, 0, 0, 0, 0, 0, 0);[49.65, 50, 50, 50]
(0, 0.0, 0, 0, 0, 1, 0, 0, 0, 0, 0, 0, 0, 1, 0, 0, 0, 0);[49.65, 49.65, 49.55, 49.55]
(0, 1.0, 0, 0, 0, 1, 0, 0, 0, 0, 0, 0, 0, 1, 0, 0, 0, 0);[49.65, 49.65, 49.55, 50]
(1, 0.0, 0, 0, 0, 1, 0, 0, 0, 0, 0, 0, 0, 1, 0, 0, 0, 0);[49.55, 49.55, 50, 50]
(1, 1.0, 0, 0, 0, 1, 0, 0, 0, 0, 0, 0, 0, 1, 0, 0, 0, 0);[49.55, 50, 50, 50]
(2, 0.0, 0, 0, 0, 1, 0, 0, 0, 1, 0, 0, 0, 1, 0, 0, 0, 0);[49.55, 49.55, 50, 50]
(2, 1.0, 0, 0, 0, 1, 0, 0, 0, 1, 0, 0, 0, 1, 0, 0, 0, 0);[49.45, 50, 50, 50]
(0, 0.0, 0, 0, 0, 1, 0, 0, 0, 1, 0, 0, 0, 1, 0, 0, 0, 1);[49.45, 49.35, 49.35, 50]
(0, 1.0, 0, 0, 0, 1, 0, 0, 0, 1, 0, 0, 0, 1, 0, 0, 0, 1);[49.35, 49.45, 50, 50]
(1, 0.0, 0, 0, 0, 1, 0, 0, 0, 1, 0, 0, 0, 1, 0, 0, 0, 1);[49.45, 49.45, 50, 50]
(1, 1.0, 0, 0, 0, 1, 0, 0, 0, 1, 0, 0, 0, 1, 0, 0, 0, 1);[49.35, 50, 50, 50]
(0, 0.0, 0, 0, 0, 1, 0, 0, 1, 1, 0, 0, 0, 1, 0, 0, 0, 1);[49.35, 50, 50, 50]
(0, 1.0, 0, 0, 0, 1, 0, 0, 1, 1, 0, 0, 0, 1, 0, 0, 0, 1);[49.25, 50, 50, 50]
(0, 1.0, 0, 0, 0, 2, 0, 0, 1, 1, 0, 0, 0, 1, 0, 0, 0, 1);[49.15, 50, 50, 50]
(0, 1.0, 0, 0, 0, 2, 0, 0, 1, 1, 0, 0, 0, 1, 0, 0, 1, 1);[49.05, 50, 50, 50]
(0, 1.0, 0, 0, 0, 2, 0, 0, 1, 1, 0, 0, 0, 2, 0, 0, 1, 1);[49.05, 49.05, 49.25, 50]
(1, 0.0, 0, 0, 0, 2, 0, 0, 1, 1, 0, 0, 0, 2, 0, 0, 1, 1);[48.95, 48.95, 50, 50]
(1, 1.0, 0, 0, 0, 2, 0, 0, 2, 1, 0, 0, 0, 2, 0, 0, 1, 1);[48.95, 50, 50, 50]
(0, 0.0, 0, 0, 0, 3, 0, 0, 2, 1, 0, 0, 0, 2, 0, 0, 1, 1);[50, 50, 50, 48.85]
(0, 0.0, 0, 0, 0, 4, 0, 0, 2, 1, 0, 0, 0, 2, 0, 0, 2, 1);[48.65, 50, 50, 50]
(0, 1.0, 0, 0, 0, 4, 0, 0, 2, 1, 0, 0, 0, 3, 0, 0, 2, 1);[48.55, 50, 50, 50]
(0, 1.0, 0, 0, 0, 4, 0, 0, 2, 1, 0, 0, 0, 4, 0, 0, 2, 1);[48.55, 48.65, 48.95, 50]
(1, 0.0, 0, 0, 0, 4, 0, 0, 2, 1, 0, 0, 0, 4, 0, 0, 2, 1);[48.65, 48.65, 50, 50]
(1, 1.0, 0, 0, 0, 4, 0, 0, 2, 1, 0, 0, 0, 4, 0, 0, 2, 1);[48.65, 50, 50, 50]
(0, 0.0, 0, 0, 0, 4, 0, 0, 2, 1, 0, 0, 0, 4, 0, 0, 2, 1);[48.65, 48.65, 50, 50]
(2, 0.0, 0, 0, 0, 4, 1, 0, 1, 1, 0, 0, 0, 4, 0, 0, 0, 1);[49.05, 50, 50, 50]
(2, 0.0, 0, 0, 0, 4, 1, 0, 0, 1, 0, 0, 0, 4, 0, 0, 0, 1);[48.85, 50, 50, 50]
(2, 1.0, 0, 0, 0, 4, 1, 0, 0, 1, 0, 0, 0, 4, 1, 0, 0, 1);[49.05, 50, 50, 50]
(0, 0.0, 0, 0, 0, 4, 1, 0, 0, 1, 0, 0, 0, 4, 0, 0, 0, 1);[49.05, 50, 50, 50]
(0, 0.0, 0, 0, 0, 4, 0, 0, 0, 1, 0, 0, 0, 4, 0, 0, 0, 1);[48.095, 48.85, 48.85, 48.95]
(0, 1.0, 0, 0, 0, 4, 0, 0, 0, 1, 0, 0, 0, 4, 0, 0, 0, 1);[48.95, 48.95, 48.95, 49.45]
(1, 0.0, 0, 0, 0, 4, 0, 0, 0, 1, 0, 0, 0, 4, 0, 0, 0, 1);[48.85, 48.85, 50, 50]
(1, 1.0, 0, 0, 0, 4, 0, 0, 0, 1, 0, 0, 0, 4, 0, 0, 0, 1);[48.95, 50, 50, 50]
(2, 0.0, 0, 0, 0, 4, 0, 0, 0, 1, 0, 0, 0, 4, 0, 0, 0, 1);[48.95, 48.95, 50, 50]
(2, 1.0, 0, 0, 0, 4, 0, 0, 0, 1, 0, 0, 0, 4, 0, 0, 0, 1);[48.95, 50, 50, 50]
(3, 0.0, 0, 0, 0, 3, 0, 0, 0, 1, 0, 0, 0, 2, 0, 0, 0, 0);[49.85, 50, 50, 50]
(3, 0.0, 0, 0, 0, 2, 0, 0, 0, 0, 0, 0, 0, 0, 0, 0, 0, 0);[49.85, 50, 50, 50]
(3, 1.0, 0, 0, 0, 0, 0, 0, 0, 0, 0, 0, 0, 0, 0, 0, 0, 0);[45.593033955, 49.75, 50, 50]
(0, 0.0, 0, 0, 0, 0, 0, 0, 1, 0, 0, 0, 0, 0, 0, 0, 0, 0);[49.65, 50, 50, 50]
(0, 1.0, 0, 0, 0, 0, 0, 0, 1, 0, 0, 0, 0, 0, 0, 0, 0, 0);[49.65, 49.55, 50, 50]
(1, 0.0, 0, 0, 0, 0, 0, 0, 1, 0, 0, 0, 0, 0, 0, 0, 1, 0);[49.55, 50, 50, 50]
(1, 0.0, 0, 0, 1, 0, 0, 0, 1, 0, 0, 0, 0, 0, 0, 0, 1, 0);[49.55, 50, 50, 50]
(1, 1.0, 0, 0, 1, 0, 0, 0, 1, 0, 0, 0, 0, 0, 0, 0, 1, 0);[49.45, 50, 50, 50]
(0, 0.0, 0, 0, 1, 0, 0, 0, 1, 0, 0, 0, 1, 0, 0, 0, 1, 0);[49.35, 49.35, 50, 50]
(0, 1.0, 0, 0, 1, 0, 0, 0, 1, 0, 0, 0, 1, 0, 0, 0, 1, 0);[49.25, 49.25, 50, 50]
(1, 0.0, 0, 0, 2, 0, 0, 0, 1, 0, 0, 0, 1, 0, 0, 0, 1, 0);[49.25, 49.15, 50, 50]
(1, 1.0, 0, 0, 2, 0, 0, 0, 1, 0, 0, 0, 2, 0, 0, 0, 1, 0);[49.15, 50, 50, 50]
(0, 0.0, 0, 0, 2, 0, 0, 0, 1, 0, 0, 0, 2, 0, 0, 0, 1, 0);[49.15, 50, 50, 50]
(0, 0.0, 0, 0, 2, 0, 0, 0, 2, 0, 0, 0, 2, 0, 0, 0, 1, 0);[49.05, 50, 50, 50]
(0, 1.0, 0, 0, 2, 0, 0, 0, 2, 0, 0, 0, 2, 0, 0, 0, 1, 0);[49.05, 48.95, 50, 50]
(1, 0.0, 0, 0, 2, 0, 0, 0, 2, 0, 0, 0, 2, 0, 0, 0, 2, 0);[48.85, 50, 50, 50]
(1, 0.0, 0, 1, 2, 0, 0, 0, 2, 0, 0, 0, 2, 0, 0, 0, 2, 0);[48.85, 48.95, 50, 50]
(1, 1.0, 0, 1, 2, 0, 0, 0, 2, 0, 0, 0, 2, 0, 0, 0, 2, 0);[48.85, 50, 50, 50]
(0, 0.0, 0, 1, 2, 0, 0, 0, 2, 0, 0, 0, 2, 0, 0, 0, 2, 0);[48.65, 50, 50, 50]
(0, 0.0, 0, 1, 2, 0, 0, 0, 2, 0, 0, 1, 2, 0, 0, 0, 2, 0);[48.55, 50, 50, 50]
(0, 1.0, 0, 1, 2, 0, 0, 0, 2, 0, 0, 1, 2, 0, 0, 0, 2, 0);[50, 50, 50, 48.65]
(3, 0.0, 0, 1, 2, 0, 0, 0, 2, 0, 0, 1, 2, 0, 0, 0, 2, 0);[48.65, 48.65, 50, 50]
(3, 1.0, 0, 2, 2, 0, 0, 0, 2, 0, 0, 1, 2, 0, 0, 0, 2, 0);[48.65, 50, 50, 50]
(0, 0.0, 0, 2, 2, 0, 0, 0, 2, 0, 0, 1, 2, 0, 0, 0, 2, 0);[48.55, 50, 50, 50]
(0, 0.0, 0, 2, 2, 0, 0, 0, 2, 0, 0, 2, 2, 0, 0, 0, 2, 0);[48.55, 50, 50, 50]
(0, 1.0, 0, 2, 2, 0, 0, 0, 2, 0, 0, 2, 2, 0, 0, 0, 2, 0);[48.55, 48.85, 50, 50]
(1, 0.0, 0, 0, 2, 0, 1, 0, 2, 0, 0, 0, 2, 0, 0, 0, 2, 0);[48.85, 50, 50, 50]
(1, 1.0, 0, 0, 2, 0, 1, 0, 2, 0, 0, 0, 2, 0, 0, 0, 2, 0);[48.95, 50, 50, 50]
(0, 0.0, 0, 0, 2, 0, 0, 0, 2, 0, 0, 0, 2, 0, 0, 0, 2, 0);[48.95, 50, 50, 50]
(0, 0.0, 0, 0, 3, 0, 0, 0, 2, 0, 0, 0, 2, 0, 0, 0, 2, 0);[48.85, 50, 50, 50]
(0, 1.0, 0, 0, 4, 0, 0, 0, 2, 0, 0, 0, 2, 0, 0, 0, 2, 0);[50, 50, 50, 48.85]
(3, 0.0, 0, 0, 4, 0, 0, 0, 3, 0, 0, 0, 3, 0, 0, 0, 2, 0);[48.65, 50, 50, 50]
(3, 0.0, 0, 0, 4, 0, 0, 0, 3, 0, 0, 0, 4, 0, 0, 0, 2, 0);[48.45, 50, 50, 50]
(3, 1.0, 0, 0, 4, 2, 0, 0, 3, 0, 0, 0, 4, 0, 0, 0, 3, 0);[48.45, 50, 50, 50]
(0, 0.0, 0, 0, 4, 2, 0, 0, 3, 0, 0, 0, 4, 0, 0, 0, 3, 0);[48.35, 50, 50, 50]
(0, 0.0, 0, 0, 4, 2, 0, 0, 4, 0, 0, 0, 4, 0, 0, 0, 3, 0);[48.05, 50, 50, 50]
(0, 1.0, 0, 0, 4, 2, 0, 0, 4, 0, 0, 0, 4, 2, 0, 0, 3, 0);[47.95, 50, 50, 50]
(0, 1.0, 0, 0, 4, 2, 0, 0, 4, 0, 0, 0, 4, 2, 0, 0, 4, 0);[47.95, 47.95, 50, 50]
(1, 0.0, 0, 0, 4, 2, 0, 0, 4, 0, 0, 0, 4, 2, 0, 0, 4, 0);[47.95, 47.95, 50, 50]
(1, 1.0, 0, 0, 4, 2, 0, 0, 4, 0, 0, 0, 4, 2, 0, 0, 4, 0);[47.95, 50, 50, 50]
(0, 0.0, 0, 0, 4, 2, 0, 0, 4, 0, 0, 0, 4, 2, 0, 0, 4, 0);[47.95, 50, 50, 50]
(0, 0.0, 0, 0, 5, 2, 0, 0, 4, 0, 0, 0, 4, 2, 0, 0, 4, 0);[47.85, 50, 50, 50]
(0, 1.0, 0, 0, 5, 2, 0, 0, 4, 0, 0, 0, 4, 2, 0, 0, 4, 0);[47.85, 47.75, 50, 50]
(1, 0.0, 1, 0, 5, 2, 0, 0, 4, 0, 0, 0, 5, 2, 0, 0, 4, 0);[47.75, 47.65, 50, 50]
(1, 1.0, 1, 0, 5, 2, 0, 0, 5, 0, 0, 0, 5, 2, 0, 0, 4, 0);[47.75, 50, 50, 50]
(0, 0.0, 1, 0, 5, 2, 0, 0, 5, 0, 0, 0, 5, 2, 0, 0, 4, 0);[47.65, 50, 50, 50]
(0, 0.0, 0, 0, 5, 2, 0, 0, 5, 0, 0, 0, 5, 2, 0, 0, 5, 0);[47.65, 50, 50, 50]
(0, 1.0, 0, 0, 5, 2, 0, 0, 5, 0, 0, 0, 5, 2, 0, 0, 5, 0);[47.55, 47.45, 50, 50]
(1, 0.0, 0, 0, 5, 2, 0, 0, 5, 0, 0, 0, 5, 2, 0, 0, 5, 0);[47.45, 47.35, 50, 50]
(1, 1.0, 0, 0, 5, 2, 0, 0, 5, 0, 0, 0, 5, 2, 0, 0, 5, 0);[47.35, 50, 50, 50]
(0, 0.0, 0, 0, 6, 2, 0, 0, 6, 0, 0, 0, 5, 2, 0, 0, 5, 0);[47.25, 50, 50, 50]
(0, 0.0, 0, 0, 6, 2, 0, 0, 6, 0, 0, 0, 6, 2, 0, 0, 5, 0);[47.15, 50, 50, 50]
(0, 1.0, 0, 0, 6, 2, 0, 0, 6, 0, 0, 0, 6, 2, 0, 0, 6, 0);[47.15, 47.15, 47.65, 50]
(1, 0.0, 0, 0, 6, 2, 0, 0, 6, 0, 0, 0, 6, 2, 0, 0, 6, 0);[47.15, 47.15, 50, 50]
(1, 1.0, 0, 0, 6, 2, 0, 0, 6, 0, 0, 0, 6, 2, 0, 0, 6, 0);[47.15, 50, 50, 50]
(0, 0.0, 0, 0, 6, 2, 0, 0, 6, 0, 0, 0, 6, 2, 0, 0, 6, 0);[47.15, 50, 50, 50]
(0, 0.0, 1, 0, 6, 2, 0, 0, 6, 0, 0, 0, 6, 2, 0, 0, 6, 0);[47.15, 50, 50, 50]
(0, 1.0, 1, 0, 6, 2, 0, 0, 6, 0, 0, 0, 6, 2, 0, 0, 6, 0);[47.15, 50, 50, 50]
(2, 0.0, 0, 0, 5, 2, 0, 0, 5, 0, 0, 0, 4, 2, 0, 0, 4, 0);[48.65, 50, 50, 50]
(2, 0.0, 0, 0, 4, 2, 0, 0, 4, 0, 0, 0, 1, 2, 0, 0, 2, 0);[49.35, 50, 50, 50]
(2, 1.0, 0, 0, 2, 3, 0, 0, 3, 0, 0, 0, 0, 2, 0, 0, 0, 0);[49.25, 50, 50, 50]
(0, 0.0, 0, 0, 2, 3, 0, 0, 3, 0, 0, 0, 0, 2, 0, 0, 1, 0);[48.75, 50, 50, 50]
(0, 0.0, 0, 0, 2, 3, 0, 0, 3, 0, 0, 0, 1, 2, 0, 0, 2, 0);[48.25, 50, 50, 50]
(0, 1.0, 0, 0, 2, 3, 0, 0, 3, 0, 0, 0, 2, 3, 0, 0, 3, 0);[48.25, 50, 50, 50]
(0, 1.0, 0, 0, 3, 3, 0, 0, 3, 0, 0, 0, 2, 3, 0, 0, 3, 0);[48.15, 48.05, 50, 50]
(1, 0.0, 0, 0, 3, 3, 0, 0, 3, 0, 0, 0, 3, 3, 0, 0, 3, 0);[48.05, 50, 50, 50]
(1, 0.0, 0, 0, 3, 4, 0, 0, 3, 0, 0, 0, 3, 3, 0, 0, 3, 0);[48.05, 50, 50, 50]
(1, 1.0, 0, 0, 3, 4, 0, 0, 3, 0, 0, 0, 3, 3, 0, 0, 3, 0);[47.95, 50, 50, 50]
(0, 0.0, 0, 0, 3, 4, 0, 0, 3, 0, 0, 0, 3, 4, 0, 0, 3, 0);[47.95, 50, 50, 50]
(0, 0.0, 0, 0, 4, 4, 0, 0, 3, 0, 0, 0, 3, 4, 0, 0, 3, 0);[50, 50, 50, 47.95]
(0, 1.0, 0, 0, 4, 4, 0, 0, 3, 0, 0, 0, 3, 4, 0, 0, 3, 0);[47.85, 50, 50, 50]
(0, 1.0, 0, 0, 4, 4, 0, 0, 4, 0, 0, 0, 4, 4, 0, 0, 3, 0);[47.75, 47.65, 50, 50]
(1, 0.0, 0, 0, 4, 4, 0, 0, 4, 0, 0, 0, 4, 4, 0, 0, 4, 0);[47.65, 47.65, 50, 50]
(1, 1.0, 0, 0, 5, 4, 0, 0, 4, 0, 0, 0, 4, 4, 0, 0, 4, 0);[47.55, 50, 50, 50]
(0, 0.0, 0, 0, 5, 4, 0, 0, 4, 0, 0, 0, 5, 4, 0, 0, 4, 0);[47.45, 47.45, 47.25, 47.25]
(0, 1.0, 0, 1, 5, 4, 0, 0, 4, 0, 0, 0, 5, 4, 0, 0, 4, 0);[47.45, 47.45, 50, 50]
(1, 0.0, 0, 0, 5, 4, 0, 0, 4, 0, 0, 0, 5, 4, 0, 0, 4, 0);[47.45, 47.25, 47.45, 47.25]
(1, 1.0, 0, 0, 5, 4, 0, 0, 4, 0, 0, 0, 5, 4, 0, 0, 4, 0);[47.25, 47.25, 47.85, 50]
(0, 1.0, 0, 0, 5, 4, 0, 0, 4, 0, 0, 0, 5, 4, 0, 0, 4, 0);[47.25, 47.25, 50, 50]
(2, 0.0, 0, 0, 4, 4, 0, 0, 4, 0, 0, 0, 3, 4, 0, 0, 3, 0);[48.65, 50, 50, 50]
(2, 0.0, 0, 0, 3, 4, 0, 0, 3, 0, 0, 0, 0, 4, 0, 0, 0, 0);[50, 50, 48.75, 50]
(2, 1.0, 0, 0, 1, 4, 0, 0, 2, 0, 0, 0, 0, 4, 0, 0, 0, 0);[48.85, 50, 50, 50]
(0, 0.0, 0, 0, 1, 4, 0, 0, 2, 0, 0, 0, 0, 4, 0, 0, 0, 0);[48.35, 50, 50, 50]
(0, 0.0, 0, 0, 1, 4, 0, 0, 2, 0, 0, 0, 1, 4, 0, 0, 1, 0);[48.25, 50, 50, 50]
(0, 1.0, 0, 0, 1, 4, 0, 0, 2, 0, 0, 0, 1, 4, 0, 0, 2, 0);[48.25, 48.35, 48.85, 50]
(1, 0.0, 0, 0, 1, 4, 0, 0, 2, 0, 0, 0, 1, 4, 0, 0, 2, 0);[48.35, 48.25, 50, 50]
(1, 1.0, 0, 0, 1, 4, 0, 0, 2, 0, 0, 0, 1, 4, 0, 0, 2, 0);[48.25, 50, 50, 50]
(0, 0.0, 0, 0, 1, 4, 0, 0, 2, 0, 0, 0, 1, 4, 0, 0, 2, 0);[48.25, 50, 48.25, 50]
(2, 0.0, 0, 0, 1, 4, 0, 0, 2, 0, 0, 0, 0, 4, 0, 0, 1, 0);[49.05, 50, 50, 50]
(2, 0.0, 0, 0, 0, 4, 0, 0, 1, 0, 0, 0, 0, 4, 0, 0, 0, 0);[49.05, 50, 50, 50]
(2, 1.0, 0, 0, 0, 4, 0, 0, 0, 0, 0, 0, 0, 4, 0, 0, 0, 0);[49.05, 50, 50, 50]
(0, 0.0, 0, 0, 0, 4, 0, 0, 0, 0, 0, 0, 0, 4, 0, 0, 0, 0);[49.05, 49.05, 50, 50]
(0, 1.0, 0, 0, 0, 4, 0, 0, 0, 0, 0, 0, 0, 4, 0, 0, 0, 0);[49.05, 49.05, 50, 50]
(1, 0.0, 0, 0, 0, 5, 0, 0, 0, 0, 0, 0, 0, 4, 0, 0, 0, 0);[49.05, 48.95, 50, 50]
(1, 1.0, 0, 0, 0, 5, 0, 0, 0, 0, 0, 0, 0, 5, 0, 0, 0, 0);[48.95, 50, 50, 50]
(0, 0.0, 0, 0, 0, 5, 0, 0, 0, 0, 0, 0, 0, 5, 0, 0, 0, 0);[48.95, 48.95, 50, 50]
(0, 1.0, 0, 0, 0, 5, 0, 0, 0, 0, 0, 0, 0, 5, 0, 0, 0, 0);[48.95, 48.95, 50, 50]
(1, 0.0, 0, 0, 1, 5, 0, 0, 0, 0, 0, 0, 0, 5, 0, 0, 0, 0);[48.95, 48.85, 50, 50]
(1, 1.0, 0, 0, 1, 5, 0, 0, 0, 0, 0, 0, 0, 5, 0, 0, 0, 0);[48.65, 50, 50, 50]
(0, 0.0, 0, 0, 1, 5, 0, 0, 0, 0, 0, 0, 1, 5, 0, 0, 0, 0);[48.65, 48.55, 50, 50]
(0, 1.0, 0, 0, 1, 5, 0, 0, 0, 0, 0, 0, 1, 5, 0, 0, 0, 0);[48.55, 50, 50, 50]
(0, 1.0, 0, 0, 2, 5, 0, 0, 0, 0, 0, 0, 1, 5, 0, 0, 0, 0);[48.55, 48.45, 50, 50]
(1, 0.0, 0, 0, 2, 5, 0, 0, 0, 0, 0, 0, 2, 5, 0, 0, 0, 0);[48.45, 48.45, 50, 50]
(1, 1.0, 0, 0, 2, 5, 0, 0, 0, 0, 0, 0, 2, 5, 0, 0, 0, 0);[48.45, 50, 50, 50]
(0, 0.0, 0, 0, 2, 5, 0, 0, 0, 0, 0, 0, 2, 5, 0, 0, 0, 0);[48.45, 48.45, 50, 50]
(0, 1.0, 0, 0, 2, 5, 0, 0, 1, 0, 0, 0, 2, 5, 0, 0, 0, 0);[48.35, 50, 50, 50]
(0, 1.0, 0, 0, 2, 5, 0, 1, 1, 0, 0, 0, 2, 5, 0, 0, 0, 0);[48.25, 50, 50, 50]
(0, 1.0, 0, 0, 2, 5, 0, 1, 1, 0, 0, 0, 2, 5, 0, 0, 1, 0);[47.95, 50, 50, 50]
(0, 1.0, 0, 0, 2, 5, 0, 1, 1, 0, 0, 0, 2, 5, 0, 1, 1, 0);[47.85, 48.25, 50, 50]
(1, 0.0, 0, 0, 2, 5, 0, 1, 1, 0, 0, 0, 2, 5, 0, 0, 1, 0);[48.25, 50, 50, 50]
(1, 0.0, 0, 0, 3, 5, 0, 0, 1, 0, 0, 0, 2, 5, 0, 0, 1, 0);[48.25, 50, 50, 50]
(1, 1.0, 0, 0, 3, 5, 0, 0, 1, 0, 0, 0, 2, 5, 0, 0, 1, 0);[48.15, 50, 50, 50]
(0, 0.0, 0, 0, 3, 5, 0, 0, 1, 0, 0, 0, 3, 5, 0, 0, 1, 0);[48.15, 48.15, 50, 50]
(0, 1.0, 0, 0, 3, 5, 0, 0, 1, 0, 0, 0, 3, 5, 0, 0, 1, 0);[48.15, 48.15, 50, 50]
(1, 0.0, 0, 0, 3, 5, 0, 0, 1, 1, 0, 0, 3, 5, 0, 0, 1, 0);[48.15, 48.05, 50, 50]
(1, 1.0, 0, 0, 3, 5, 0, 0, 1, 1, 0, 0, 3, 5, 0, 0, 1, 1);[48.05, 50, 50, 50]
(0, 0.0, 0, 0, 3, 5, 0, 0, 1, 1, 0, 0, 3, 5, 0, 0, 1, 1);[48.05, 47.95, 50, 50]
(0, 1.0, 0, 0, 3, 5, 0, 0, 1, 1, 0, 0, 3, 5, 0, 0, 1, 1);[47.95, 50, 50, 48.45]
(3, 0.0, 0, 0, 3, 4, 0, 0, 1, 1, 0, 0, 3, 3, 0, 0, 1, 0);[48.95, 50, 50, 50]
(3, 0.0, 0, 0, 3, 3, 1, 0, 1, 0, 0, 0, 3, 0, 0, 0, 1, 0);[49.05, 50, 50, 50]
(3, 1.0, 0, 0, 3, 1, 1, 1, 1, 0, 0, 0, 3, 0, 0, 0, 1, 0);[48.95, 50, 50, 50]
(0, 0.0, 0, 0, 3, 1, 1, 0, 1, 0, 0, 0, 3, 0, 0, 0, 1, 0);[48.65, 50, 50, 50]
(0, 0.0, 0, 0, 3, 1, 1, 0, 1, 0, 0, 0, 3, 1, 0, 0, 1, 0);[48.65, 50, 50, 50]
(0, 1.0, 0, 0, 3, 1, 0, 0, 1, 0, 0, 0, 3, 1, 0, 0, 1, 0);[48.65, 48.75, 50, 50]
(1, 0.0, 0, 0, 3, 1, 0, 0, 1, 0, 0, 0, 3, 1, 0, 0, 1, 0);[48.75, 48.75, 50, 50]
(1, 1.0, 0, 0, 3, 1, 0, 0, 1, 0, 0, 0, 3, 1, 0, 0, 1, 0);[48.75, 50, 50, 50]
(0, 0.0, 0, 0, 3, 1, 0, 0, 1, 0, 0, 0, 3, 1, 0, 0, 1, 0);[48.75, 50, 50, 50]
(0, 0.0, 0, 0, 4, 1, 0, 0, 1, 0, 0, 0, 3, 1, 0, 0, 1, 0);[48.75, 50, 50, 50]
(0, 1.0, 0, 0, 4, 1, 0, 0, 1, 0, 0, 0, 3, 1, 0, 0, 1, 0);[48.65, 50, 50, 50]
(0, 1.0, 0, 0, 4, 1, 0, 0, 1, 0, 0, 0, 4, 1, 0, 0, 1, 0);[48.65, 48.65, 50, 50]
(1, 0.0, 0, 0, 4, 1, 0, 0, 1, 0, 0, 0, 4, 1, 0, 0, 1, 0);[48.65, 48.65, 50, 50]
(1, 1.0, 0, 0, 4, 1, 0, 0, 2, 0, 0, 0, 4, 1, 0, 0, 1, 0);[48.65, 50, 50, 50]
(0, 0.0, 0, 0, 4, 1, 0, 0, 2, 0, 0, 0, 4, 1, 0, 0, 1, 0);[48.55, 48.45, 50, 50]
(0, 1.0, 0, 0, 4, 1, 0, 0, 2, 0, 0, 0, 4, 1, 0, 0, 2, 0);[48.45, 48.55, 50, 50]
(1, 0.0, 0, 0, 4, 1, 0, 0, 2, 0, 0, 0, 4, 1, 0, 0, 2, 0);[48.15, 48.35, 50, 50]
(1, 1.0, 0, 0, 4, 1, 0, 0, 2, 0, 0, 0, 4, 1, 0, 0, 2, 0);[48.25, 50, 50, 50]
(0, 0.0, 0, 0, 4, 1, 0, 0, 3, 0, 0, 0, 4, 1, 0, 0, 2, 0);[48.25, 48.25, 50, 50]
(0, 1.0, 0, 0, 4, 1, 0, 0, 3, 0, 0, 0, 4, 1, 0, 0, 2, 0);[48.15, 50, 50, 50]
(0, 1.0, 0, 0, 4, 1, 0, 0, 3, 0, 0, 0, 4, 1, 0, 0, 3, 0);[48.15, 48.15, 50, 50]
(1, 0.0, 0, 0, 4, 1, 0, 0, 3, 0, 0, 0, 4, 1, 0, 0, 3, 0);[48.05, 50, 50, 50]
(1, 0.0, 0, 0, 5, 1, 0, 0, 3, 1, 0, 0, 4, 1, 0, 0, 3, 0);[47.95, 50, 50, 50]
(1, 1.0, 0, 0, 5, 1, 0, 0, 3, 1, 0, 0, 4, 1, 0, 0, 3, 0);[47.95, 50, 50, 50]
(0, 0.0, 0, 0, 5, 1, 0, 0, 3, 1, 0, 0, 5, 1, 0, 0, 3, 0);[47.85, 50, 50, 50]
(0, 0.0, 0, 0, 5, 1, 0, 0, 3, 1, 0, 0, 5, 1, 0, 0, 3, 1);[47.85, 50, 50, 50]
(0, 1.0, 0, 0, 5, 1, 0, 0, 3, 1, 0, 0, 5, 1, 0, 0, 3, 1);[50, 50, 48.45, 50]
(2, 0.0, 0, 0, 4, 1, 0, 0, 3, 1, 0, 0, 3, 1, 0, 0, 2, 1);[49.35, 50, 50, 50]
(2, 0.0, 0, 0, 3, 1, 0, 0, 2, 1, 0, 0, 0, 1, 0, 0, 0, 1);[49.45, 50, 50, 50]
(2, 1.0, 0, 0, 1, 1, 0, 0, 0, 1, 0, 0, 0, 1, 0, 0, 0, 1);[49.15, 50, 50, 50]
(0, 0.0, 0, 0, 1, 1, 0, 0, 0, 1, 0, 0, 0, 1, 0, 0, 0, 1);[48.95, 50, 50, 50]
(0, 0.0, 0, 0, 1, 1, 0, 0, 0, 1, 0, 0, 1, 1, 0, 0, 0, 1);[48.95, 48.95, 48.95, 50]
(0, 1.0, 0, 0, 1, 1, 0, 0, 0, 1, 0, 0, 1, 1, 0, 0, 0, 1);[48.95, 48.95, 49.35, 50]
(1, 0.0, 0, 0, 1, 1, 0, 0, 0, 1, 0, 0, 1, 1, 0, 0, 0, 1);[48.95, 48.95, 50, 50]
(1, 1.0, 0, 0, 1, 1, 0, 0, 0, 1, 0, 0, 1, 1, 0, 0, 0, 1);[48.95, 50, 50, 50]
(2, 0.0, 0, 0, 1, 2, 0, 0, 0, 1, 0, 0, 0, 1, 0, 0, 0, 1);[49.35, 50, 50, 50]
(2, 0.0, 0, 0, 0, 2, 1, 0, 0, 1, 0, 0, 0, 1, 0, 0, 0, 1);[49.25, 50, 50, 50]
(2, 1.0, 0, 0, 0, 2, 2, 0, 1, 1, 0, 0, 0, 2, 0, 0, 0, 1);[49.25, 50, 50, 50]
(0, 0.0, 0, 0, 0, 2, 2, 0, 1, 1, 0, 0, 0, 2, 0, 0, 0, 1);[49.15, 50, 50, 50]
(0, 0.0, 0, 0, 0, 2, 1, 0, 1, 1, 0, 0, 0, 2, 0, 0, 0, 1);[49.15, 50, 50, 50]
(0, 1.0, 0, 0, 0, 2, 0, 0, 1, 1, 0, 0, 0, 2, 0, 0, 0, 1);[49.05, 50, 50, 50]
(2, 0.0, 0, 0, 0, 2, 0, 0, 0, 1, 0, 0, 0, 2, 0, 0, 0, 1);[49.25, 49.25, 49.25, 50]
(2, 1.0, 0, 0, 0, 2, 0, 0, 0, 1, 0, 0, 0, 2, 0, 0, 0, 1);[49.15, 50, 50, 50]
(0, 0.0, 0, 0, 0, 2, 0, 0, 0, 1, 0, 0, 0, 2, 0, 0, 0, 1);[49.15, 49.15, 48.475, 49.25]
(0, 1.0, 0, 0, 0, 2, 0, 0, 0, 1, 0, 0, 0, 2, 0, 0, 0, 1);[49.15, 49.25, 49.25, 49.75]
(1, 0.0, 0, 0, 0, 2, 0, 0, 0, 1, 0, 0, 0, 2, 0, 0, 0, 1);[49.15, 49.15, 50, 50]
(1, 1.0, 0, 0, 0, 2, 0, 0, 0, 1, 0, 0, 0, 2, 0, 0, 0, 1);[49.25, 50, 50, 50]
(2, 0.0, 0, 0, 0, 2, 1, 0, 0, 1, 0, 0, 0, 2, 0, 0, 0, 1);[49.25, 50, 50, 50]
(2, 1.0, 0, 0, 0, 2, 2, 0, 0, 1, 0, 0, 0, 2, 0, 0, 0, 1);[49.25, 50, 50, 50]
(0, 0.0, 0, 0, 0, 2, 1, 0, 0, 1, 0, 0, 0, 2, 0, 0, 0, 1);[49.07575, 50, 50, 50]
(3, 0.0, 0, 0, 0, 1, 0, 0, 0, 1, 0, 0, 0, 0, 0, 0, 0, 0);[49.85, 50, 50, 50]
(3, 0.0, 0, 0, 0, 0, 1, 0, 0, 0, 0, 0, 0, 0, 0, 0, 0, 0);[49.65, 50, 50, 50]
(3, 1.0, 0, 0, 0, 0, 1, 0, 0, 0, 0, 0, 0, 0, 0, 0, 0, 0);[46.0640805595, 50, 50, 50]
(3, 0.0, 0, 0, 0, 0, 0, 0, 0, 0, 0, 0, 0, 0, 0, 0, 0, 0);[49.65, 49.65, 50, 50]
(1, 0.0, 0, 0, 1, 0, 0, 0, 0, 0, 0, 0, 0, 0, 0, 0, 0, 0);[49.65, 50, 50, 50]
(1, 1.0, 0, 0, 1, 0, 0, 0, 0, 0, 0, 0, 0, 0, 0, 0, 0, 0);[49.75, 50, 50, 50]
(0, 0.0, 0, 0, 1, 0, 0, 0, 0, 0, 0, 0, 1, 0, 0, 0, 0, 0);[49.65, 49.65, 50, 50]
(0, 0.0, 0, 0, 1, 0, 1, 0, 0, 0, 0, 0, 1, 0, 0, 0, 0, 0);[49.55, 49.65, 50, 50]
(0, 1.0, 0, 1, 1, 0, 0, 0, 0, 0, 0, 0, 1, 0, 0, 0, 0, 0);[49.55, 49.65, 50, 50]
(1, 0.0, 0, 0, 1, 0, 0, 0, 0, 0, 0, 0, 1, 0, 0, 0, 0, 0);[49.55, 49.55, 50, 50]
(1, 1.0, 0, 0, 1, 0, 0, 0, 0, 0, 0, 0, 1, 0, 0, 0, 0, 0);[49.65, 50, 50, 50]
(0, 1.0, 0, 0, 1, 0, 2, 0, 0, 0, 0, 0, 1, 0, 0, 0, 0, 0);[49.65, 50, 50, 50]
(0, 1.0, 0, 0, 1, 0, 1, 0, 0, 0, 0, 0, 1, 0, 0, 0, 0, 0);[49.45, 49.25, 49.55, 50]
(1, 0.0, 0, 0, 1, 0, 1, 0, 0, 0, 0, 0, 1, 0, 1, 0, 0, 0);[49.25, 49.25, 50, 50]
(1, 1.0, 0, 0, 1, 0, 1, 0, 0, 0, 0, 0, 1, 0, 1, 0, 0, 0);[49.25, 50, 50, 50]
(0, 0.0, 0, 0, 1, 0, 1, 0, 0, 0, 0, 0, 1, 0, 1, 0, 0, 0);[49.25, 50, 50, 50]
(0, 0.0, 0, 0, 1, 0, 2, 0, 0, 0, 0, 0, 1, 0, 1, 0, 0, 0);[49.25, 50, 50, 50]
(0, 1.0, 0, 0, 1, 0, 2, 0, 0, 0, 0, 0, 1, 0, 1, 0, 0, 0);[49.15, 50, 50, 50]
(0, 1.0, 0, 0, 1, 0, 2, 0, 0, 0, 0, 0, 1, 0, 2, 0, 0, 0);[49.45, 50, 50, 50]
(2, 0.0, 0, 0, 3, 0, 1, 0, 0, 0, 0, 0, 0, 0, 1, 0, 0, 0);[49.65, 50, 50, 50]
(2, 0.0, 0, 0, 2, 0, 1, 0, 0, 0, 0, 0, 0, 0, 1, 0, 0, 0);[49.85, 50, 50, 50]
(2, 1.0, 0, 0, 2, 0, 1, 0, 0, 0, 0, 0, 0, 0, 0, 0, 0, 0);[49.55, 50, 50, 50]
(0, 0.0, 0, 0, 2, 0, 1, 0, 0, 0, 0, 0, 0, 0, 1, 0, 0, 0);[49.25, 50, 50, 50]
(0, 0.0, 0, 0, 2, 0, 1, 0, 0, 0, 0, 0, 2, 0, 1, 0, 0, 0);[49.15, 50, 50, 50]
(0, 1.0, 0, 0, 2, 0, 1, 0, 0, 0, 0, 0, 2, 0, 1, 0, 0, 0);[49.15, 49.15, 50, 50]
(1, 0.0, 0, 0, 2, 0, 1, 0, 0, 0, 0, 0, 2, 0, 1, 0, 0, 0);[49.15, 50, 50, 50]
(1, 0.0, 0, 0, 2, 0, 2, 0, 0, 0, 0, 0, 2, 0, 1, 0, 0, 0);[49.15, 50, 50, 50]
(1, 1.0, 0, 0, 2, 0, 2, 0, 0, 0, 0, 0, 2, 0, 1, 0, 0, 0);[49.05, 50, 50, 50]
(0, 0.0, 0, 0, 2, 0, 2, 0, 0, 0, 0, 0, 2, 0, 2, 0, 0, 0);[48.95, 48.95, 50, 50]
(0, 1.0, 0, 0, 2, 0, 2, 0, 0, 0, 0, 0, 2, 0, 2, 0, 0, 0);[48.95, 48.95, 50, 50]
(1, 0.0, 0, 0, 2, 1, 2, 0, 0, 0, 0, 0, 2, 0, 2, 0, 0, 0);[48.95, 50, 50, 50]
(1, 0.0, 1, 0, 2, 1, 2, 0, 0, 0, 0, 0, 2, 0, 2, 0, 0, 0);[48.85, 50, 50, 50]
(1, 1.0, 1, 0, 2, 1, 2, 0, 0, 0, 0, 0, 2, 0, 2, 0, 0, 0);[48.85, 50, 50, 50]
(0, 0.0, 1, 0, 2, 1, 2, 0, 0, 0, 0, 0, 2, 1, 2, 0, 0, 0);[48.85, 50, 50, 50]
(0, 0.0, 0, 0, 2, 1, 2, 0, 0, 0, 0, 0, 2, 1, 2, 0, 0, 0);[48.85, 50, 50, 50]
(0, 1.0, 0, 0, 2, 1, 2, 0, 0, 0, 0, 0, 2, 1, 2, 0, 0, 0);[48.85, 48.85, 50, 50]
(1, 0.0, 0, 0, 2, 1, 3, 0, 0, 0, 0, 0, 2, 1, 2, 0, 0, 0);[48.75, 48.55, 50, 50]
(1, 1.0, 0, 0, 2, 1, 3, 0, 1, 0, 0, 0, 2, 1, 3, 0, 0, 0);[48.55, 50, 50, 50]
(0, 0.0, 0, 0, 2, 1, 3, 0, 1, 0, 0, 0, 2, 1, 3, 0, 0, 0);[48.35, 48.25, 50, 50]
(0, 1.0, 0, 1, 2, 1, 3, 0, 1, 0, 0, 0, 2, 1, 3, 0, 1, 0);[48.25, 48.25, 50, 50]
(1, 0.0, 0, 1, 2, 1, 3, 0, 1, 0, 0, 0, 2, 1, 3, 0, 1, 0);[48.15, 50, 50, 50]
(1, 0.0, 0, 1, 2, 1, 3, 0, 1, 0, 0, 1, 2, 1, 3, 0, 1, 0);[48.15, 50, 50, 50]
(1, 1.0, 0, 1, 2, 1, 3, 0, 1, 0, 0, 1, 2, 1, 3, 0, 1, 0);[48.15, 50, 50, 50]
(0, 0.0, 0, 1, 2, 1, 3, 0, 1, 1, 0, 1, 2, 1, 3, 0, 1, 0);[48.15, 50, 50, 50]
(0, 0.0, 0, 1, 3, 1, 3, 0, 1, 1, 0, 1, 2, 1, 3, 0, 1, 0);[48.15, 50, 50, 50]
(0, 1.0, 0, 1, 3, 1, 3, 0, 1, 1, 0, 1, 2, 1, 3, 0, 1, 0);[47.95, 50, 50, 50]
(0, 1.0, 0, 1, 3, 1, 4, 0, 1, 1, 0, 1, 3, 1, 3, 0, 1, 1);[47.85, 47.75, 50, 50]
(1, 0.0, 0, 1, 3, 1, 4, 0, 1, 1, 0, 1, 3, 1, 4, 0, 1, 1);[47.75, 50, 50, 50]
(1, 0.0, 0, 1, 4, 1, 4, 0, 1, 1, 0, 1, 3, 1, 4, 0, 1, 1);[47.75, 50, 50, 50]
(1, 1.0, 0, 1, 4, 1, 4, 0, 1, 1, 0, 1, 3, 1, 4, 0, 1, 1);[47.65, 50, 50, 50]
(0, 0.0, 0, 1, 4, 1, 4, 0, 1, 1, 0, 1, 4, 1, 4, 0, 1, 1);[47.65, 47.55, 50, 50]
(0, 1.0, 0, 1, 4, 1, 4, 0, 1, 1, 0, 1, 4, 1, 4, 0, 1, 1);[47.55, 47.55, 50, 50]
(1, 0.0, 0, 1, 5, 1, 4, 0, 1, 1, 0, 1, 4, 1, 4, 0, 1, 1);[47.55, 47.45, 50, 50]
(1, 1.0, 0, 1, 5, 1, 4, 0, 1, 1, 0, 1, 5, 1, 4, 0, 1, 1);[47.45, 47.25, 47.55, 50]
(0, 0.0, 0, 1, 5, 1, 4, 0, 1, 1, 0, 1, 5, 1, 4, 0, 1, 1);[47.45, 47.45, 50, 50]
(0, 1.0, 0, 1, 5, 1, 4, 0, 1, 1, 0, 1, 5, 1, 4, 0, 1, 1);[47.35, 47.25, 50, 50]
(1, 0.0, 0, 1, 5, 1, 4, 0, 1, 1, 0, 1, 5, 1, 4, 0, 1, 1);[47.25, 47.25, 50, 50]
(2, 0.0, 0, 1, 4, 1, 4, 0, 1, 1, 0, 1, 3, 1, 4, 0, 1, 1);[47.95, 50, 50, 50]
(2, 0.0, 0, 1, 3, 1, 4, 0, 1, 1, 0, 1, 1, 1, 4, 0, 1, 1);[48.15, 50, 50, 50]
(2, 1.0, 0, 1, 1, 1, 4, 0, 1, 1, 0, 1, 0, 1, 4, 0, 1, 1);[48.15, 50, 50, 50]
(0, 0.0, 0, 1, 1, 1, 4, 0, 2, 1, 0, 1, 0, 1, 4, 0, 1, 1);[47.95, 50, 50, 50]
(0, 0.0, 0, 1, 1, 1, 4, 0, 2, 1, 0, 1, 1, 1, 4, 0, 1, 1);[47.95, 50, 50, 50]
(0, 1.0, 0, 1, 1, 1, 4, 0, 2, 1, 0, 1, 1, 1, 4, 0, 1, 1);[47.85, 50, 50, 50]
(0, 1.0, 0, 1, 1, 1, 5, 0, 2, 1, 0, 1, 1, 1, 4, 0, 2, 1);[47.75, 50, 50, 50]
(0, 1.0, 0, 1, 1, 1, 5, 0, 2, 1, 0, 1, 1, 1, 5, 0, 2, 1);[47.75, 47.75, 47.85, 50]
(1, 0.0, 0, 1, 1, 1, 5, 0, 2, 1, 0, 1, 1, 1, 5, 0, 2, 1);[47.75, 47.75, 50, 50]
(1, 1.0, 0, 1, 1, 1, 5, 0, 2, 1, 0, 1, 1, 1, 5, 0, 2, 1);[47.75, 50, 50, 50]
(0, 0.0, 0, 1, 1, 1, 5, 0, 2, 1, 0, 1, 1, 1, 5, 0, 2, 1);[47.75, 47.75, 50, 50]
(2, 0.0, 0, 1, 0, 1, 5, 0, 2, 1, 0, 1, 0, 1, 5, 0, 2, 1);[47.85, 47.85, 50, 50]
(2, 1.0, 0, 1, 0, 1, 5, 0, 2, 1, 0, 1, 0, 1, 5, 0, 2, 1);[47.85, 50, 50, 50]
(0, 0.0, 0, 1, 0, 1, 5, 0, 2, 1, 0, 1, 0, 1, 5, 0, 2, 1);[47.75, 50, 50, 50]
(0, 0.0, 0, 1, 1, 1, 5, 0, 2, 1, 0, 1, 0, 1, 5, 0, 2, 1);[47.65, 50, 50, 50]
(0, 1.0, 0, 1, 1, 1, 5, 0, 3, 1, 0, 1, 0, 1, 5, 0, 2, 1);[47.65, 47.45, 50, 50]
(1, 0.0, 0, 1, 1, 1, 5, 0, 3, 1, 0, 1, 1, 1, 5, 0, 3, 1);[47.25, 47.25, 50, 50]
(1, 1.0, 0, 1, 1, 1, 5, 0, 3, 1, 0, 1, 1, 1, 5, 0, 3, 1);[47.25, 50, 50, 50]
(0, 0.0, 0, 1, 2, 1, 5, 0, 4, 1, 0, 1, 1, 1, 5, 0, 3, 1);[47.15, 46.95, 50, 50]
(0, 1.0, 0, 1, 2, 1, 5, 0, 4, 1, 0, 1, 2, 1, 5, 0, 4, 1);[46.95, 50, 50, 50]
(0, 1.0, 0, 1, 2, 1, 6, 0, 4, 1, 0, 1, 2, 1, 5, 0, 4, 1);[46.85, 50, 50, 50]
(0, 1.0, 0, 1, 2, 2, 6, 0, 4, 1, 0, 1, 2, 1, 6, 0, 4, 1);[46.85, 46.85, 50, 50]
(1, 0.0, 0, 1, 2, 3, 6, 0, 4, 1, 0, 1, 2, 1, 6, 0, 4, 1);[46.65, 50, 50, 50]
(1, 0.0, 0, 1, 2, 3, 6, 0, 4, 1, 0, 1, 2, 2, 6, 0, 4, 1);[46.55, 50, 50, 50]
(1, 1.0, 0, 2, 2, 3, 6, 0, 4, 1, 0, 1, 2, 2, 6, 0, 4, 1);[46.45, 50, 50, 50]
(0, 0.0, 1, 2, 2, 3, 6, 0, 4, 1, 0, 1, 2, 3, 6, 0, 4, 1);[46.35, 50, 50, 50]
(0, 0.0, 0, 2, 2, 3, 6, 0, 4, 1, 0, 2, 2, 3, 6, 0, 4, 1);[46.25, 46.25, 46.25, 50]
(0, 1.0, 0, 2, 2, 3, 6, 0, 4, 1, 0, 2, 2, 3, 6, 0, 4, 1);[46.25, 46.25, 46.45, 50]
(1, 0.0, 0, 2, 2, 3, 6, 0, 4, 1, 0, 2, 2, 3, 6, 0, 4, 1);[46.25, 46.25, 50, 50]
(1, 1.0, 0, 2, 2, 3, 6, 0, 4, 1, 0, 2, 2, 3, 6, 0, 4, 1);[46.25, 50, 50, 50]
(2, 0.0, 0, 2, 2, 3, 6, 0, 4, 1, 0, 2, 1, 3, 6, 0, 4, 1);[46.65, 50, 50, 50]
(2, 0.0, 0, 2, 1, 3, 6, 0, 4, 1, 0, 2, 0, 3, 6, 0, 4, 1);[46.65, 50, 50, 50]
(2, 1.0, 0, 2, 0, 3, 6, 0, 4, 1, 0, 2, 0, 3, 6, 0, 4, 1);[46.65, 50, 50, 50]
(0, 0.0, 0, 2, 0, 3, 6, 0, 4, 1, 0, 2, 0, 3, 6, 0, 4, 1);[46.65, 46.65, 50, 50]
(0, 1.0, 0, 2, 0, 3, 6, 0, 4, 1, 0, 2, 0, 3, 6, 0, 4, 1);[46.65, 46.65, 50, 50]
(1, 0.0, 0, 2, 0, 3, 6, 0, 4, 1, 0, 2, 0, 3, 6, 0, 4, 1);[46.65, 46.55, 50, 50]
(1, 1.0, 0, 2, 0, 3, 6, 0, 4, 1, 0, 2, 0, 3, 6, 0, 4, 1);[46.55, 50, 50, 50]
(0, 0.0, 0, 2, 0, 3, 6, 0, 4, 2, 0, 2, 0, 3, 6, 0, 4, 1);[46.45, 46.45, 50, 50]
(0, 1.0, 0, 2, 0, 3, 6, 0, 5, 2, 0, 2, 0, 3, 6, 0, 4, 1);[46.25, 50, 50, 50]
(0, 1.0, 0, 2, 0, 3, 6, 0, 5, 2, 0, 2, 0, 3, 6, 0, 5, 2);[46.25, 46.25, 50, 50]
(1, 0.0, 0, 2, 0, 3, 6, 0, 5, 2, 0, 2, 0, 3, 6, 0, 5, 2);[46.25, 46.25, 50, 50]
(1, 1.0, 0, 2, 0, 3, 6, 0, 5, 2, 0, 2, 0, 3, 6, 0, 5, 2);[46.25, 50, 50, 50]
(0, 0.0, 0, 2, 0, 3, 6, 0, 5, 2, 0, 2, 0, 3, 6, 0, 5, 2);[46.25, 50, 50, 50]
(0, 0.0, 0, 2, 1, 3, 6, 0, 5, 2, 0, 2, 0, 3, 6, 0, 5, 2);[46.25, 50, 50, 50]
(0, 1.0, 0, 2, 1, 3, 6, 0, 5, 2, 0, 2, 0, 3, 6, 0, 5, 2);[46.25, 46.15, 50, 50]
(1, 0.0, 0, 2, 1, 3, 6, 0, 5, 2, 0, 2, 1, 3, 6, 0, 5, 2);[46.15, 46.15, 50, 50]
(1, 1.0, 0, 2, 1, 3, 6, 0, 5, 2, 0, 2, 1, 3, 6, 0, 5, 2);[46.05, 50, 50, 50]
(0, 0.0, 0, 2, 1, 3, 6, 0, 5, 2, 0, 2, 1, 3, 6, 0, 5, 2);[46.05, 50, 50, 50]
(0, 0.0, 0, 2, 2, 3, 6, 0, 5, 2, 0, 2, 1, 3, 6, 0, 5, 2);[46.05, 50, 50, 50]
(0, 1.0, 0, 2, 3, 3, 6, 0, 5, 2, 0, 2, 1, 3, 6, 0, 5, 2);[45.85, 50, 50, 50]
(0, 1.0, 0, 2, 3, 3, 6, 0, 5, 2, 0, 2, 2, 3, 6, 0, 5, 2);[45.75, 50, 50, 50]
(0, 1.0, 0, 2, 3, 3, 6, 0, 5, 2, 0, 2, 3, 3, 6, 0, 5, 2);[45.75, 45.75, 50, 50]
(1, 0.0, 0, 2, 3, 3, 6, 0, 6, 2, 0, 2, 3, 3, 6, 0, 5, 2);[46.15, 50, 50, 50]
(1, 0.0, 0, 2, 3, 3, 6, 0, 6, 2, 0, 0, 3, 3, 6, 0, 5, 2);[45.75, 50, 50, 50]
(1, 1.0, 0, 2, 3, 3, 6, 0, 6, 2, 0, 1, 3, 3, 6, 0, 6, 2);[45.75, 50, 50, 50]
(0, 0.0, 0, 2, 3, 3, 5, 0, 6, 2, 0, 2, 3, 3, 5, 0, 6, 2);[46.25, 50, 50, 50]
(0, 0.0, 0, 2, 3, 3, 5, 0, 6, 2, 0, 2, 3, 3, 2, 0, 6, 2);[46.65, 50, 50, 50]
(0, 1.0, 0, 2, 3, 3, 4, 0, 6, 2, 0, 2, 3, 3, 0, 0, 6, 2);[46.75, 50, 50, 50]
(0, 1.0, 0, 2, 3, 3, 2, 0, 6, 2, 0, 2, 3, 3, 0, 0, 6, 2);[46.75, 50, 50, 50]
(0, 1.0, 0, 2, 3, 3, 1, 0, 6, 2, 0, 2, 3, 3, 0, 0, 6, 2);[46.65, 46.75, 50, 50]
(1, 0.0, 0, 1, 3, 3, 1, 0, 6, 2, 0, 0, 3, 3, 1, 0, 6, 2);[46.85, 50, 50, 50]
(1, 0.0, 0, 0, 3, 3, 1, 0, 6, 2, 0, 0, 3, 3, 1, 0, 6, 2);[46.75, 50, 50, 50]
(1, 1.0, 0, 0, 4, 3, 1, 0, 6, 2, 0, 0, 3, 3, 1, 0, 6, 2);[46.75, 50, 50, 50]
(0, 0.0, 0, 0, 4, 3, 1, 0, 6, 2, 0, 0, 3, 3, 1, 0, 6, 2);[46.55, 50, 50, 50]
(0, 0.0, 0, 0, 4, 4, 1, 0, 6, 2, 0, 0, 4, 3, 1, 0, 6, 2);[46.55, 50, 50, 50]
(0, 1.0, 0, 0, 4, 4, 1, 0, 6, 3, 0, 0, 4, 3, 1, 0, 6, 2);[46.55, 50, 50, 50]
(0, 1.0, 0, 0, 4, 4, 1, 0, 7, 3, 0, 0, 4, 3, 1, 0, 6, 2);[46.25, 50, 50, 50]
(0, 1.0, 0, 0, 4, 4, 1, 0, 7, 3, 0, 0, 4, 4, 1, 0, 6, 3);[46.15, 50, 50, 50]
(0, 1.0, 0, 0, 4, 4, 1, 0, 7, 3, 0, 0, 4, 4, 1, 0, 7, 3);[46.15, 50, 50, 50]
(0, 1.0, 0, 0, 4, 4, 1, 0, 8, 3, 0, 0, 4, 4, 1, 0, 7, 3);[46.15, 46.05, 50, 50]
(1, 0.0, 0, 0, 4, 4, 1, 0, 8, 3, 0, 0, 4, 4, 1, 0, 8, 3);[46.05, 46.05, 50, 50]
(1, 1.0, 0, 0, 4, 4, 1, 0, 8, 3, 0, 0, 4, 4, 1, 0, 8, 3);[46.05, 50, 50, 50]
(0, 0.0, 0, 0, 4, 4, 1, 0, 8, 3, 0, 0, 4, 4, 1, 0, 8, 3);[46.05, 46.25, 50, 50]
(0, 1.0, 0, 0, 4, 4, 1, 0, 8, 3, 0, 0, 4, 4, 0, 0, 8, 3);[46.15, 45.95, 50, 50]
(1, 0.0, 0, 1, 4, 4, 1, 0, 8, 3, 0, 0, 4, 4, 1, 0, 8, 3);[45.95, 45.95, 50, 50]
(1, 1.0, 0, 1, 4, 4, 1, 0, 8, 3, 0, 0, 4, 4, 1, 0, 8, 3);[45.85, 50, 50, 50]
(0, 0.0, 0, 1, 4, 4, 1, 0, 8, 3, 0, 1, 4, 4, 1, 0, 8, 3);[45.85, 45.85, 45.65, 45.65]
(0, 1.0, 0, 1, 4, 4, 1, 0, 8, 3, 0, 1, 4, 4, 1, 0, 8, 3);[45.85, 45.85, 46.25, 50]
(1, 0.0, 0, 1, 4, 4, 1, 0, 8, 3, 0, 1, 4, 4, 1, 0, 8, 3);[45.75, 45.75, 50, 50]
(1, 1.0, 0, 1, 4, 4, 1, 0, 8, 3, 0, 1, 4, 4, 1, 0, 8, 3);[45.65, 50, 50, 50]
(2, 0.0, 0, 1, 4, 4, 1, 0, 8, 3, 0, 1, 2, 4, 1, 0, 6, 3);[47.05, 50, 50, 50]
(2, 0.0, 0, 1, 2, 5, 1, 0, 8, 3, 0, 1, 0, 4, 1, 0, 5, 3);[47.15, 50, 50, 50]
(2, 1.0, 0, 1, 1, 6, 1, 0, 8, 3, 0, 1, 0, 4, 1, 0, 4, 3);[46.85, 50, 50, 50]
(0, 0.0, 0, 1, 1, 6, 1, 0, 8, 3, 0, 1, 0, 6, 1, 0, 3, 3);[46.35, 50, 50, 50]
(0, 0.0, 0, 1, 1, 6, 1, 0, 8, 3, 0, 1, 1, 6, 1, 0, 5, 3);[45.75, 50, 50, 50]
(0, 1.0, 0, 1, 2, 6, 2, 0, 8, 3, 0, 1, 1, 6, 1, 0, 8, 3);[45.75, 50, 50, 50]
(0, 1.0, 0, 1, 2, 6, 1, 0, 8, 3, 0, 1, 2, 6, 1, 0, 8, 3);[45.85, 50, 50, 50]
(0, 1.0, 0, 1, 2, 6, 1, 0, 8, 3, 0, 1, 2, 6, 0, 0, 8, 3);[45.75, 45.95, 50, 50]
(1, 0.0, 0, 1, 2, 6, 1, 0, 8, 3, 0, 0, 2, 6, 0, 0, 8, 3);[45.95, 50, 50, 50]
(1, 0.0, 0, 0, 2, 6, 1, 0, 8, 3, 0, 0, 2, 6, 0, 0, 8, 3);[45.85, 50, 50, 50]
(1, 1.0, 0, 0, 2, 6, 1, 0, 8, 3, 0, 0, 2, 6, 1, 0, 8, 3);[45.95, 50, 50, 50]
(0, 0.0, 0, 0, 2, 6, 0, 0, 9, 3, 0, 0, 2, 6, 0, 0, 8, 3);[45.85, 50, 50, 50]
(0, 0.0, 0, 0, 2, 6, 0, 0, 9, 3, 0, 0, 2, 6, 0, 0, 9, 3);[45.85, 45.75, 45.75, 45.75]
(0, 1.0, 0, 0, 2, 6, 0, 0, 9, 3, 0, 0, 2, 6, 0, 0, 9, 3);[45.65, 45.75, 50, 50]
(1, 0.0, 0, 0, 2, 6, 0, 0, 9, 3, 0, 0, 2, 6, 0, 0, 9, 3);[45.75, 50, 50, 50]
(1, 0.0, 0, 0, 2, 6, 1, 0, 9, 3, 0, 0, 2, 6, 0, 0, 9, 3);[45.75, 45.55, 50, 50]
(1, 1.0, 0, 0, 2, 6, 1, 0, 9, 3, 0, 0, 2, 6, 0, 0, 9, 3);[45.75, 50, 50, 50]
(0, 0.0, 0, 0, 2, 6, 1, 0, 9, 3, 0, 0, 2, 6, 0, 0, 9, 3);[45.75, 50, 50, 50]
(0, 1.0, 0, 0, 2, 6, 1, 0, 9, 3, 0, 0, 2, 6, 0, 0, 9, 3);[45.65, 45.75, 50, 50]
(1, 0.0, 0, 0, 2, 6, 1, 0, 9, 3, 0, 0, 2, 6, 1, 0, 9, 3);[45.55, 50, 50, 50]
(1, 1.0, 0, 0, 2, 6, 1, 0, 9, 3, 0, 0, 2, 6, 1, 0, 9, 3);[45.75, 50, 50, 50]
(0, 1.0, 0, 0, 2, 7, 0, 0, 9, 3, 0, 0, 2, 6, 0, 0, 9, 3);[45.75, 45.65, 50, 50]
(1, 0.0, 0, 0, 2, 7, 0, 0, 9, 3, 0, 0, 2, 7, 0, 0, 9, 3);[45.65, 45.65, 45.65, 50]
(1, 1.0, 0, 0, 2, 7, 0, 0, 9, 3, 0, 0, 2, 7, 0, 0, 9, 3);[45.65, 50, 50, 50]
(0, 0.0, 0, 0, 2, 7, 0, 0, 9, 3, 0, 0, 2, 7, 0, 0, 9, 3);[45.65, 45.65, 45.65, 45.65]
(0, 1.0, 0, 0, 2, 7, 0, 0, 9, 3, 0, 0, 2, 7, 0, 0, 9, 3);[45.65, 45.65, 50, 50]
(1, 0.0, 0, 0, 2, 7, 1, 0, 9, 3, 0, 0, 2, 7, 0, 0, 9, 3);[45.55, 50, 50, 50]
(1, 1.0, 0, 0, 2, 7, 1, 0, 9, 3, 0, 0, 2, 7, 0, 0, 9, 3);[45.65, 50, 50, 50]
(0, 1.0, 0, 0, 2, 7, 0, 0, 9, 4, 0, 0, 2, 7, 0, 0, 9, 3);[45.65, 45.55, 50, 50]
(1, 0.0, 0, 0, 3, 8, 0, 0, 9, 4, 0, 0, 2, 7, 0, 0, 9, 4);[45.25, 50, 50, 50]
(1, 0.0, 0, 0, 4, 8, 0, 0, 9, 4, 0, 0, 3, 8, 0, 0, 9, 4);[45.15, 50, 50, 50]
(1, 1.0, 0, 0, 4, 8, 0, 0, 9, 4, 0, 0, 4, 8, 0, 0, 9, 4);[45.15, 50, 50, 50]
(0, 0.0, 0, 0, 4, 8, 0, 0, 9, 4, 0, 0, 4, 8, 0, 0, 9, 4);[45.15, 45.15, 50, 50]
(0, 1.0, 0, 0, 4, 8, 0, 0, 9, 4, 0, 0, 4, 8, 0, 0, 9, 4);[45.15, 45.05, 50, 50]
(1, 0.0, 0, 0, 4, 8, 0, 0, 9, 4, 0, 0, 4, 8, 0, 0, 9, 4);[44.95, 50, 50, 50]
(1, 0.0, 0, 0, 4, 8, 0, 0, 9, 5, 0, 0, 4, 8, 0, 0, 9, 4);[44.85, 50, 50, 50]
(1, 1.0, 0, 0, 4, 8, 0, 0, 9, 5, 0, 0, 4, 8, 0, 0, 9, 5);[44.85, 44.85, 45.35, 50]
(0, 0.0, 0, 0, 4, 8, 0, 0, 9, 5, 0, 0, 4, 8, 0, 0, 9, 5);[44.85, 44.85, 50, 50]
(0, 1.0, 0, 0, 4, 8, 0, 0, 9, 5, 0, 0, 4, 8, 0, 0, 9, 5);[44.85, 44.85, 50, 50]
(1, 0.0, 0, 0, 4, 8, 0, 0, 9, 5, 0, 0, 4, 8, 0, 0, 9, 5);[44.85, 44.85, 50, 50]
(2, 0.0, 0, 0, 4, 8, 0, 0, 9, 5, 0, 0, 3, 8, 0, 0, 8, 5);[45.85, 50, 50, 50]
(2, 0.0, 0, 0, 3, 8, 0, 0, 7, 5, 0, 0, 3, 8, 0, 0, 5, 5);[46.35, 50, 50, 50]
(2, 1.0, 0, 0, 3, 8, 0, 0, 6, 5, 0, 0, 3, 8, 0, 0, 2, 5);[46.75, 50, 50, 50]
(0, 0.0, 0, 0, 3, 8, 0, 0, 5, 5, 0, 0, 3, 8, 0, 0, 0, 5);[46.55, 50, 50, 50]
(0, 0.0, 0, 0, 3, 8, 0, 0, 6, 5, 0, 0, 3, 8, 0, 0, 1, 5);[46.35, 50, 50, 50]
(0, 1.0, 0, 0, 3, 8, 0, 0, 7, 5, 0, 0, 3, 8, 0, 0, 2, 5);[45.95, 50, 50, 50]
(0, 1.0, 0, 0, 3, 8, 0, 0, 8, 5, 0, 0, 3, 8, 0, 0, 4, 5);[45.65, 50, 50, 50]
(0, 1.0, 0, 0, 3, 8, 0, 0, 8, 5, 0, 0, 3, 8, 0, 0, 6, 5);[45.35, 50, 50, 50]
(0, 1.0, 0, 0, 3, 8, 0, 0, 8, 5, 0, 0, 3, 8, 0, 0, 8, 5);[45.35, 45.35, 50, 50]
(1, 0.0, 0, 0, 3, 8, 0, 0, 8, 5, 0, 0, 3, 8, 0, 0, 8, 5);[45.15, 50, 50, 50]
(1, 0.0, 0, 0, 3, 9, 0, 0, 9, 5, 0, 0, 3, 9, 0, 0, 8, 5);[45.05, 50, 50, 50]
(1, 1.0, 0, 0, 3, 9, 0, 0, 9, 5, 0, 0, 3, 9, 0, 0, 9, 5);[45.05, 50, 50, 50]
(0, 0.0, 0, 0, 3, 9, 0, 0, 9, 5, 0, 0, 3, 9, 0, 0, 9, 5);[44.95, 44.95, 50, 50]
(0, 1.0, 0, 0, 3, 9, 0, 0, 9, 5, 0, 0, 3, 9, 0, 0, 9, 5);[44.95, 44.95, 50, 50]
(1, 0.0, 0, 0, 3, 9, 0, 0, 9, 5, 0, 0, 3, 9, 0, 0, 9, 5);[44.95, 44.85, 50, 50]
(1, 1.0, 0, 0, 4, 9, 0, 0, 9, 5, 0, 0, 3, 9, 0, 0, 9, 5);[44.75, 50, 50, 50]
(0, 0.0, 0, 0, 4, 9, 0, 0, 9, 5, 0, 0, 4, 9, 0, 0, 9, 5);[44.75, 44.75, 50, 50]
(0, 1.0, 0, 0, 4, 9, 0, 0, 9, 5, 0, 0, 4, 9, 0, 0, 9, 5);[44.75, 44.75, 50, 50]
(1, 0.0, 0, 0, 4, 9, 0, 0, 9, 5, 0, 0, 4, 9, 0, 0, 9, 5);[44.75, 44.75, 50, 50]
(1, 1.0, 0, 0, 4, 9, 0, 0, 9, 6, 0, 0, 4, 9, 0, 0, 9, 5);[44.75, 50, 50, 50]
(0, 0.0, 0, 0, 4, 9, 0, 0, 9, 6, 0, 0, 4, 9, 0, 0, 9, 5);[44.65, 50, 50, 50]
(0, 0.0, 0, 0, 4, 9, 0, 0, 9, 6, 0, 0, 4, 9, 0, 0, 9, 6);[44.65, 44.45, 44.45, 50]
(0, 1.0, 0, 0, 4, 9, 0, 0, 9, 6, 0, 0, 4, 9, 0, 0, 9, 6);[44.55, 44.55, 44.75, 50]
(1, 0.0, 0, 0, 4, 9, 0, 0, 9, 6, 0, 0, 4, 9, 0, 0, 9, 6);[44.45, 44.45, 50, 50]
(1, 1.0, 0, 0, 4, 9, 0, 0, 9, 6, 0, 0, 4, 9, 0, 0, 9, 6);[44.45, 50, 50, 50]
(2, 0.0, 0, 0, 4, 9, 0, 0, 9, 6, 0, 0, 4, 9, 0, 0, 8, 6);[45.25, 50, 50, 50]
(2, 0.0, 0, 0, 4, 9, 1, 0, 8, 6, 0, 0, 4, 9, 0, 0, 5, 6);[45.55, 50, 50, 50]
(2, 1.0, 0, 0, 4, 9, 1, 0, 6, 6, 0, 0, 4, 9, 0, 0, 3, 6);[45.85, 50, 50, 50]
(0, 0.0, 0, 0, 4, 9, 0, 0, 6, 6, 0, 0, 4, 9, 0, 0, 1, 6);[45.75, 50, 50, 50]
(0, 0.0, 0, 0, 4, 9, 0, 0, 6, 6, 0, 0, 4, 9, 0, 0, 2, 6);[45.35, 50, 50, 50]
(0, 1.0, 0, 0, 4, 9, 0, 0, 6, 6, 0, 0, 4, 9, 0, 0, 4, 6);[45.05, 50, 50, 50]
(0, 1.0, 0, 0, 4, 9, 0, 0, 7, 6, 0, 0, 4, 9, 0, 0, 5, 6);[44.75, 50, 50, 50]
(0, 1.0, 0, 0, 4, 9, 0, 1, 7, 6, 0, 0, 4, 9, 0, 0, 7, 6);[44.75, 44.85, 50, 50]
(1, 0.0, 0, 0, 4, 9, 0, 0, 7, 6, 0, 0, 4, 9, 0, 0, 7, 6);[44.85, 44.85, 44.85, 44.85]
(1, 1.0, 0, 0, 4, 9, 0, 0, 7, 6, 0, 0, 4, 9, 0, 0, 7, 6);[44.85, 44.85, 45.15, 50]
(0, 0.0, 0, 0, 4, 9, 0, 0, 7, 6, 0, 0, 4, 9, 0, 0, 7, 6);[44.85, 44.85, 50, 50]
(0, 1.0, 0, 0, 4, 9, 0, 0, 7, 6, 0, 0, 4, 9, 0, 0, 7, 6);[44.85, 44.85, 50, 50]
(2, 0.0, 0, 0, 4, 9, 0, 0, 7, 6, 0, 0, 4, 9, 0, 0, 5, 6);[45.55, 50, 50, 50]
(2, 0.0, 0, 0, 4, 9, 0, 0, 6, 6, 0, 0, 4, 9, 0, 0, 3, 6);[45.95, 50, 50, 50]
(2, 1.0, 0, 0, 4, 9, 0, 0, 4, 6, 0, 0, 4, 9, 0, 0, 1, 6);[46.15, 50, 50, 50]
(0, 0.0, 0, 0, 4, 9, 0, 0, 4, 6, 0, 0, 4, 9, 0, 0, 0, 6);[45.95, 50, 50, 50]
(0, 0.0, 0, 0, 4, 9, 0, 0, 4, 6, 0, 0, 4, 9, 0, 0, 1, 6);[45.65, 50, 50, 50]
(0, 1.0, 0, 0, 4, 9, 0, 0, 4, 6, 0, 0, 4, 9, 0, 0, 3, 6);[45.35, 50, 50, 50]
(0, 1.0, 0, 0, 4, 9, 0, 0, 4, 6, 0, 0, 4, 9, 0, 0, 4, 6);[45.35, 45.35, 45.65, 50]
(1, 0.0, 0, 0, 4, 9, 0, 0, 4, 6, 0, 0, 4, 9, 0, 0, 4, 6);[45.35, 45.35, 50, 50]
(1, 1.0, 0, 0, 4, 9, 0, 0, 4, 6, 0, 0, 4, 9, 0, 0, 4, 6);[45.35, 50, 50, 50]
(0, 0.0, 0, 0, 4, 9, 0, 0, 4, 6, 0, 0, 4, 9, 0, 0, 4, 6);[45.35, 45.35, 50, 50]
(2, 0.0, 0, 0, 4, 9, 0, 0, 4, 6, 0, 0, 4, 9, 0, 0, 3, 6);[46.15, 50, 50, 50]
(2, 0.0, 0, 0, 4, 9, 0, 0, 3, 6, 0, 0, 4, 9, 0, 0, 0, 6);[45.95, 50, 50, 50]
(2, 1.0, 0, 0, 4, 9, 0, 0, 3, 6, 0, 0, 4, 9, 0, 0, 1, 6);[45.65, 50, 50, 50]
(0, 0.0, 0, 0, 4, 9, 0, 0, 3, 7, 0, 0, 4, 9, 0, 0, 3, 6);[45.45, 50, 50, 50]
(0, 0.0, 0, 0, 4, 9, 0, 0, 3, 7, 0, 0, 4, 9, 0, 0, 3, 7);[45.45, 50, 50, 50]
(0, 1.0, 0, 0, 4, 9, 0, 0, 3, 7, 0, 0, 4, 9, 0, 0, 3, 7);[45.45, 45.45, 50, 50]
(1, 0.0, 0, 0, 4, 9, 0, 0, 3, 7, 0, 0, 4, 9, 0, 0, 3, 7);[45.45, 45.45, 50, 50]
(1, 1.0, 0, 0, 4, 9, 1, 0, 4, 7, 0, 0, 4, 9, 0, 0, 3, 7);[45.45, 50, 50, 50]
(0, 0.0, 0, 0, 4, 9, 2, 0, 4, 7, 0, 0, 4, 9, 0, 0, 3, 7);[45.35, 50, 50, 50]
(0, 0.0, 0, 0, 4, 9, 2, 0, 4, 7, 0, 0, 4, 9, 0, 0, 4, 7);[45.35, 50, 50, 50]
(0, 1.0, 0, 0, 4, 9, 1, 0, 4, 7, 0, 0, 4, 9, 0, 0, 4, 7);[45.35, 50, 50, 50]
(0, 1.0, 0, 0, 4, 9, 0, 1, 4, 7, 0, 0, 4, 9, 0, 0, 4, 7);[45.25, 45.25, 50, 50]
(1, 0.0, 0, 0, 4, 9, 0, 0, 4, 7, 0, 0, 4, 9, 0, 0, 4, 7);[45.25, 50, 50, 50]
(1, 0.0, 0, 0, 4, 9, 0, 0, 5, 7, 0, 0, 4, 9, 0, 0, 4, 7);[45.15, 50, 50, 50]
(1, 1.0, 0, 0, 4, 9, 0, 0, 5, 7, 0, 0, 4, 9, 0, 0, 4, 7);[45.05, 50, 50, 50]
(0, 0.0, 0, 0, 4, 9, 0, 0, 5, 7, 0, 0, 4, 9, 0, 0, 5, 7);[45.05, 45.05, 50, 50]
(0, 1.0, 0, 0, 4, 9, 0, 0, 5, 7, 0, 0, 4, 9, 0, 0, 5, 7);[44.95, 44.95, 50, 50]
(1, 0.0, 0, 0, 4, 9, 0, 0, 6, 7, 0, 0, 4, 9, 0, 0, 5, 7);[44.95, 44.85, 50, 50]
(1, 1.0, 0, 0, 4, 9, 0, 0, 6, 7, 0, 0, 4, 9, 0, 0, 6, 7);[44.85, 50, 50, 50]
(0, 0.0, 0, 0, 4, 9, 0, 0, 6, 7, 0, 0, 4, 9, 0, 0, 6, 7);[44.75, 44.75, 50, 50]
(0, 1.0, 0, 0, 4, 9, 0, 0, 6, 7, 0, 0, 4, 9, 0, 0, 6, 7);[44.75, 50, 50, 50]
(0, 1.0, 0, 1, 4, 9, 0, 0, 6, 7, 0, 0, 4, 9, 0, 0, 6, 7);[44.75, 44.75, 50, 50]
(1, 0.0, 0, 1, 4, 9, 0, 0, 6, 7, 0, 0, 4, 9, 0, 0, 6, 7);[44.65, 50, 50, 50]
(1, 0.0, 1, 2, 4, 9, 0, 0, 6, 8, 0, 0, 4, 9, 0, 0, 6, 7);[44.45, 50, 50, 50]
(1, 1.0, 1, 2, 4, 9, 0, 0, 6, 8, 0, 1, 4, 9, 0, 0, 6, 7);[44.35, 50, 50, 50]
(0, 0.0, 1, 2, 4, 9, 0, 0, 7, 8, 0, 1, 4, 9, 0, 0, 6, 8);[44.25, 50, 50, 50]
(0, 0.0, 0, 1, 4, 9, 0, 0, 7, 8, 0, 1, 4, 9, 0, 0, 7, 8);[44.45, 50, 50, 50]
(0, 1.0, 0, 1, 4, 9, 0, 0, 7, 8, 0, 0, 4, 9, 0, 0, 7, 8);[44.35, 50, 50, 50]
(0, 1.0, 0, 1, 4, 9, 0, 0, 7, 8, 0, 1, 4, 9, 0, 0, 7, 8);[44.35, 44.25, 50, 50]
(1, 0.0, 0, 1, 4, 9, 0, 0, 7, 8, 0, 1, 4, 9, 0, 0, 7, 8);[44.25, 44.25, 50, 50]
(1, 1.0, 0, 1, 4, 9, 0, 0, 7, 8, 0, 1, 4, 9, 0, 0, 7, 8);[44.15, 50, 50, 50]
(0, 0.0, 0, 1, 4, 9, 1, 0, 7, 8, 0, 1, 4, 9, 0, 0, 7, 8);[44.15, 50, 50, 50]
(0, 0.0, 0, 1, 4, 9, 3, 0, 7, 8, 0, 1, 4, 9, 0, 0, 7, 8);[43.95, 50, 50, 50]
(0, 1.0, 0, 1, 4, 9, 4, 0, 7, 8, 0, 1, 4, 9, 1, 0, 7, 8);[43.75, 50, 50, 50]
(0, 1.0, 0, 1, 4, 9, 4, 0, 7, 8, 0, 1, 4, 9, 2, 0, 7, 8);[43.55, 50, 50, 50]
(0, 1.0, 0, 1, 4, 9, 4, 0, 7, 8, 0, 1, 4, 9, 4, 0, 7, 8);[43.45, 43.45, 43.45, 43.95]
(1, 0.0, 0, 1, 4, 9, 4, 0, 7, 8, 0, 1, 4, 9, 4, 0, 7, 8);[43.45, 43.45, 50, 50]
(1, 1.0, 0, 1, 4, 9, 4, 0, 7, 8, 0, 1, 4, 9, 4, 0, 7, 8);[43.45, 50, 50, 50]
(0, 0.0, 0, 1, 4, 9, 4, 0, 7, 8, 0, 1, 4, 9, 4, 0, 7, 8);[43.45, 43.45, 43.35, 43.35]
(2, 0.0, 0, 1, 4, 9, 4, 0, 7, 8, 0, 1, 4, 9, 4, 0, 7, 8);[43.35, 43.35, 50, 50]
(2, 1.0, 0, 1, 4, 9, 4, 0, 7, 8, 0, 1, 4, 9, 4, 0, 7, 8);[43.35, 50, 50, 50]
(3, 0.0, 0, 1, 4, 9, 4, 0, 7, 8, 0, 1, 4, 8, 4, 0, 7, 6);[45.25, 50, 50, 50]
(3, 0.0, 0, 1, 4, 7, 4, 0, 7, 6, 0, 1, 2, 5, 4, 0, 7, 4);[46.45, 50, 50, 50]
(3, 1.0, 0, 1, 3, 6, 4, 0, 7, 5, 0, 1, 0, 2, 4, 0, 7, 2);[47.25, 50, 50, 50]
(0, 0.0, 0, 1, 4, 5, 5, 0, 7, 5, 0, 1, 0, 0, 4, 0, 7, 0);[46.35, 50, 50, 50]
(0, 0.0, 0, 1, 5, 6, 5, 0, 7, 5, 0, 1, 1, 2, 4, 0, 7, 1);[45.25, 50, 50, 50]
(0, 1.0, 0, 2, 5, 6, 5, 0, 7, 5, 0, 1, 4, 4, 5, 0, 7, 3);[44.45, 50, 50, 50]
(0, 1.0, 0, 2, 6, 6, 5, 0, 7, 5, 0, 2, 5, 5, 5, 0, 7, 4);[43.95, 50, 50, 50]
(0, 1.0, 0, 2, 6, 7, 5, 0, 8, 5, 0, 2, 5, 6, 5, 0, 7, 5);[43.55, 50, 50, 50]
(0, 1.0, 0, 2, 7, 7, 5, 0, 8, 5, 0, 2, 6, 7, 5, 0, 8, 5);[43.45, 50, 50, 50]
(0, 1.0, 0, 2, 7, 7, 5, 0, 8, 5, 0, 2, 7, 7, 5, 0, 8, 5);[43.45, 43.45, 50, 50]
(1, 0.0, 0, 2, 8, 8, 5, 0, 8, 5, 0, 2, 7, 7, 5, 0, 8, 5);[43.25, 50, 50, 50]
(1, 0.0, 0, 2, 8, 8, 5, 0, 8, 5, 0, 2, 8, 8, 5, 0, 8, 5);[43.05, 50, 50, 50]
(1, 1.0, 0, 2, 9, 8, 5, 0, 8, 5, 0, 2, 8, 8, 5, 0, 8, 5);[42.95, 50, 50, 50]
(0, 0.0, 0, 2, 9, 8, 5, 0, 8, 5, 0, 2, 9, 8, 5, 0, 8, 5);[42.95, 42.95, 50, 50]
(0, 1.0, 0, 2, 9, 8, 5, 0, 8, 5, 0, 2, 9, 8, 5, 0, 8, 5);[42.95, 42.85, 50, 50]
(1, 0.0, 0, 2, 9, 9, 5, 0, 8, 5, 0, 2, 9, 9, 5, 0, 8, 5);[42.85, 42.85, 50, 50]
(1, 1.0, 0, 2, 9, 9, 5, 0, 8, 5, 0, 2, 9, 9, 5, 0, 8, 5);[42.85, 50, 50, 50]
(0, 0.0, 0, 2, 9, 9, 5, 0, 8, 5, 0, 2, 9, 9, 5, 0, 8, 5);[42.85, 50, 50, 50]
(0, 0.0, 0, 2, 9, 9, 5, 0, 9, 5, 0, 2, 9, 9, 5, 0, 8, 5);[42.75, 50, 50, 50]
(0, 1.0, 0, 2, 9, 9, 5, 0, 9, 5, 0, 2, 9, 9, 5, 0, 9, 5);[42.75, 42.75, 42.95, 50]
(1, 0.0, 0, 2, 9, 9, 5, 0, 9, 5, 0, 2, 9, 9, 5, 0, 9, 5);[42.75, 42.75, 50, 50]
(1, 1.0, 0, 2, 9, 9, 5, 0, 9, 5, 0, 2, 9, 9, 5, 0, 9, 5);[42.65, 50, 50, 50]
(0, 0.0, 0, 2, 9, 9, 5, 0, 9, 5, 0, 2, 9, 9, 5, 0, 9, 5);[42.65, 42.65, 50, 50]
(2, 0.0, 0, 2, 8, 9, 5, 0, 9, 5, 0, 2, 7, 9, 5, 0, 9, 5);[43.15, 50, 50, 50]
(2, 0.0, 0, 2, 7, 9, 5, 0, 9, 5, 0, 2, 6, 9, 5, 0, 9, 5);[43.15, 50, 50, 50]
(2, 1.0, 0, 2, 6, 9, 5, 0, 9, 5, 0, 2, 6, 9, 5, 0, 9, 5);[43.15, 50, 50, 50]
(0, 0.0, 0, 2, 6, 9, 5, 0, 9, 5, 0, 2, 6, 9, 5, 0, 9, 5);[43.15, 43.15, 50, 50]
(0, 1.0, 0, 2, 6, 9, 5, 0, 9, 5, 0, 2, 6, 9, 5, 0, 9, 5);[43.05, 43.35, 50, 50]
(1, 0.0, 0, 1, 6, 9, 5, 0, 9, 5, 0, 0, 6, 9, 5, 0, 9, 5);[43.45, 43.45, 50, 50]
(1, 1.0, 0, 0, 6, 9, 5, 0, 9, 5, 0, 0, 6, 9, 5, 0, 9, 5);[43.55, 50, 50, 50]
(0, 0.0, 0, 0, 6, 9, 5, 0, 9, 5, 0, 0, 6, 9, 4, 0, 9, 5);[44.05, 50, 50, 50]
(0, 0.0, 0, 0, 6, 9, 4, 0, 9, 5, 0, 0, 6, 9, 1, 0, 9, 5);[44.25, 50, 50, 50]
(0, 1.0, 0, 0, 6, 9, 2, 0, 9, 5, 0, 0, 6, 9, 0, 0, 9, 5);[44.25, 50, 50, 50]
(0, 1.0, 0, 0, 6, 9, 1, 0, 9, 5, 0, 0, 6, 9, 0, 0, 9, 5);[44.25, 50, 50, 50]
(0, 1.0, 0, 0, 6, 9, 0, 0, 9, 5, 0, 0, 6, 9, 0, 0, 9, 5);[44.25, 44.35, 50, 50]
(1, 0.0, 0, 0, 6, 9, 0, 0, 9, 5, 0, 0, 6, 9, 0, 0, 9, 5);[44.35, 50, 50, 50]
(1, 0.0, 0, 0, 6, 9, 0, 0, 9, 6, 0, 0, 6, 9, 0, 0, 9, 5);[44.35, 50, 50, 50]
(1, 1.0, 0, 0, 6, 9, 0, 0, 9, 6, 0, 0, 6, 9, 0, 0, 9, 5);[44.25, 50, 50, 50]
(0, 0.0, 0, 0, 6, 9, 0, 0, 9, 6, 0, 0, 6, 9, 0, 0, 9, 6);[38.975, 44.25, 44.15, 44.15]
(0, 1.0, 0, 0, 6, 9, 0, 0, 9, 6, 0, 0, 6, 9, 0, 0, 9, 6);[44.25, 44.25, 44.15, 44.75]
(1, 0.0, 0, 0, 6, 9, 0, 0, 9, 6, 0, 0, 6, 9, 0, 0, 9, 6);[44.25, 44.25, 50, 50]
(1, 1.0, 0, 0, 6, 9, 0, 0, 9, 6, 0, 0, 6, 9, 0, 0, 9, 6);[44.25, 50, 50, 50]
(0, 0.0, 0, 0, 6, 9, 1, 0, 9, 6, 0, 0, 6, 9, 0, 0, 9, 6);[44.15, 50, 50, 50]
(2, 0.0, 0, 0, 6, 9, 0, 0, 9, 6, 0, 0, 6, 9, 0, 0, 9, 6);[44.15, 44.15, 50, 50]
(2, 1.0, 0, 0, 6, 9, 0, 0, 9, 6, 0, 0, 6, 9, 0, 0, 9, 6);[44.15, 50, 50, 50]
(3, 0.0, 0, 0, 6, 8, 0, 0, 9, 6, 0, 0, 6, 7, 0, 0, 9, 5);[45.55, 50, 50, 50]
(3, 0.0, 0, 0, 5, 8, 0, 0, 9, 5, 0, 0, 5, 5, 0, 0, 9, 3);[46.95, 50, 50, 50]
(3, 1.0, 0, 0, 5, 6, 0, 0, 9, 3, 0, 0, 2, 2, 0, 0, 9, 1);[47.55, 50, 50, 50]
(0, 0.0, 0, 0, 5, 6, 0, 0, 9, 3, 0, 0, 0, 2, 0, 0, 9, 0);[46.95, 50, 50, 50]
(0, 0.0, 0, 0, 4, 8, 0, 0, 9, 3, 0, 0, 1, 2, 0, 0, 9, 2);[46.15, 50, 50, 50]
(0, 1.0, 0, 0, 5, 8, 0, 0, 9, 3, 0, 0, 2, 5, 0, 0, 9, 3);[45.75, 50, 50, 50]
(0, 1.0, 0, 0, 5, 8, 0, 0, 9, 3, 0, 0, 3, 6, 0, 0, 9, 3);[45.35, 50, 50, 50]
(0, 1.0, 0, 0, 5, 8, 0, 0, 9, 3, 0, 0, 4, 8, 0, 0, 9, 3);[45.05, 50, 50, 50]
(0, 1.0, 0, 0, 5, 8, 0, 0, 9, 3, 0, 0, 5, 8, 0, 0, 9, 3);[45.05, 50, 50, 50]
(0, 1.0, 0, 0, 6, 8, 0, 0, 9, 3, 0, 0, 5, 8, 0, 0, 9, 3);[44.95, 50, 50, 50]
(0, 1.0, 0, 0, 6, 8, 0, 0, 9, 3, 0, 0, 6, 8, 0, 0, 9, 3);[44.85, 44.85, 50, 50]
(1, 0.0, 0, 0, 6, 8, 0, 0, 9, 3, 0, 0, 6, 8, 0, 0, 9, 3);[44.85, 44.85, 50, 50]
(1, 1.0, 0, 0, 6, 8, 0, 0, 9, 3, 0, 0, 6, 8, 0, 0, 9, 3);[44.85, 50, 50, 50]
(0, 0.0, 0, 0, 6, 8, 0, 0, 9, 3, 0, 0, 6, 8, 0, 0, 9, 3);[44.85, 44.85, 50, 50]
(0, 1.0, 0, 0, 7, 8, 0, 0, 9, 3, 0, 0, 6, 8, 0, 0, 9, 3);[44.85, 44.75, 50, 50]
(1, 0.0, 0, 0, 7, 8, 0, 0, 9, 3, 0, 0, 7, 8, 0, 0, 9, 3);[44.75, 44.75, 50, 50]
(1, 1.0, 0, 0, 7, 8, 0, 0, 9, 3, 0, 0, 7, 8, 0, 0, 9, 3);[44.75, 50, 50, 50]
(0, 0.0, 0, 0, 7, 8, 0, 0, 9, 3, 0, 0, 7, 8, 0, 0, 9, 3);[44.75, 50, 50, 50]
(0, 0.0, 0, 0, 8, 8, 0, 0, 9, 3, 0, 0, 7, 8, 0, 0, 9, 3);[44.55, 50, 50, 50]
(0, 1.0, 0, 0, 8, 8, 0, 0, 9, 3, 0, 0, 8, 8, 0, 0, 9, 3);[44.55, 50, 50, 50]
(0, 1.0, 0, 0, 8, 8, 0, 0, 9, 4, 0, 0, 8, 8, 0, 0, 9, 3);[44.55, 44.45, 50, 50]
(1, 0.0, 0, 0, 8, 8, 0, 0, 9, 4, 0, 0, 8, 8, 0, 0, 9, 4);[44.25, 50, 50, 50]
(1, 0.0, 0, 0, 9, 8, 0, 0, 9, 4, 0, 0, 8, 8, 0, 0, 9, 4);[44.05, 50, 50, 50]
(1, 1.0, 0, 0, 9, 8, 0, 0, 9, 4, 0, 0, 9, 8, 0, 0, 9, 4);[44.05, 44.05, 44.35, 50]
(0, 0.0, 0, 0, 9, 8, 0, 0, 9, 4, 0, 0, 9, 8, 0, 0, 9, 4);[44.05, 44.05, 50, 50]
(0, 1.0, 0, 0, 9, 8, 0, 0, 9, 4, 0, 0, 9, 8, 0, 0, 9, 4);[44.05, 44.05, 50, 50]
(1, 0.0, 0, 0, 9, 8, 0, 0, 9, 4, 0, 0, 9, 8, 0, 0, 9, 4);[44.05, 44.05, 50, 50]
(2, 0.0, 0, 0, 9, 8, 0, 0, 9, 4, 0, 0, 8, 8, 0, 0, 9, 4);[44.85, 50, 50, 50]
(2, 0.0, 0, 0, 8, 8, 0, 0, 9, 4, 0, 0, 5, 8, 0, 0, 9, 4);[45.25, 50, 50, 50]
(2, 1.0, 0, 0, 6, 8, 0, 0, 9, 4, 0, 0, 2, 8, 0, 0, 9, 4);[45.55, 50, 50, 50]
(0, 0.0, 0, 0, 6, 8, 0, 0, 9, 4, 0, 0, 1, 8, 0, 0, 9, 4);[45.45, 50, 50, 50]
(0, 0.0, 0, 0, 6, 9, 0, 0, 9, 4, 0, 0, 1, 8, 0, 0, 9, 4);[44.95, 50, 50, 50]
(0, 1.0, 0, 0, 6, 9, 0, 0, 9, 4, 0, 0, 4, 9, 0, 0, 9, 4);[44.65, 50, 50, 50]
(0, 1.0, 0, 0, 6, 9, 0, 0, 9, 4, 0, 0, 5, 9, 0, 0, 9, 4);[44.55, 50, 50, 50]
(0, 1.0, 0, 0, 6, 9, 1, 0, 9, 4, 0, 0, 6, 9, 0, 0, 9, 4);[44.55, 44.55, 44.55, 50]
(1, 0.0, 0, 0, 6, 9, 1, 0, 9, 4, 0, 0, 6, 9, 0, 0, 9, 4);[44.35, 50, 50, 50]
(1, 0.0, 0, 0, 6, 9, 1, 0, 9, 4, 0, 0, 6, 9, 1, 0, 9, 4);[44.35, 50, 50, 50]
(1, 1.0, 0, 0, 6, 9, 1, 0, 9, 4, 0, 0, 6, 9, 1, 0, 9, 4);[44.55, 50, 50, 50]
(0, 0.0, 0, 0, 6, 9, 0, 0, 9, 4, 0, 0, 6, 9, 0, 0, 9, 4);[44.45, 44.45, 44.35, 50]
(0, 1.0, 0, 0, 6, 9, 0, 0, 9, 4, 0, 0, 6, 9, 0, 0, 9, 4);[44.45, 44.35, 50, 50]
(1, 0.0, 0, 0, 6, 9, 0, 0, 9, 4, 0, 0, 6, 9, 0, 0, 9, 4);[44.35, 44.35, 50, 50]
(1, 1.0, 0, 0, 6, 9, 0, 0, 9, 4, 0, 0, 6, 9, 0, 0, 9, 4);[44.35, 50, 50, 50]
(0, 0.0, 0, 0, 6, 9, 1, 0, 9, 4, 0, 0, 6, 9, 0, 0, 9, 4);[44.35, 50, 50, 50]
(2, 0.0, 0, 0, 6, 9, 1, 0, 9, 4, 0, 0, 5, 9, 0, 0, 9, 4);[44.95, 50, 50, 50]
(2, 0.0, 0, 0, 5, 9, 1, 0, 9, 4, 0, 0, 2, 9, 1, 0, 9, 4);[45.35, 50, 50, 50]
(2, 1.0, 0, 0, 3, 9, 1, 0, 9, 4, 0, 0, 0, 9, 1, 0, 9, 4);[45.25, 50, 50, 50]
(0, 0.0, 0, 0, 3, 9, 1, 0, 9, 4, 0, 0, 0, 9, 1, 0, 9, 4);[44.95, 50, 50, 50]
(0, 0.0, 0, 0, 3, 9, 1, 0, 9, 4, 0, 0, 2, 9, 1, 0, 9, 4);[44.55, 50, 50, 50]
(0, 1.0, 0, 0, 3, 9, 1, 0, 9, 4, 0, 0, 3, 9, 1, 0, 9, 4);[44.55, 44.55, 50, 50]
(1, 0.0, 0, 0, 3, 9, 1, 0, 9, 4, 0, 0, 3, 9, 1, 0, 9, 4);[44.55, 44.55, 50, 50]
(1, 1.0, 0, 0, 3, 9, 2, 0, 9, 4, 0, 0, 3, 9, 1, 0, 9, 4);[44.55, 50, 50, 50]
(0, 0.0, 0, 0, 3, 9, 2, 0, 9, 4, 0, 0, 3, 9, 1, 0, 9, 4);[44.45, 50, 50, 50]
(0, 0.0, 0, 0, 4, 9, 2, 0, 9, 4, 0, 0, 3, 9, 2, 0, 9, 4);[44.45, 50, 50, 50]
(0, 1.0, 0, 0, 4, 9, 2, 0, 9, 4, 0, 0, 3, 9, 2, 0, 9, 4);[44.25, 50, 50, 50]
(0, 1.0, 0, 0, 4, 9, 2, 0, 9, 4, 0, 0, 4, 9, 2, 0, 9, 4);[44.25, 50, 50, 50]
(0, 1.0, 0, 0, 4, 9, 2, 0, 9, 5, 0, 0, 4, 9, 2, 0, 9, 4);[44.15, 50, 50, 50]
(0, 1.0, 0, 0, 4, 9, 2, 0, 9, 5, 0, 0, 4, 9, 2, 0, 9, 5);[44.15, 44.15, 50, 50]
(1, 0.0, 0, 0, 4, 9, 2, 0, 9, 5, 0, 0, 4, 9, 2, 0, 9, 5);[44.25, 50, 50, 50]
(1, 0.0, 0, 0, 5, 9, 2, 0, 9, 5, 0, 0, 4, 9, 2, 0, 9, 5);[44.15, 50, 50, 50]
(1, 1.0, 0, 0, 5, 9, 2, 0, 9, 5, 0, 0, 5, 9, 2, 0, 9, 5);[44.45, 50, 50, 50]
(0, 0.0, 0, 0, 5, 9, 1, 0, 9, 5, 0, 0, 5, 9, 0, 0, 9, 5);[44.55, 50, 50, 50]
(0, 0.0, 0, 0, 5, 9, 0, 0, 9, 5, 0, 0, 5, 9, 0, 0, 9, 5);[44.55, 44.55, 44.55, 50]
(0, 1.0, 0, 0, 5, 9, 0, 0, 9, 5, 0, 0, 5, 9, 0, 0, 9, 5);[44.55, 44.55, 45.15, 50]
(1, 0.0, 0, 0, 5, 9, 0, 0, 9, 5, 0, 0, 5, 9, 0, 0, 9, 5);[44.55, 44.55, 50, 50]
(1, 1.0, 0, 0, 5, 9, 0, 0, 9, 5, 0, 0, 5, 9, 0, 0, 9, 5);[44.55, 50, 50, 50]
(2, 0.0, 0, 0, 4, 9, 0, 0, 9, 5, 0, 0, 3, 9, 0, 0, 8, 5);[46.05, 50, 50, 50]
(2, 0.0, 0, 0, 3, 9, 0, 0, 8, 5, 0, 0, 1, 9, 0, 0, 5, 5);[46.45, 50, 50, 50]
(2, 1.0, 0, 0, 1, 9, 0, 0, 7, 5, 0, 0, 1, 9, 0, 0, 3, 5);[46.45, 50, 50, 50]
(0, 0.0, 0, 0, 1, 9, 1, 0, 7, 5, 0, 0, 1, 9, 0, 0, 2, 5);[46.35, 50, 50, 50]
(0, 0.0, 0, 0, 1, 9, 2, 0, 8, 5, 0, 0, 1, 9, 0, 0, 3, 5);[45.95, 50, 50, 50]
(0, 1.0, 0, 0, 1, 9, 3, 0, 8, 5, 0, 0, 1, 9, 0, 0, 4, 5);[45.35, 50, 50, 50]
(0, 1.0, 0, 0, 1, 9, 4, 0, 9, 5, 0, 0, 1, 9, 2, 0, 6, 5);[44.75, 50, 50, 50]
(0, 1.0, 0, 0, 1, 9, 4, 0, 9, 5, 0, 0, 1, 9, 3, 0, 8, 5);[44.45, 50, 50, 50]
(0, 1.0, 0, 0, 1, 9, 4, 0, 9, 5, 0, 0, 1, 9, 4, 0, 9, 5);[44.45, 50, 50, 50]
(0, 1.0, 1, 0, 1, 9, 4, 0, 9, 5, 0, 0, 1, 9, 4, 0, 9, 5);[44.35, 50, 50, 50]
(0, 1.0, 1, 1, 1, 9, 4, 0, 9, 5, 0, 0, 1, 9, 4, 0, 9, 5);[44.25, 50, 50, 50]
(0, 1.0, 0, 1, 1, 9, 5, 0, 9, 5, 0, 0, 1, 9, 4, 0, 9, 5);[44.25, 44.25, 50, 50]
(1, 0.0, 0, 0, 2, 9, 5, 0, 9, 5, 0, 0, 1, 9, 5, 0, 9, 5);[44.15, 50, 50, 50]
(1, 0.0, 0, 0, 2, 9, 5, 0, 9, 5, 0, 0, 2, 9, 5, 0, 9, 5);[44.15, 50, 50, 50]
(1, 1.0, 0, 0, 2, 9, 5, 0, 9, 5, 0, 0, 2, 9, 5, 0, 9, 5);[44.45, 44.05, 44.45, 50]
(0, 0.0, 0, 0, 2, 9, 5, 0, 9, 5, 0, 0, 2, 9, 3, 0, 9, 5);[44.85, 50, 50, 50]
(0, 0.0, 0, 0, 2, 9, 4, 0, 9, 5, 0, 0, 2, 9, 1, 0, 9, 5);[44.65, 50, 50, 50]
(0, 1.0, 0, 0, 2, 9, 4, 0, 9, 5, 0, 0, 2, 9, 2, 0, 9, 5);[44.45, 50, 50, 50]
(0, 1.0, 0, 0, 2, 9, 4, 0, 9, 5, 0, 0, 2, 9, 3, 0, 9, 5);[44.15, 50, 50, 50]
(0, 1.0, 0, 0, 2, 9, 4, 0, 9, 5, 0, 0, 2, 9, 4, 0, 9, 5);[44.15, 44.15, 50, 50]
(1, 0.0, 0, 0, 2, 9, 5, 0, 9, 5, 0, 0, 2, 9, 4, 0, 9, 5);[44.15, 44.05, 50, 50]
(2, 0.0, 0, 0, 1, 9, 5, 0, 9, 5, 0, 0, 1, 9, 5, 0, 8, 5);[50, 50, 44.95, 50]
(2, 0.0, 0, 0, 1, 9, 5, 0, 8, 5, 0, 0, 1, 9, 5, 0, 5, 5);[45.25, 50, 50, 50]
(2, 1.0, 0, 0, 1, 9, 5, 0, 8, 5, 0, 0, 1, 9, 5, 0, 3, 5);[45.65, 50, 50, 50]
(0, 0.0, 0, 0, 1, 9, 5, 0, 8, 5, 0, 0, 1, 9, 3, 0, 3, 5);[45.95, 50, 50, 50]
(0, 0.0, 0, 0, 1, 9, 4, 0, 8, 5, 0, 0, 1, 9, 1, 0, 3, 5);[45.25, 50, 50, 50]
(0, 1.0, 0, 0, 1, 9, 5, 0, 9, 5, 0, 0, 1, 9, 2, 0, 6, 5);[44.85, 50, 50, 50]
(0, 1.0, 0, 0, 1, 9, 6, 0, 9, 5, 0, 0, 1, 9, 3, 0, 7, 5);[44.15, 50, 50, 50]
(0, 1.0, 0, 0, 1, 9, 7, 0, 9, 5, 0, 0, 1, 9, 5, 0, 9, 5);[43.75, 50, 50, 50]
(0, 1.0, 0, 0, 1, 9, 7, 0, 9, 5, 0, 0, 1, 9, 7, 0, 9, 5);[43.65, 43.75, 50, 50]
(1, 0.0, 0, 0, 1, 9, 7, 0, 9, 5, 0, 0, 1, 9, 7, 0, 9, 5);[43.75, 50, 50, 50]
(1, 0.0, 0, 0, 2, 9, 7, 0, 9, 5, 0, 0, 1, 9, 7, 0, 9, 5);[43.75, 50, 50, 50]
(1, 1.0, 0, 0, 2, 9, 7, 0, 9, 5, 0, 0, 1, 9, 7, 0, 9, 5);[43.65, 50, 50, 50]
(0, 0.0, 0, 0, 2, 9, 8, 0, 9, 5, 0, 0, 2, 9, 7, 0, 9, 5);[43.95, 50, 50, 50]
(0, 0.0, 0, 0, 2, 9, 7, 0, 9, 5, 0, 0, 2, 9, 5, 0, 9, 5);[44.35, 50, 50, 50]
(0, 1.0, 0, 0, 2, 9, 6, 0, 9, 5, 0, 0, 2, 9, 3, 0, 9, 5);[44.85, 50, 50, 50]
(0, 1.0, 0, 0, 2, 9, 4, 0, 9, 5, 0, 0, 2, 9, 0, 0, 9, 5);[44.95, 50, 50, 50]
(0, 1.0, 0, 0, 2, 9, 2, 0, 9, 5, 0, 0, 2, 9, 0, 0, 9, 5);[44.95, 50, 50, 50]
(0, 1.0, 0, 0, 4, 9, 1, 0, 9, 5, 0, 0, 2, 9, 0, 0, 9, 5);[44.35, 50, 50, 50]
(0, 1.0, 0, 0, 5, 9, 1, 0, 9, 5, 0, 0, 4, 9, 1, 0, 9, 5);[44.15, 50, 50, 50]
(0, 1.0, 0, 0, 5, 9, 1, 0, 9, 5, 0, 0, 5, 9, 1, 0, 9, 5);[44.15, 44.15, 44.35, 44.55]
(1, 0.0, 0, 0, 5, 9, 1, 0, 9, 5, 0, 0, 5, 9, 1, 0, 9, 5);[44.05, 44.05, 50, 50]
(1, 1.0, 0, 0, 5, 9, 1, 0, 9, 5, 0, 0, 5, 9, 1, 0, 9, 5);[44.05, 50, 50, 50]
(0, 0.0, 0, 0, 5, 9, 1, 0, 9, 5, 0, 0, 5, 9, 1, 0, 9, 5);[44.05, 44.05, 50, 50]
(2, 0.0, 0, 0, 5, 9, 1, 0, 9, 5, 0, 0, 5, 9, 1, 0, 8, 5);[44.75, 50, 50, 50]
(2, 0.0, 0, 0, 5, 9, 1, 0, 9, 5, 0, 0, 5, 9, 1, 0, 5, 5);[44.75, 50, 50, 50]
(2, 1.0, 0, 0, 5, 9, 1, 0, 9, 5, 0, 0, 5, 9, 1, 0, 5, 5);[44.95, 50, 50, 50]
(0, 0.0, 0, 0, 5, 9, 1, 0, 9, 5, 0, 0, 5, 9, 1, 0, 4, 5);[44.75, 50, 50, 50]
(0, 0.0, 0, 0, 5, 9, 1, 0, 9, 5, 0, 0, 5, 9, 1, 0, 5, 5);[44.35, 50, 50, 50]
(0, 1.0, 0, 0, 5, 9, 1, 0, 9, 5, 0, 0, 5, 9, 1, 0, 7, 5);[44.05, 50, 50, 50]
(3, 0.0, 0, 0, 5, 9, 1, 0, 9, 5, 0, 0, 5, 8, 1, 0, 9, 4);[45.85, 50, 50, 50]
(3, 0.0, 0, 0, 5, 8, 1, 0, 9, 4, 0, 0, 4, 5, 1, 0, 9, 1);[46.35, 50, 50, 50]
(3, 1.0, 0, 0, 5, 6, 1, 0, 9, 2, 0, 0, 3, 4, 1, 0, 9, 0);[46.45, 50, 50, 50]
(0, 0.0, 0, 1, 4, 7, 1, 0, 9, 2, 0, 0, 2, 4, 1, 0, 9, 0);[46.15, 50, 50, 50]
(0, 0.0, 0, 1, 4, 8, 1, 0, 9, 2, 0, 0, 2, 5, 1, 0, 9, 1);[45.95, 50, 50, 50]
(0, 1.0, 0, 1, 4, 8, 1, 0, 9, 2, 0, 1, 2, 4, 1, 0, 9, 2);[45.65, 50, 50, 50]
(0, 1.0, 0, 1, 4, 8, 2, 0, 9, 2, 0, 1, 2, 5, 1, 0, 9, 2);[45.35, 50, 50, 50]
(0, 1.0, 0, 1, 3, 8, 2, 0, 9, 2, 0, 1, 3, 6, 1, 0, 9, 2);[44.95, 50, 50, 50]
(0, 1.0, 0, 1, 3, 8, 2, 0, 9, 2, 0, 1, 3, 8, 2, 0, 9, 2);[44.95, 44.95, 44.85, 45.45]
(1, 0.0, 0, 1, 3, 8, 2, 0, 9, 2, 0, 1, 3, 8, 2, 0, 9, 2);[44.95, 44.95, 50, 50]
(1, 1.0, 0, 1, 3, 8, 2, 0, 9, 2, 0, 1, 3, 8, 2, 0, 9, 2);[44.95, 50, 50, 50]
(0, 0.0, 0, 1, 3, 8, 2, 0, 9, 2, 0, 1, 3, 8, 2, 0, 9, 2);[44.85, 44.85, 44.85, 44.85]
(2, 0.0, 0, 1, 3, 8, 2, 0, 9, 2, 0, 1, 3, 8, 2, 0, 9, 2);[44.75, 44.75, 50, 50]
(2, 1.0, 0, 1, 3, 8, 2, 0, 9, 2, 0, 1, 3, 8, 2, 0, 9, 2);[44.85, 50, 50, 50]
(3, 0.0, 0, 1, 3, 8, 2, 0, 9, 2, 0, 1, 3, 6, 2, 0, 9, 1);[46.25, 50, 50, 50]
(3, 0.0, 0, 1, 2, 7, 2, 0, 9, 1, 0, 1, 1, 5, 2, 0, 9, 0);[46.95, 50, 50, 50]
(3, 1.0, 0, 1, 2, 6, 2, 0, 9, 0, 0, 1, 0, 2, 2, 0, 9, 0);[47.05, 50, 50, 50]
(0, 0.0, 0, 1, 1, 7, 2, 0, 9, 0, 0, 1, 1, 1, 2, 0, 9, 0);[46.75, 50, 50, 50]
(0, 0.0, 0, 1, 3, 7, 2, 0, 9, 0, 0, 1, 1, 2, 2, 0, 9, 0);[46.55, 50, 50, 50]
(0, 1.0, 0, 1, 4, 7, 2, 0, 9, 0, 0, 1, 1, 3, 2, 0, 9, 0);[45.95, 50, 50, 50]
(0, 1.0, 0, 1, 4, 7, 2, 0, 9, 0, 0, 1, 3, 5, 2, 0, 9, 0);[45.55, 50, 50, 50]
(0, 1.0, 0, 1, 4, 7, 2, 0, 9, 0, 0, 1, 4, 6, 2, 0, 9, 0);[45.25, 50, 50, 50]
(0, 1.0, 0, 1, 4, 7, 3, 0, 9, 0, 0, 1, 4, 7, 2, 0, 9, 0);[45.25, 50, 50, 50]
(0, 1.0, 0, 1, 4, 8, 3, 0, 9, 0, 0, 1, 4, 7, 2, 0, 9, 0);[45.15, 50, 50, 50]
(0, 1.0, 0, 1, 5, 7, 3, 0, 9, 0, 0, 1, 4, 7, 3, 0, 9, 0);[44.85, 50, 50, 50]
(0, 1.0, 0, 1, 5, 7, 3, 0, 9, 0, 0, 1, 5, 7, 3, 0, 9, 0);[44.75, 44.85, 50, 50]
(1, 0.0, 0, 1, 5, 7, 4, 0, 9, 0, 0, 1, 5, 7, 3, 0, 9, 0);[44.85, 50, 50, 50]
(1, 0.0, 0, 1, 5, 7, 4, 0, 9, 1, 0, 1, 5, 7, 3, 0, 9, 0);[44.65, 50, 50, 50]
(1, 1.0, 0, 1, 5, 7, 4, 0, 9, 1, 0, 1, 5, 7, 4, 0, 9, 0);[44.65, 50, 50, 50]
(0, 0.0, 0, 1, 5, 7, 4, 0, 9, 1, 0, 1, 5, 7, 4, 0, 9, 0);[44.55, 50, 50, 50]
(0, 0.0, 0, 1, 5, 7, 4, 0, 9, 1, 0, 1, 5, 7, 4, 0, 9, 1);[44.55, 50, 50, 50]
(0, 1.0, 0, 1, 5, 7, 4, 0, 9, 1, 0, 1, 5, 7, 4, 0, 9, 1);[44.55, 44.55, 50, 50]
(1, 0.0, 0, 1, 5, 7, 4, 0, 9, 1, 0, 1, 5, 7, 4, 0, 9, 1);[44.55, 44.55, 50, 50]
(1, 1.0, 0, 1, 5, 7, 4, 0, 9, 1, 0, 1, 5, 7, 4, 0, 9, 1);[44.55, 50, 50, 50]
(0, 0.0, 0, 1, 6, 7, 4, 0, 9, 1, 0, 1, 5, 7, 4, 0, 9, 1);[44.45, 50, 50, 50]
(0, 0.0, 0, 1, 6, 7, 4, 0, 9, 1, 0, 1, 6, 7, 4, 0, 9, 1);[44.35, 50, 50, 50]
(0, 1.0, 0, 1, 7, 7, 4, 0, 9, 1, 0, 1, 6, 7, 4, 0, 9, 1);[44.25, 44.15, 50, 50]
(1, 0.0, 0, 1, 7, 7, 4, 0, 9, 1, 0, 1, 7, 7, 4, 0, 9, 1);[44.15, 44.15, 50, 50]
(1, 1.0, 0, 1, 8, 7, 4, 0, 9, 1, 0, 1, 7, 7, 4, 0, 9, 1);[43.95, 50, 50, 50]
(0, 0.0, 0, 1, 8, 7, 4, 0, 9, 1, 0, 1, 8, 7, 4, 0, 9, 1);[43.95, 50, 50, 50]
(0, 0.0, 1, 1, 8, 7, 4, 0, 9, 1, 0, 1, 8, 7, 4, 0, 9, 1);[43.95, 50, 50, 50]
(0, 1.0, 2, 2, 8, 7, 4, 0, 9, 1, 0, 1, 8, 7, 4, 0, 9, 1);[43.95, 50, 50, 50]
(0, 1.0, 0, 2, 8, 7, 4, 0, 9, 1, 0, 1, 8, 7, 4, 0, 9, 1);[43.95, 43.95, 50, 50]
(1, 0.0, 0, 2, 8, 7, 4, 0, 9, 2, 0, 1, 8, 7, 4, 0, 9, 1);[43.85, 50, 50, 50]
(1, 0.0, 0, 2, 8, 7, 4, 0, 9, 2, 0, 2, 8, 7, 4, 0, 9, 1);[43.85, 50, 50, 50]
(1, 1.0, 0, 2, 8, 7, 4, 0, 9, 2, 0, 2, 8, 7, 4, 0, 9, 1);[43.75, 50, 50, 50]
(0, 0.0, 0, 2, 8, 7, 4, 0, 9, 2, 0, 2, 8, 7, 4, 0, 9, 2);[43.75, 50, 50, 50]
(0, 0.0, 0, 2, 9, 7, 4, 0, 9, 2, 0, 2, 8, 7, 4, 0, 9, 2);[43.65, 50, 50, 50]
(0, 1.0, 0, 2, 9, 7, 4, 0, 9, 2, 0, 2, 9, 7, 4, 0, 9, 2);[43.65, 43.65, 50, 50]
(1, 0.0, 0, 2, 9, 7, 4, 0, 9, 2, 0, 2, 9, 7, 4, 0, 9, 2);[43.65, 43.65, 50, 50]
(1, 1.0, 0, 2, 9, 7, 4, 0, 9, 2, 0, 2, 9, 7, 4, 0, 9, 2);[43.65, 50, 50, 50]
(0, 0.0, 0, 2, 9, 7, 4, 0, 9, 2, 0, 2, 9, 7, 4, 0, 9, 2);[43.65, 50, 50, 50]
(0, 0.0, 0, 3, 9, 7, 4, 0, 9, 2, 0, 2, 9, 7, 4, 0, 9, 2);[43.55, 50, 50, 50]
(0, 1.0, 0, 3, 9, 7, 4, 0, 9, 2, 0, 2, 9, 7, 4, 0, 9, 2);[43.45, 50, 50, 50]
(0, 1.0, 0, 3, 9, 7, 4, 0, 9, 2, 0, 3, 9, 7, 4, 0, 9, 2);[43.45, 43.45, 50, 50]
(1, 0.0, 0, 3, 9, 7, 4, 0, 9, 2, 0, 3, 9, 7, 4, 0, 9, 2);[43.45, 43.45, 50, 50]
(1, 1.0, 0, 3, 9, 7, 4, 0, 9, 2, 0, 3, 9, 7, 4, 0, 9, 2);[43.45, 50, 50, 50]
(0, 0.0, 0, 3, 9, 7, 4, 0, 9, 2, 0, 3, 9, 7, 4, 0, 9, 2);[43.35, 43.35, 50, 50]
(0, 1.0, 0, 4, 9, 7, 4, 0, 9, 2, 0, 3, 9, 7, 4, 0, 9, 2);[43.15, 43.15, 50, 50]
(1, 0.0, 0, 4, 9, 7, 4, 0, 9, 2, 0, 4, 9, 7, 4, 0, 9, 2);[43.15, 43.15, 43.15, 50]
(1, 1.0, 0, 4, 9, 7, 4, 0, 9, 2, 0, 4, 9, 7, 4, 0, 9, 2);[43.15, 50, 50, 50]
(0, 0.0, 0, 4, 9, 7, 4, 0, 9, 2, 0, 4, 9, 7, 4, 0, 9, 2);[43.15, 43.15, 50, 50]
(0, 1.0, 0, 4, 9, 7, 4, 0, 9, 2, 0, 4, 9, 7, 4, 0, 9, 2);[43.15, 43.15, 43.35, 50]
(1, 0.0, 0, 4, 9, 7, 5, 0, 9, 2, 0, 4, 9, 7, 4, 0, 9, 2);[43.15, 50, 50, 50]
(1, 1.0, 0, 4, 9, 7, 5, 0, 9, 2, 0, 4, 9, 7, 4, 0, 9, 2);[43.35, 50, 50, 50]
(0, 0.0, 0, 4, 9, 7, 4, 0, 9, 2, 0, 4, 9, 7, 3, 0, 9, 2);[43.85, 50, 50, 50]
(0, 0.0, 0, 4, 9, 7, 4, 0, 9, 2, 0, 4, 9, 7, 0, 0, 9, 2);[43.55, 50, 50, 50]
(0, 1.0, 0, 4, 9, 7, 4, 0, 9, 2, 0, 4, 9, 7, 2, 0, 9, 2);[43.25, 50, 50, 50]
(2, 0.0, 0, 4, 9, 7, 4, 0, 9, 2, 0, 4, 8, 7, 4, 0, 9, 2);[43.35, 50, 50, 50]
(2, 0.0, 0, 4, 8, 7, 4, 0, 9, 2, 0, 4, 8, 7, 4, 0, 9, 2);[43.35, 50, 50, 50]
(2, 1.0, 0, 4, 8, 7, 4, 0, 9, 2, 0, 4, 8, 7, 4, 0, 9, 2);[43.35, 50, 50, 50]
(0, 0.0, 0, 4, 8, 7, 5, 0, 9, 2, 0, 4, 8, 7, 4, 0, 9, 2);[43.25, 50, 50, 50]
(0, 0.0, 0, 4, 8, 7, 6, 0, 9, 3, 0, 4, 8, 7, 4, 0, 9, 2);[43.05, 50, 50, 50]
(0, 1.0, 0, 4, 8, 7, 6, 1, 9, 3, 0, 4, 8, 7, 5, 0, 9, 2);[42.95, 50, 50, 50]
(0, 1.0, 0, 4, 8, 7, 6, 1, 9, 3, 0, 4, 8, 7, 6, 0, 9, 2);[42.75, 50, 50, 50]
(0, 1.0, 0, 4, 8, 7, 6, 1, 9, 4, 0, 4, 8, 7, 6, 0, 9, 3);[42.65, 50, 50, 50]
(0, 1.0, 0, 4, 8, 7, 6, 1, 9, 4, 0, 4, 8, 7, 6, 1, 9, 3);[42.45, 50, 50, 50]
(0, 1.0, 0, 4, 8, 7, 6, 1, 9, 4, 0, 4, 8, 7, 6, 1, 9, 4);[42.45, 42.65, 50, 50]
(1, 0.0, 0, 4, 8, 7, 6, 0, 9, 4, 0, 4, 8, 7, 6, 0, 9, 4);[42.65, 50, 50, 50]
(1, 0.0, 0, 4, 8, 8, 6, 0, 9, 4, 0, 4, 8, 7, 6, 0, 9, 4);[42.55, 50, 50, 50]
(1, 1.0, 0, 4, 8, 8, 6, 0, 9, 4, 0, 4, 8, 8, 6, 0, 9, 4);[42.45, 50, 50, 50]
(0, 0.0, 0, 4, 8, 8, 6, 0, 9, 4, 0, 4, 8, 8, 6, 0, 9, 4);[42.45, 42.45, 50, 50]
(0, 1.0, 0, 4, 8, 8, 6, 0, 9, 4, 0, 4, 8, 8, 6, 0, 9, 4);[42.35, 42.35, 50, 50]
(1, 0.0, 0, 4, 8, 8, 6, 0, 9, 4, 0, 4, 8, 8, 6, 0, 9, 4);[42.35, 50, 50, 50]
(1, 0.0, 0, 4, 8, 8, 7, 0, 9, 4, 0, 4, 8, 8, 6, 0, 9, 4);[42.25, 50, 50, 50]
(1, 1.0, 0, 4, 8, 8, 8, 0, 9, 4, 0, 4, 8, 8, 7, 0, 9, 4);[42.15, 50, 50, 50]
(0, 0.0, 0, 4, 8, 8, 8, 0, 9, 4, 0, 4, 8, 8, 8, 0, 9, 4);[42.15, 42.15, 42.05, 50]
(0, 1.0, 0, 4, 8, 8, 8, 0, 9, 4, 0, 4, 8, 8, 8, 0, 9, 4);[42.05, 42.05, 50, 50]
(1, 0.0, 0, 4, 8, 8, 8, 0, 9, 4, 0, 4, 8, 8, 8, 0, 9, 4);[42.05, 42.05, 50, 50]
(1, 1.0, 0, 4, 8, 8, 8, 0, 9, 4, 0, 4, 8, 8, 8, 0, 9, 4);[42.05, 50, 50, 50]
(0, 0.0, 0, 4, 8, 8, 9, 0, 9, 4, 0, 4, 8, 8, 8, 0, 9, 4);[41.95, 50, 50, 50]
(0, 1.0, 0, 4, 8, 8, 9, 0, 9, 4, 0, 4, 8, 8, 9, 0, 9, 4);[41.95, 41.95, 41.85, 42.35]
(1, 0.0, 0, 4, 8, 8, 9, 0, 9, 4, 0, 4, 8, 8, 9, 0, 9, 4);[41.85, 41.85, 50, 50]
(1, 1.0, 0, 4, 8, 8, 9, 0, 9, 4, 0, 4, 8, 8, 9, 0, 9, 4);[41.85, 50, 50, 50]
(0, 0.0, 0, 4, 8, 8, 9, 0, 9, 4, 0, 4, 8, 8, 9, 0, 9, 4);[41.85, 41.85, 41.85, 41.85]
(2, 0.0, 0, 4, 8, 8, 9, 0, 9, 4, 0, 4, 8, 8, 9, 0, 9, 4);[41.85, 41.85, 50, 50]
(2, 1.0, 0, 4, 8, 8, 9, 0, 9, 4, 0, 4, 8, 8, 9, 0, 9, 4);[41.85, 50, 50, 50]
(3, 0.0, 0, 4, 8, 8, 9, 0, 9, 3, 0, 4, 8, 7, 9, 0, 9, 2);[43.35, 50, 50, 50]
(3, 0.0, 0, 4, 8, 8, 9, 0, 9, 2, 0, 4, 6, 6, 9, 0, 9, 0);[43.95, 50, 50, 50]
(3, 1.0, 0, 4, 6, 7, 9, 0, 9, 1, 0, 4, 5, 4, 9, 0, 9, 0);[44.65, 50, 50, 50]
(0, 0.0, 0, 5, 5, 8, 9, 0, 9, 1, 0, 4, 2, 2, 9, 0, 9, 0);[45.05, 50, 50, 50]
(0, 0.0, 0, 5, 5, 8, 9, 0, 9, 1, 0, 4, 0, 2, 9, 0, 9, 1);[44.55, 50, 50, 50]
(0, 1.0, 0, 5, 6, 8, 9, 0, 9, 1, 0, 5, 1, 3, 9, 0, 9, 1);[43.95, 50, 50, 50]
(0, 1.0, 0, 5, 7, 8, 9, 0, 9, 1, 0, 5, 2, 5, 9, 0, 9, 1);[43.15, 50, 50, 50]
(0, 1.0, 0, 5, 8, 8, 9, 0, 9, 1, 0, 5, 5, 7, 9, 0, 9, 1);[42.55, 50, 50, 50]
(0, 1.0, 0, 5, 8, 8, 9, 0, 9, 1, 0, 5, 7, 8, 9, 0, 9, 1);[42.35, 50, 50, 50]
(0, 1.0, 0, 5, 9, 9, 9, 0, 9, 1, 0, 5, 8, 8, 9, 0, 9, 1);[42.05, 50, 50, 50]
(0, 1.0, 0, 5, 9, 9, 9, 0, 9, 1, 0, 5, 9, 9, 9, 0, 9, 1);[42.05, 42.05, 42.25, 50]
(1, 0.0, 0, 5, 9, 9, 9, 0, 9, 1, 0, 5, 9, 9, 9, 0, 9, 1);[42.05, 42.05, 50, 50]
(1, 1.0, 0, 5, 9, 9, 9, 0, 9, 1, 0, 5, 9, 9, 9, 0, 9, 1);[42.05, 50, 50, 50]
(0, 0.0, 0, 5, 9, 9, 9, 0, 9, 1, 0, 5, 9, 9, 9, 0, 9, 1);[42.05, 41.95, 50, 50]
(2, 0.0, 0, 5, 9, 9, 9, 0, 9, 1, 0, 5, 8, 9, 9, 0, 9, 1);[42.75, 50, 50, 50]
(2, 0.0, 0, 5, 8, 9, 9, 0, 9, 1, 0, 5, 5, 9, 9, 0, 9, 1);[42.95, 50, 50, 50]
(2, 1.0, 0, 5, 6, 9, 9, 0, 9, 1, 0, 5, 4, 9, 9, 0, 9, 1);[42.95, 50, 50, 50]
(0, 0.0, 0, 5, 6, 9, 9, 0, 9, 1, 0, 5, 4, 9, 9, 0, 9, 1);[42.65, 50, 50, 50]
(0, 0.0, 0, 5, 6, 9, 9, 0, 9, 1, 0, 5, 5, 9, 9, 0, 9, 1);[42.55, 50, 50, 50]
(0, 1.0, 0, 5, 6, 9, 9, 0, 9, 1, 0, 5, 6, 9, 9, 0, 9, 1);[42.55, 42.55, 50, 50]
(1, 0.0, 0, 5, 6, 9, 9, 0, 9, 1, 0, 5, 6, 9, 9, 0, 9, 1);[42.55, 50, 50, 50]
(1, 0.0, 0, 5, 6, 9, 9, 0, 9, 2, 0, 5, 6, 9, 9, 0, 9, 1);[42.45, 50, 50, 50]
(1, 1.0, 0, 5, 6, 9, 9, 0, 9, 2, 0, 5, 6, 9, 9, 0, 9, 1);[42.45, 50, 50, 50]
(0, 0.0, 0, 5, 6, 9, 9, 0, 9, 2, 0, 5, 6, 9, 9, 0, 9, 1);[42.35, 50, 50, 50]
(0, 0.0, 0, 5, 6, 9, 9, 0, 9, 2, 0, 5, 6, 9, 9, 0, 9, 2);[42.35, 42.35, 42.35, 50]
(0, 1.0, 0, 5, 6, 9, 9, 0, 9, 2, 0, 5, 6, 9, 9, 0, 9, 2);[42.35, 42.35, 42.65, 50]
(1, 0.0, 0, 5, 6, 9, 9, 0, 9, 2, 0, 5, 6, 9, 9, 0, 9, 2);[42.35, 42.35, 50, 50]
(1, 1.0, 0, 5, 6, 9, 9, 0, 9, 2, 0, 5, 6, 9, 9, 0, 9, 2);[42.35, 50, 50, 50]
(2, 0.0, 0, 5, 5, 9, 9, 0, 9, 2, 0, 5, 4, 9, 9, 0, 9, 2);[42.75, 50, 50, 50]
(2, 0.0, 0, 5, 4, 9, 9, 0, 9, 2, 0, 5, 4, 9, 9, 0, 9, 2);[36.225, 42.75, 42.75, 42.75]
(2, 1.0, 0, 5, 4, 9, 9, 0, 9, 2, 0, 5, 4, 9, 9, 0, 9, 2);[42.75, 42.75, 42.75, 43.35]
(0, 0.0, 0, 5, 4, 9, 9, 0, 9, 2, 0, 5, 4, 9, 9, 0, 9, 2);[42.75, 42.75, 42.75, 42.75]
(0, 1.0, 0, 5, 4, 9, 9, 0, 9, 2, 0, 5, 4, 9, 9, 0, 9, 2);[42.75, 42.75, 42.75, 50]
(1, 0.0, 0, 5, 4, 9, 9, 0, 9, 2, 0, 5, 4, 9, 9, 0, 9, 2);[42.75, 42.75, 42.75, 42.75]
(1, 1.0, 0, 5, 4, 9, 9, 0, 9, 2, 0, 5, 4, 9, 9, 0, 9, 2);[42.75, 42.75, 42.75, 50]
(3, 0.0, 0, 5, 4, 8, 9, 0, 9, 1, 0, 5, 4, 7, 9, 0, 9, 0);[44.25, 50, 50, 50]
(3, 0.0, 0, 5, 4, 8, 9, 0, 9, 0, 0, 5, 2, 4, 9, 0, 9, 0);[44.85, 50, 50, 50]
(3, 1.0, 0, 5, 3, 6, 9, 0, 9, 0, 0, 5, 0, 3, 9, 0, 9, 0);[45.25, 50, 50, 50]
(0, 0.0, 0, 5, 3, 6, 9, 0, 9, 0, 0, 5, 0, 1, 9, 0, 9, 0);[44.95, 50, 50, 50]
(0, 0.0, 0, 5, 4, 6, 9, 0, 9, 0, 0, 5, 0, 2, 9, 0, 9, 0);[44.25, 50, 50, 50]
(0, 1.0, 0, 5, 5, 6, 9, 0, 9, 0, 0, 5, 2, 4, 9, 0, 9, 0);[43.65, 50, 50, 50]
(0, 1.0, 0, 5, 5, 7, 9, 0, 9, 0, 0, 5, 4, 6, 9, 0, 9, 0);[43.35, 50, 50, 50]
(0, 1.0, 0, 5, 5, 8, 9, 0, 9, 0, 0, 5, 5, 6, 9, 0, 9, 0);[43.15, 50, 50, 50]
(0, 1.0, 0, 5, 5, 8, 9, 0, 9, 0, 0, 5, 5, 8, 9, 0, 9, 0);[43.05, 50, 50, 50]
(0, 1.0, 0, 5, 6, 8, 9, 0, 9, 0, 0, 5, 5, 8, 9, 0, 9, 0);[42.95, 42.85, 50, 50]
(1, 0.0, 0, 5, 6, 8, 9, 0, 9, 0, 0, 5, 6, 8, 9, 0, 9, 0);[42.75, 42.75, 50, 50]
(1, 1.0, 0, 5, 6, 8, 9, 0, 9, 0, 0, 5, 6, 8, 9, 0, 9, 0);[42.85, 50, 50, 50]
(0, 0.0, 0, 5, 6, 8, 9, 0, 9, 0, 0, 5, 6, 8, 9, 0, 9, 0);[42.75, 50, 50, 50]
(0, 0.0, 0, 5, 7, 8, 9, 0, 9, 0, 0, 5, 6, 8, 9, 0, 9, 0);[42.65, 50, 50, 50]
(0, 1.0, 0, 5, 8, 9, 9, 0, 9, 0, 0, 5, 7, 8, 9, 0, 9, 0);[42.45, 50, 50, 50]
(0, 1.0, 0, 5, 8, 9, 9, 0, 9, 0, 0, 5, 8, 9, 9, 0, 9, 0);[42.35, 42.45, 50, 50]
(0, 1.0, 2, 5, 8, 9, 9, 0, 9, 0, 0, 5, 8, 9, 9, 0, 9, 0);[42.35, 50, 50, 50]
(0, 1.0, 2, 6, 8, 9, 9, 0, 9, 0, 0, 5, 8, 9, 9, 0, 9, 0);[42.35, 50, 50, 50]
(0, 1.0, 1, 6, 8, 9, 9, 0, 9, 0, 0, 5, 8, 9, 9, 0, 9, 0);[42.25, 50, 50, 50]
(0, 1.0, 0, 6, 8, 9, 9, 0, 9, 0, 0, 6, 8, 9, 9, 0, 9, 0);[42.25, 50, 50, 50]
(1, 0.0, 0, 5, 9, 9, 9, 0, 9, 0, 0, 4, 9, 9, 9, 0, 9, 0);[42.95, 50, 50, 50]
(1, 0.0, 0, 4, 9, 9, 9, 0, 9, 0, 0, 1, 9, 9, 9, 0, 9, 0);[43.15, 50, 50, 50]
(1, 1.0, 0, 2, 9, 9, 9, 0, 9, 0, 0, 0, 9, 9, 9, 0, 9, 0);[43.35, 50, 50, 50]
(0, 0.0, 0, 2, 9, 9, 9, 0, 9, 0, 0, 0, 9, 9, 8, 0, 9, 0);[43.55, 50, 50, 50]
(0, 0.0, 0, 2, 9, 9, 8, 0, 9, 0, 0, 2, 9, 9, 5, 0, 9, 0);[43.85, 50, 50, 50]
(0, 1.0, 0, 2, 9, 9, 6, 0, 9, 0, 0, 2, 9, 9, 2, 0, 9, 0);[44.25, 50, 50, 50]
(0, 1.0, 0, 2, 9, 9, 5, 0, 9, 0, 0, 2, 9, 9, 0, 0, 9, 0);[44.35, 50, 50, 50]
(0, 1.0, 0, 2, 9, 9, 4, 0, 9, 0, 0, 2, 9, 9, 0, 0, 9, 0);[44.35, 50, 50, 50]
(0, 1.0, 0, 2, 9, 9, 3, 0, 9, 0, 0, 2, 9, 9, 0, 0, 9, 0);[44.35, 50, 50, 50]
(0, 1.0, 0, 2, 9, 9, 2, 0, 9, 0, 0, 2, 9, 9, 0, 0, 9, 0);[44.35, 44.45, 50, 50]
(1, 0.0, 0, 2, 9, 9, 2, 0, 9, 0, 0, 1, 9, 9, 1, 0, 9, 0);[44.45, 50, 50, 50]
(1, 0.0, 0, 1, 9, 9, 2, 0, 9, 0, 0, 0, 9, 9, 2, 0, 9, 0);[44.05, 50, 50, 50]
(1, 1.0, 0, 1, 9, 9, 3, 0, 9, 0, 0, 1, 9, 9, 2, 0, 9, 0);[44.05, 50, 50, 50]
(0, 0.0, 0, 1, 9, 9, 3, 0, 9, 0, 0, 1, 9, 9, 2, 0, 9, 0);[43.85, 50, 50, 50]
(0, 0.0, 0, 1, 9, 9, 3, 0, 9, 0, 0, 1, 9, 9, 3, 0, 9, 0);[43.85, 50, 50, 50]
(0, 1.0, 0, 1, 9, 9, 3, 0, 9, 0, 0, 1, 9, 9, 3, 0, 9, 0);[50, 50, 50, 44.15]
(3, 0.0, 0, 1, 9, 9, 3, 0, 9, 0, 0, 1, 9, 8, 3, 0, 9, 0);[44.75, 50, 50, 50]
(3, 0.0, 0, 1, 9, 8, 3, 0, 9, 0, 0, 1, 8, 5, 3, 0, 9, 0);[44.95, 50, 50, 50]
(3, 1.0, 0, 1, 8, 8, 3, 0, 9, 0, 0, 1, 8, 3, 3, 0, 9, 0);[45.45, 50, 50, 50]
(0, 0.0, 0, 1, 8, 8, 3, 0, 9, 0, 0, 1, 6, 2, 3, 0, 9, 0);[44.85, 50, 50, 50]
(0, 0.0, 0, 1, 8, 8, 3, 0, 9, 0, 0, 1, 6, 6, 3, 0, 9, 0);[44.55, 50, 50, 50]
(0, 1.0, 0, 1, 7, 9, 3, 0, 9, 0, 0, 1, 6, 8, 3, 0, 9, 0);[44.25, 50, 50, 50]
(0, 1.0, 0, 1, 8, 9, 3, 0, 9, 0, 0, 1, 7, 9, 3, 0, 9, 0);[44.15, 50, 50, 50]
(0, 1.0, 0, 1, 8, 9, 3, 0, 9, 0, 0, 1, 8, 9, 3, 0, 9, 0);[44.15, 44.25, 50, 50]
(1, 0.0, 0, 1, 8, 9, 4, 0, 9, 0, 0, 1, 8, 9, 3, 0, 9, 0);[44.25, 44.15, 50, 50]
(1, 1.0, 0, 1, 8, 9, 4, 0, 9, 0, 0, 1, 8, 9, 4, 0, 9, 0);[44.15, 44.15, 44.35, 50]
(0, 0.0, 0, 1, 8, 9, 4, 0, 9, 0, 0, 1, 8, 9, 4, 0, 9, 0);[44.15, 44.15, 50, 50]
(0, 1.0, 0, 1, 8, 9, 4, 0, 9, 0, 0, 1, 8, 9, 4, 0, 9, 0);[44.15, 44.15, 50, 50]
(1, 0.0, 0, 1, 8, 9, 4, 0, 9, 0, 0, 1, 8, 9, 4, 0, 9, 0);[44.15, 44.15, 50, 50]
(2, 0.0, 0, 1, 7, 9, 4, 0, 9, 0, 0, 1, 6, 9, 4, 0, 9, 0);[44.35, 50, 50, 50]
(2, 0.0, 0, 1, 6, 9, 4, 0, 9, 0, 0, 1, 6, 9, 4, 0, 9, 0);[44.35, 50, 50, 50]
(2, 1.0, 0, 1, 6, 9, 4, 0, 9, 0, 0, 1, 6, 9, 4, 0, 9, 0);[44.35, 50, 50, 50]
(0, 0.0, 0, 1, 6, 9, 4, 0, 9, 0, 0, 1, 6, 9, 4, 0, 9, 0);[44.35, 44.35, 50, 50]
(0, 1.0, 0, 1, 6, 9, 4, 0, 9, 0, 0, 1, 6, 9, 4, 0, 9, 0);[44.35, 44.35, 50, 50]
(1, 0.0, 0, 1, 6, 9, 5, 0, 9, 0, 0, 1, 6, 9, 4, 0, 9, 0);[44.25, 50, 50, 50]
(1, 0.0, 0, 1, 6, 9, 6, 0, 9, 0, 0, 1, 6, 9, 4, 0, 9, 0);[44.05, 50, 50, 50]
(1, 1.0, 0, 1, 6, 9, 6, 1, 9, 0, 0, 1, 6, 9, 5, 0, 9, 0);[43.85, 50, 50, 50]
(0, 0.0, 0, 1, 6, 9, 6, 1, 9, 0, 0, 1, 6, 9, 6, 0, 9, 0);[43.65, 50, 50, 50]
(0, 0.0, 0, 1, 6, 9, 6, 1, 9, 0, 0, 1, 6, 9, 6, 1, 9, 0);[37.935, 43.65, 43.65, 43.65]
(0, 1.0, 0, 1, 6, 9, 6, 1, 9, 0, 0, 1, 6, 9, 6, 1, 9, 0);[43.65, 43.65, 43.65, 43.95]
(1, 0.0, 0, 1, 6, 9, 6, 1, 9, 0, 0, 1, 6, 9, 6, 1, 9, 0);[43.65, 43.65, 50, 50]
(1, 1.0, 0, 1, 6, 9, 6, 1, 9, 0, 0, 1, 6, 9, 6, 1, 9, 0);[43.65, 50, 50, 50]
(2, 0.0, 0, 1, 6, 9, 6, 1, 9, 0, 0, 1, 6, 9, 6, 1, 9, 0);[43.65, 43.65, 50, 50]
(2, 1.0, 0, 1, 6, 9, 6, 1, 9, 0, 0, 1, 6, 9, 6, 1, 9, 0);[43.65, 50, 50, 50]
(3, 0.0, 0, 1, 6, 8, 6, 1, 9, 0, 0, 1, 6, 7, 6, 1, 9, 0);[45.45, 50, 50, 50]
(3, 0.0, 0, 1, 6, 8, 6, 1, 9, 0, 0, 1, 2, 3, 6, 1, 9, 0);[45.75, 50, 50, 50]
(3, 1.0, 0, 1, 6, 6, 6, 1, 9, 0, 0, 1, 2, 1, 6, 1, 9, 0);[45.35, 50, 50, 50]
(0, 0.0, 0, 1, 6, 6, 6, 1, 9, 0, 0, 1, 3, 2, 6, 1, 9, 0);[45.05, 50, 50, 50]
(0, 0.0, 0, 1, 5, 7, 6, 1, 9, 0, 0, 1, 4, 2, 6, 1, 9, 0);[45.15, 50, 50, 50]
(0, 1.0, 0, 1, 5, 8, 6, 1, 9, 0, 0, 1, 3, 3, 6, 1, 9, 0);[44.55, 50, 50, 50]
(0, 1.0, 0, 1, 6, 7, 6, 1, 9, 0, 0, 1, 4, 5, 6, 1, 9, 0);[44.05, 50, 50, 50]
(0, 1.0, 0, 1, 6, 7, 6, 1, 9, 0, 0, 1, 6, 6, 6, 1, 9, 0);[43.85, 50, 50, 50]
(0, 1.0, 0, 1, 6, 7, 6, 1, 9, 0, 0, 1, 6, 7, 6, 1, 9, 0);[43.85, 43.85, 50, 50]
(1, 0.0, 0, 1, 6, 7, 6, 1, 9, 0, 0, 1, 6, 7, 6, 1, 9, 0);[43.85, 43.85, 50, 50]
(1, 1.0, 0, 1, 6, 7, 6, 1, 9, 0, 0, 1, 6, 7, 6, 1, 9, 0);[43.85, 50, 50, 50]
(0, 0.0, 0, 1, 6, 8, 6, 1, 9, 0, 0, 1, 6, 7, 6, 1, 9, 0);[43.85, 50, 50, 50]
(0, 0.0, 0, 1, 7, 8, 6, 1, 9, 0, 0, 1, 6, 7, 6, 1, 9, 0);[43.95, 50, 50, 50]
(0, 1.0, 0, 1, 7, 8, 6, 1, 9, 0, 0, 1, 7, 8, 4, 1, 9, 0);[44.35, 50, 50, 50]
(0, 1.0, 0, 1, 7, 8, 6, 1, 9, 0, 0, 1, 7, 8, 2, 0, 9, 0);[44.85, 50, 50, 50]
(0, 1.0, 0, 1, 7, 8, 5, 1, 9, 0, 0, 1, 7, 8, 0, 0, 9, 0);[44.75, 50, 50, 50]
(0, 1.0, 0, 1, 7, 8, 4, 1, 9, 0, 0, 1, 7, 8, 0, 1, 9, 0);[44.75, 50, 50, 50]
(0, 1.0, 0, 1, 7, 8, 2, 1, 9, 0, 0, 1, 7, 8, 0, 1, 9, 0);[44.75, 50, 50, 50]
(0, 1.0, 0, 1, 7, 8, 1, 1, 9, 0, 0, 1, 7, 8, 0, 1, 9, 0);[44.75, 50, 50, 50]
(0, 1.0, 0, 1, 7, 8, 0, 1, 9, 1, 0, 1, 7, 8, 0, 1, 9, 0);[44.75, 45.25, 50, 50]
(1, 0.0, 0, 1, 7, 8, 0, 0, 9, 1, 0, 0, 7, 8, 0, 0, 9, 0);[45.15, 50, 50, 50]
(1, 0.0, 0, 0, 8, 8, 0, 0, 9, 1, 0, 0, 7, 8, 0, 0, 9, 1);[44.85, 45.15, 50, 50]
(1, 1.0, 0, 0, 9, 8, 0, 0, 9, 1, 0, 0, 9, 8, 0, 0, 9, 1);[44.85, 44.75, 45.35, 50]
(0, 0.0, 0, 0, 9, 8, 0, 0, 9, 1, 0, 0, 9, 8, 0, 0, 9, 1);[44.85, 44.85, 50, 50]
(0, 1.0, 0, 0, 9, 8, 0, 0, 9, 1, 0, 0, 9, 8, 0, 0, 9, 1);[44.75, 44.85, 50, 50]
(1, 0.0, 0, 0, 9, 8, 0, 0, 9, 1, 0, 0, 9, 8, 0, 0, 9, 1);[44.75, 44.75, 50, 50]
(2, 0.0, 0, 0, 8, 8, 0, 0, 9, 1, 0, 0, 7, 8, 0, 0, 8, 1);[46.35, 50, 50, 50]
(2, 0.0, 0, 0, 7, 8, 0, 0, 8, 1, 0, 0, 4, 8, 0, 0, 5, 1);[46.85, 50, 50, 50]
(2, 1.0, 0, 0, 5, 8, 0, 0, 8, 1, 0, 0, 2, 8, 0, 0, 4, 1);[47.05, 50, 50, 50]
(0, 0.0, 0, 0, 5, 8, 0, 0, 8, 1, 0, 0, 2, 8, 0, 0, 4, 1);[46.55, 50, 50, 50]
(0, 0.0, 0, 0, 5, 8, 0, 0, 9, 1, 0, 0, 4, 8, 0, 0, 5, 1);[46.05, 50, 50, 50]
(0, 1.0, 0, 0, 5, 8, 0, 0, 9, 1, 0, 0, 5, 8, 0, 0, 6, 1);[45.45, 50, 50, 50]
(0, 1.0, 0, 0, 5, 8, 0, 0, 9, 1, 0, 0, 5, 8, 0, 0, 9, 1);[45.35, 45.35, 50, 50]
(1, 0.0, 0, 0, 5, 8, 1, 0, 9, 1, 0, 0, 5, 8, 0, 0, 9, 1);[45.25, 50, 50, 50]
(1, 0.0, 0, 0, 6, 9, 1, 0, 9, 1, 0, 0, 5, 9, 0, 0, 9, 1);[45.05, 50, 50, 50]
(1, 1.0, 0, 0, 6, 9, 2, 0, 9, 1, 0, 0, 5, 9, 1, 0, 9, 1);[44.95, 50, 50, 50]
(0, 0.0, 0, 0, 6, 9, 3, 0, 9, 1, 0, 0, 6, 9, 1, 0, 9, 1);[44.75, 50, 50, 50]
(0, 0.0, 0, 0, 6, 9, 4, 0, 9, 1, 0, 0, 6, 9, 1, 0, 9, 1);[44.45, 50, 50, 50]
(0, 1.0, 0, 0, 6, 9, 4, 0, 9, 1, 0, 0, 6, 9, 3, 0, 9, 1);[44.25, 50, 50, 50]
(0, 1.0, 0, 0, 6, 9, 5, 0, 9, 1, 0, 0, 6, 9, 4, 0, 9, 1);[44.25, 44.25, 50, 50]
(1, 0.0, 0, 0, 6, 9, 5, 0, 9, 1, 0, 0, 6, 9, 5, 0, 9, 1);[44.25, 44.25, 44.15, 44.05]
(1, 1.0, 0, 0, 6, 9, 5, 0, 9, 1, 0, 0, 6, 9, 5, 0, 9, 1);[44.15, 44.05, 44.35, 50]
(0, 0.0, 0, 0, 6, 9, 5, 0, 9, 1, 0, 0, 6, 9, 5, 0, 9, 1);[44.15, 44.15, 50, 50]
(0, 1.0, 0, 0, 6, 9, 5, 0, 9, 1, 0, 0, 6, 9, 5, 0, 9, 1);[44.15, 44.15, 50, 50]
(2, 0.0, 1, 1, 5, 9, 5, 0, 9, 1, 0, 0, 4, 9, 5, 0, 9, 1);[44.65, 50, 50, 50]
(2, 0.0, 2, 0, 4, 9, 5, 0, 9, 1, 0, 0, 2, 9, 5, 0, 9, 1);[44.35, 50, 50, 50]
(2, 1.0, 2, 0, 2, 9, 5, 0, 9, 1, 1, 0, 2, 9, 5, 0, 9, 1);[44.45, 50, 50, 50]
(0, 0.0, 2, 0, 2, 9, 5, 0, 9, 1, 1, 0, 2, 9, 5, 0, 9, 1);[44.65, 50, 50, 50]
(0, 0.0, 1, 0, 2, 9, 5, 0, 9, 1, 0, 0, 2, 9, 5, 0, 9, 1);[44.65, 50, 50, 50]
(0, 1.0, 0, 0, 2, 9, 5, 0, 9, 1, 0, 0, 2, 9, 5, 0, 9, 1);[44.65, 50, 50, 50]
(0, 1.0, 0, 0, 2, 9, 6, 0, 9, 1, 0, 0, 2, 9, 5, 0, 9, 1);[44.65, 44.55, 50, 50]
(1, 0.0, 0, 0, 2, 9, 6, 0, 9, 1, 0, 0, 2, 9, 6, 0, 9, 1);[44.55, 44.55, 50, 50]
(1, 1.0, 0, 0, 2, 9, 6, 0, 9, 1, 0, 0, 2, 9, 6, 0, 9, 1);[44.55, 50, 50, 50]
(0, 0.0, 0, 0, 2, 9, 6, 0, 9, 1, 0, 0, 2, 9, 6, 0, 9, 1);[44.55, 44.55, 50, 50]
(0, 1.0, 0, 0, 2, 9, 6, 0, 9, 2, 0, 0, 2, 9, 6, 0, 9, 1);[44.55, 44.45, 50, 50]
(1, 0.0, 0, 0, 2, 9, 6, 0, 9, 2, 0, 0, 2, 9, 6, 0, 9, 2);[38.70555, 39.255, 44.45, 44.35]
(1, 1.0, 0, 0, 2, 9, 6, 0, 9, 2, 0, 0, 2, 9, 6, 0, 9, 2);[44.45, 44.25, 44.25, 44.85]
(0, 0.0, 0, 0, 2, 9, 6, 0, 9, 2, 0, 0, 2, 9, 6, 0, 9, 2);[44.45, 44.45, 44.25, 44.25]
(0, 1.0, 0, 0, 2, 9, 6, 0, 9, 2, 0, 0, 2, 9, 6, 0, 9, 2);[44.45, 44.45, 44.25, 50]
(2, 0.0, 0, 0, 2, 9, 6, 0, 9, 2, 0, 0, 2, 9, 6, 0, 9, 2);[44.25, 44.25, 44.25, 44.25]
(2, 1.0, 0, 0, 2, 9, 6, 0, 9, 2, 0, 0, 2, 9, 6, 0, 9, 2);[44.25, 43.70055, 50, 50]
(3, 0.0, 0, 0, 2, 9, 6, 0, 9, 2, 0, 0, 2, 8, 6, 0, 9, 1);[45.55, 50, 50, 50]
(3, 0.0, 0, 0, 2, 8, 7, 0, 9, 1, 0, 0, 2, 5, 6, 0, 9, 0);[46.35, 50, 50, 50]
(3, 1.0, 0, 0, 2, 6, 7, 0, 9, 0, 0, 0, 0, 2, 6, 0, 9, 0);[46.65, 50, 50, 50]
(0, 0.0, 0, 0, 2, 6, 7, 0, 9, 0, 0, 0, 0, 0, 7, 0, 9, 0);[46.35, 50, 50, 50]
(0, 0.0, 0, 0, 2, 6, 7, 0, 9, 0, 0, 0, 0, 1, 7, 0, 9, 0);[45.85, 50, 50, 50]
(0, 1.0, 0, 0, 2, 7, 7, 0, 9, 0, 0, 0, 1, 3, 7, 0, 9, 0);[45.85, 50, 50, 50]
(0, 1.0, 0, 0, 3, 7, 6, 0, 9, 0, 0, 0, 2, 5, 5, 0, 9, 0);[46.05, 50, 50, 50]
(0, 1.0, 0, 0, 4, 8, 5, 0, 9, 1, 0, 0, 2, 6, 2, 0, 9, 0);[46.05, 50, 50, 50]
(0, 1.0, 0, 0, 4, 8, 5, 0, 9, 1, 0, 0, 3, 8, 0, 0, 9, 0);[45.95, 50, 50, 50]
(0, 1.0, 0, 0, 4, 8, 4, 0, 9, 1, 0, 0, 4, 8, 0, 0, 9, 0);[45.75, 50, 50, 50]
(0, 1.0, 0, 0, 4, 8, 4, 0, 9, 1, 0, 0, 4, 8, 0, 0, 9, 1);[45.75, 50, 50, 50]
(0, 1.0, 0, 0, 4, 8, 2, 0, 9, 1, 0, 0, 4, 8, 0, 0, 9, 1);[45.65, 50, 50, 50]
(0, 1.0, 0, 0, 4, 8, 3, 0, 9, 1, 0, 0, 4, 8, 0, 0, 9, 1);[45.25, 50, 50, 50]
(0, 1.0, 0, 0, 4, 8, 4, 0, 9, 1, 0, 0, 4, 8, 2, 0, 9, 1);[45.25, 50, 50, 50]
(0, 1.0, 0, 0, 4, 8, 3, 1, 9, 1, 0, 0, 4, 8, 2, 0, 9, 1);[45.15, 50, 50, 50]
(0, 1.0, 0, 0, 5, 8, 3, 0, 9, 1, 0, 0, 4, 8, 3, 0, 9, 1);[44.95, 50, 50, 50]
(0, 1.0, 0, 0, 5, 8, 4, 0, 9, 1, 0, 0, 5, 8, 3, 0, 9, 1);[44.85, 50, 50, 50]
(0, 1.0, 0, 0, 5, 8, 4, 0, 9, 1, 0, 0, 5, 8, 4, 0, 9, 1);[44.85, 44.95, 50, 50]
(1, 0.0, 0, 0, 5, 8, 4, 0, 9, 1, 0, 0, 5, 8, 4, 0, 9, 1);[44.95, 44.95, 50, 50]
(1, 1.0, 0, 0, 5, 8, 4, 0, 9, 1, 0, 0, 5, 8, 4, 0, 9, 1);[44.95, 50, 50, 50]
(0, 0.0, 0, 0, 5, 8, 4, 0, 9, 1, 0, 0, 5, 8, 4, 0, 9, 1);[44.95, 44.85, 50, 50]
(0, 1.0, 0, 0, 6, 8, 4, 0, 9, 1, 0, 0, 5, 8, 4, 0, 9, 1);[44.75, 50, 50, 50]
(0, 1.0, 0, 0, 6, 8, 4, 0, 9, 1, 0, 0, 6, 8, 4, 0, 9, 1);[44.75, 44.65, 50, 50]
(1, 0.0, 0, 0, 6, 8, 4, 0, 9, 1, 0, 0, 6, 8, 4, 0, 9, 1);[44.65, 50, 50, 50]
(1, 0.0, 0, 0, 7, 8, 4, 0, 9, 1, 0, 0, 6, 8, 4, 0, 9, 1);[44.55, 50, 50, 50]
(1, 1.0, 0, 0, 7, 8, 4, 0, 9, 1, 0, 0, 7, 8, 4, 0, 9, 1);[44.85, 50, 50, 50]
(0, 0.0, 0, 0, 7, 8, 3, 0, 9, 1, 0, 0, 7, 8, 2, 0, 9, 1);[45.25, 50, 50, 50]
(0, 0.0, 0, 0, 7, 8, 1, 0, 9, 1, 0, 0, 7, 8, 0, 0, 9, 1);[45.25, 50, 50, 50]
(0, 1.0, 0, 0, 7, 8, 0, 0, 9, 1, 0, 0, 7, 8, 0, 0, 9, 1);[45.25, 45.25, 50, 50]
(1, 0.0, 0, 0, 8, 8, 0, 0, 9, 2, 0, 0, 8, 8, 0, 0, 9, 1);[45.05, 50, 50, 50]
(1, 1.0, 0, 0, 8, 8, 0, 0, 9, 2, 0, 0, 8, 8, 0, 0, 9, 1);[44.95, 44.85, 45.35, 50]
(0, 0.0, 0, 0, 8, 8, 0, 0, 9, 2, 0, 0, 8, 8, 0, 0, 9, 2);[44.95, 44.85, 44.95, 44.85]
(0, 1.0, 0, 0, 8, 8, 0, 0, 9, 2, 0, 0, 8, 8, 0, 0, 9, 2);[44.85, 44.95, 45.45, 50]
(0, 1.0, 0, 0, 8, 8, 0, 0, 9, 3, 0, 0, 8, 8, 0, 0, 9, 2);[44.85, 44.75, 50, 50]
(1, 0.0, 0, 0, 8, 8, 0, 0, 9, 3, 0, 0, 8, 8, 0, 0, 9, 3);[44.75, 50, 50, 50]
(1, 0.0, 0, 0, 8, 8, 1, 0, 9, 3, 0, 0, 8, 8, 0, 0, 9, 3);[44.65, 50, 50, 50]
(1, 1.0, 0, 0, 9, 8, 1, 0, 9, 3, 0, 0, 8, 8, 0, 0, 9, 3);[44.45, 50, 50, 50]
(0, 0.0, 0, 0, 9, 8, 0, 0, 9, 3, 0, 0, 9, 8, 0, 0, 9, 3);[44.45, 44.35, 44.45, 44.45]
(0, 1.0, 0, 0, 9, 8, 0, 0, 9, 3, 0, 0, 9, 8, 0, 0, 9, 3);[44.35, 44.45, 45.05, 50]
(1, 0.0, 0, 0, 9, 8, 0, 0, 9, 3, 0, 0, 9, 8, 0, 0, 9, 3);[44.45, 44.45, 50, 50]
(1, 1.0, 0, 0, 9, 8, 0, 0, 9, 3, 0, 0, 9, 8, 0, 0, 9, 3);[44.45, 50, 50, 50]
(2, 0.0, 0, 0, 8, 8, 0, 0, 9, 3, 0, 0, 7, 8, 0, 0, 8, 3);[45.45, 50, 50, 50]
(2, 0.0, 0, 0, 7, 8, 0, 0, 8, 3, 0, 0, 7, 8, 0, 0, 5, 3);[45.55, 50, 50, 50]
(2, 1.0, 0, 0, 7, 8, 0, 0, 8, 3, 0, 0, 7, 8, 0, 0, 5, 3);[45.75, 50, 50, 50]
(0, 0.0, 0, 0, 7, 8, 0, 0, 8, 3, 0, 0, 7, 8, 0, 0, 4, 3);[45.45, 50, 50, 50]
(0, 0.0, 0, 0, 7, 8, 0, 0, 9, 3, 0, 0, 7, 8, 0, 0, 5, 3);[45.35, 50, 50, 50]
(0, 1.0, 0, 0, 7, 8, 1, 0, 9, 3, 0, 0, 7, 8, 0, 0, 6, 3);[44.85, 50, 50, 50]
(0, 1.0, 0, 0, 7, 8, 1, 0, 9, 3, 0, 0, 7, 8, 0, 0, 8, 3);[44.45, 50, 50, 50]
(0, 1.0, 0, 0, 7, 8, 1, 0, 9, 3, 0, 0, 7, 8, 1, 0, 9, 3);[44.45, 44.45, 50, 50]
(1, 0.0, 0, 0, 7, 9, 1, 0, 9, 3, 0, 0, 7, 9, 1, 0, 9, 3);[44.45, 44.45, 44.35, 44.35]
(1, 1.0, 0, 0, 7, 9, 1, 0, 9, 3, 0, 0, 7, 9, 1, 0, 9, 3);[44.45, 44.35, 50, 50]
(0, 0.0, 0, 0, 7, 9, 1, 0, 9, 3, 0, 0, 7, 9, 1, 0, 9, 3);[44.45, 44.45, 50, 50]
(0, 1.0, 0, 0, 7, 9, 1, 0, 9, 3, 0, 0, 7, 9, 1, 0, 9, 3);[44.35, 44.35, 50, 50]
(1, 1.0, 0, 0, 7, 9, 2, 0, 9, 3, 0, 0, 7, 9, 1, 0, 9, 3);[44.25, 50, 50, 50]
(0, 0.0, 0, 0, 7, 9, 2, 0, 9, 3, 0, 0, 7, 9, 1, 0, 9, 3);[44.15, 50, 50, 50]
(0, 0.0, 0, 0, 7, 9, 2, 0, 9, 3, 0, 0, 7, 9, 2, 0, 9, 3);[44.05, 50, 50, 50]
(0, 1.0, 0, 0, 7, 9, 2, 0, 9, 4, 0, 0, 7, 9, 2, 0, 9, 3);[44.05, 44.05, 50, 50]
(1, 0.0, 0, 0, 7, 9, 2, 0, 9, 4, 0, 0, 7, 9, 2, 0, 9, 4);[43.95, 43.95, 43.95, 50]
(1, 1.0, 0, 0, 7, 9, 2, 0, 9, 4, 0, 0, 7, 9, 2, 0, 9, 4);[43.95, 50, 50, 50]
(0, 0.0, 0, 0, 7, 9, 2, 0, 9, 4, 0, 0, 7, 9, 2, 0, 9, 4);[43.95, 43.95, 50, 50]
(0, 1.0, 0, 0, 7, 9, 2, 0, 9, 4, 0, 0, 7, 9, 2, 0, 9, 4);[43.95, 43.95, 50, 50]
(1, 0.0, 0, 0, 7, 9, 3, 0, 9, 4, 0, 0, 7, 9, 2, 0, 9, 4);[43.95, 50, 50, 50]
(1, 1.0, 0, 0, 7, 9, 3, 0, 9, 4, 0, 0, 7, 9, 2, 0, 9, 4);[43.85, 50, 50, 50]
(0, 0.0, 0, 0, 7, 9, 3, 0, 9, 4, 0, 0, 7, 9, 3, 0, 9, 4);[43.85, 43.85, 50, 50]
(0, 1.0, 0, 0, 7, 9, 3, 0, 9, 4, 0, 0, 7, 9, 3, 0, 9, 4);[43.85, 43.85, 50, 50]
(1, 0.0, 0, 0, 7, 9, 3, 0, 9, 4, 0, 0, 7, 9, 3, 0, 9, 4);[43.75, 43.75, 50, 50]
(1, 1.0, 0, 0, 7, 9, 3, 0, 9, 4, 0, 0, 7, 9, 3, 0, 9, 4);[43.85, 50, 50, 50]
(0, 0.0, 0, 0, 7, 9, 4, 0, 9, 4, 0, 0, 7, 9, 3, 0, 9, 4);[43.75, 50, 50, 50]
(0, 0.0, 0, 0, 7, 9, 4, 0, 9, 4, 0, 0, 7, 9, 4, 0, 9, 4);[38.025, 43.75, 43.65, 43.65]
(0, 1.0, 0, 0, 7, 9, 4, 0, 9, 4, 0, 0, 7, 9, 4, 0, 9, 4);[43.75, 43.75, 43.65, 44.25]
(1, 0.0, 0, 0, 7, 9, 4, 0, 9, 4, 0, 0, 7, 9, 4, 0, 9, 4);[43.75, 43.75, 50, 50]
(1, 1.0, 0, 0, 7, 9, 4, 0, 9, 4, 0, 0, 7, 9, 4, 0, 9, 4);[43.75, 50, 50, 50]
(2, 0.0, 0, 0, 7, 9, 4, 0, 9, 4, 0, 0, 7, 9, 4, 0, 9, 4);[43.65, 43.65, 50, 50]
(2, 1.0, 0, 0, 7, 9, 4, 0, 9, 4, 0, 0, 7, 9, 4, 0, 9, 4);[43.65, 50, 50, 50]
(3, 0.0, 0, 0, 7, 9, 4, 0, 9, 3, 0, 0, 7, 8, 4, 0, 9, 2);[45.45, 50, 50, 50]
(3, 0.0, 0, 0, 6, 8, 4, 0, 9, 2, 0, 0, 5, 5, 4, 0, 9, 0);[46.45, 50, 50, 50]
(3, 1.0, 0, 0, 6, 7, 4, 0, 9, 1, 0, 0, 2, 2, 4, 0, 9, 0);[46.85, 50, 50, 50]
(0, 0.0, 0, 0, 6, 7, 4, 0, 9, 1, 0, 0, 0, 2, 4, 0, 9, 0);[46.25, 50, 50, 50]
(0, 0.0, 0, 0, 6, 6, 4, 0, 9, 1, 0, 0, 2, 2, 4, 0, 9, 1);[45.65, 50, 50, 50]
(0, 1.0, 0, 0, 7, 6, 4, 0, 9, 1, 0, 0, 4, 4, 4, 0, 9, 1);[45.05, 50, 50, 50]
(0, 1.0, 0, 0, 7, 6, 4, 0, 9, 1, 0, 0, 6, 6, 4, 0, 9, 1);[44.85, 50, 50, 50]
(0, 1.0, 0, 0, 7, 6, 4, 0, 9, 1, 0, 0, 7, 6, 4, 0, 9, 1);[44.85, 50, 50, 50]
(0, 1.0, 0, 0, 8, 7, 4, 0, 9, 1, 0, 0, 7, 6, 4, 0, 9, 1);[45.05, 50, 50, 50]
(0, 1.0, 0, 0, 8, 8, 2, 0, 9, 1, 0, 0, 7, 7, 1, 0, 9, 1);[45.15, 50, 50, 50]
(0, 1.0, 0, 0, 8, 8, 1, 0, 9, 1, 0, 0, 8, 8, 0, 0, 9, 1);[45.15, 45.15, 50, 50]
(1, 0.0, 0, 0, 8, 8, 0, 0, 9, 1, 0, 0, 8, 8, 0, 0, 9, 1);[45.15, 45.05, 44.85, 44.85]
(1, 1.0, 0, 0, 8, 8, 0, 0, 9, 1, 0, 0, 8, 8, 0, 0, 9, 1);[45.15, 50, 50, 50]
(0, 0.0, 0, 0, 8, 8, 0, 0, 9, 1, 0, 0, 8, 8, 0, 0, 9, 1);[45.05, 44.85, 50, 50]
(0, 1.0, 0, 0, 8, 8, 0, 0, 9, 1, 0, 0, 8, 8, 0, 0, 9, 1);[44.85, 44.85, 50, 50]
(2, 0.0, 0, 0, 8, 8, 0, 0, 9, 2, 0, 0, 6, 8, 0, 0, 8, 2);[46.35, 46.35, 50, 50]
(2, 0.0, 0, 0, 6, 8, 0, 0, 8, 2, 0, 0, 4, 8, 0, 0, 5, 2);[47.25, 47.25, 50, 50]
(2, 1.0, 0, 0, 5, 8, 0, 0, 6, 2, 0, 0, 1, 8, 0, 0, 2, 2);[47.75, 50, 50, 50]
(0, 0.0, 0, 0, 5, 8, 0, 0, 6, 2, 0, 0, 0, 8, 0, 0, 1, 2);[47.35, 50, 50, 50]
(0, 0.0, 0, 0, 5, 8, 0, 0, 6, 2, 0, 0, 2, 8, 0, 0, 2, 2);[46.75, 50, 50, 50]
(0, 1.0, 0, 0, 5, 8, 0, 0, 7, 2, 0, 0, 4, 8, 0, 0, 3, 2);[46.05, 50, 50, 50]
(0, 1.0, 0, 0, 5, 8, 0, 0, 9, 2, 0, 0, 5, 8, 0, 0, 5, 2);[45.75, 50, 50, 50]
(0, 1.0, 0, 0, 5, 8, 0, 0, 9, 2, 0, 0, 5, 8, 0, 0, 7, 2);[45.35, 50, 50, 50]
(0, 1.0, 0, 0, 5, 8, 0, 0, 9, 2, 0, 0, 5, 8, 0, 0, 9, 2);[45.35, 45.35, 50, 50]
(1, 0.0, 0, 0, 5, 8, 0, 0, 9, 2, 0, 0, 5, 8, 0, 0, 9, 2);[45.35, 45.35, 50, 50]
(1, 1.0, 0, 0, 5, 8, 0, 0, 9, 2, 0, 0, 5, 8, 0, 0, 9, 2);[45.35, 50, 50, 50]
(0, 0.0, 0, 0, 6, 8, 0, 0, 9, 2, 0, 0, 5, 8, 0, 0, 9, 2);[45.25, 50, 50, 50]
(0, 0.0, 0, 0, 7, 8, 0, 0, 9, 2, 0, 0, 6, 8, 0, 0, 9, 2);[45.15, 50, 50, 50]
(0, 1.0, 0, 0, 8, 8, 0, 0, 9, 2, 0, 0, 6, 8, 0, 0, 9, 2);[44.95, 50, 50, 50]
(1, 0.0, 0, 0, 8, 8, 0, 0, 9, 2, 0, 0, 8, 8, 0, 0, 9, 2);[44.95, 50, 50, 50]
(1, 0.0, 0, 0, 8, 8, 1, 0, 9, 2, 0, 0, 8, 8, 0, 0, 9, 2);[44.95, 50, 50, 50]
(1, 1.0, 0, 0, 8, 8, 1, 0, 9, 2, 0, 0, 8, 8, 0, 0, 9, 2);[44.95, 50, 50, 50]
(2, 1.0, 0, 0, 6, 8, 0, 0, 6, 2, 0, 0, 1, 8, 0, 0, 3, 2);[47.55, 50, 50, 50]
(0, 0.0, 0, 0, 6, 8, 0, 0, 6, 2, 0, 0, 1, 8, 0, 0, 1, 2);[47.15, 50, 50, 50]
(0, 0.0, 0, 0, 6, 8, 0, 0, 6, 2, 0, 0, 3, 8, 0, 0, 1, 2);[46.55, 50, 50, 50]
(0, 1.0, 0, 0, 6, 8, 0, 0, 8, 2, 0, 0, 4, 8, 0, 0, 3, 2);[45.85, 50, 50, 50]
(0, 1.0, 0, 0, 6, 8, 0, 0, 9, 2, 0, 0, 6, 8, 0, 0, 5, 2);[45.35, 50, 50, 50]
(0, 1.0, 0, 0, 6, 8, 2, 0, 9, 2, 0, 0, 6, 8, 0, 0, 7, 2);[45.15, 50, 50, 50]
(0, 1.0, 0, 0, 6, 8, 3, 0, 9, 2, 0, 0, 6, 8, 0, 0, 8, 2);[44.75, 50, 50, 50]
(0, 1.0, 0, 0, 6, 8, 4, 0, 9, 2, 0, 0, 6, 8, 1, 0, 9, 2);[44.55, 50, 50, 50]
(0, 1.0, 0, 0, 6, 8, 4, 0, 9, 2, 0, 0, 6, 8, 2, 0, 9, 2);[44.35, 50, 50, 50]
(0, 1.0, 0, 0, 6, 8, 4, 0, 9, 2, 0, 0, 6, 8, 4, 0, 9, 2);[44.35, 50, 50, 50]
(0, 1.0, 0, 0, 8, 8, 4, 0, 9, 2, 0, 0, 6, 8, 4, 0, 9, 2);[44.15, 50, 50, 50]
(0, 1.0, 0, 0, 8, 8, 4, 0, 9, 2, 0, 0, 8, 8, 4, 0, 9, 2);[50, 50, 50, 44.75]
(3, 0.0, 0, 0, 8, 7, 4, 0, 9, 2, 0, 0, 8, 6, 4, 0, 9, 1);[45.25, 50, 50, 50]
(3, 0.0, 0, 0, 8, 6, 4, 0, 9, 1, 0, 0, 8, 4, 4, 0, 9, 0);[45.55, 50, 50, 50]
(3, 1.0, 0, 0, 8, 5, 4, 0, 9, 0, 0, 0, 8, 1, 4, 0, 9, 0);[45.75, 50, 50, 50]
(0, 0.0, 0, 0, 9, 5, 4, 0, 9, 0, 0, 0, 8, 0, 4, 0, 9, 0);[45.75, 50, 50, 50]
(0, 0.0, 0, 0, 9, 5, 4, 0, 9, 0, 0, 0, 6, 2, 4, 0, 9, 0);[45.55, 50, 50, 50]
(0, 1.0, 0, 0, 8, 6, 4, 0, 9, 0, 0, 0, 6, 3, 4, 0, 9, 0);[44.85, 50, 50, 50]
(0, 1.0, 0, 0, 8, 6, 4, 0, 9, 0, 0, 0, 8, 5, 4, 0, 9, 0);[44.75, 50, 50, 50]
(0, 1.0, 0, 0, 9, 6, 4, 0, 9, 0, 0, 0, 8, 6, 4, 0, 9, 0);[44.65, 50, 50, 50]
(0, 1.0, 0, 0, 9, 6, 4, 0, 9, 0, 0, 0, 9, 6, 4, 0, 9, 0);[44.55, 44.55, 44.85, 50]
(1, 0.0, 0, 0, 9, 6, 4, 0, 9, 0, 0, 0, 9, 6, 4, 0, 9, 0);[44.55, 44.55, 50, 50]
(1, 1.0, 0, 0, 9, 6, 4, 0, 9, 0, 0, 0, 9, 6, 4, 0, 9, 0);[44.55, 50, 50, 50]
(0, 0.0, 0, 0, 9, 6, 4, 0, 9, 0, 0, 0, 9, 6, 4, 0, 9, 0);[44.55, 44.55, 50, 50]
(2, 0.0, 0, 0, 9, 6, 4, 0, 9, 0, 0, 0, 9, 6, 4, 0, 8, 0);[45.35, 50, 50, 50]
(2, 0.0, 0, 0, 9, 6, 4, 0, 7, 0, 0, 0, 9, 6, 4, 0, 5, 0);[45.85, 50, 50, 50]
(2, 1.0, 0, 0, 9, 6, 5, 0, 6, 0, 0, 0, 9, 6, 4, 0, 2, 0);[46.05, 50, 50, 50]
(0, 0.0, 0, 0, 9, 6, 5, 0, 6, 0, 0, 0, 9, 6, 4, 0, 1, 0);[45.75, 50, 50, 50]
(0, 0.0, 0, 0, 9, 6, 5, 0, 6, 0, 0, 0, 9, 6, 5, 0, 2, 0);[45.45, 50, 50, 50]
(0, 1.0, 1, 0, 9, 6, 5, 0, 8, 0, 0, 0, 9, 6, 5, 0, 3, 0);[45.25, 50, 50, 50]
(0, 1.0, 2, 0, 9, 6, 5, 0, 9, 0, 0, 0, 9, 6, 5, 0, 4, 0);[44.75, 50, 50, 50]
(0, 1.0, 1, 0, 9, 6, 5, 0, 9, 0, 0, 0, 9, 6, 5, 0, 7, 0);[44.45, 50, 50, 50]
(0, 1.0, 0, 0, 9, 6, 5, 0, 9, 0, 0, 0, 9, 6, 5, 0, 9, 0);[44.15, 44.35, 44.25, 50]
(1, 0.0, 0, 0, 9, 6, 5, 0, 9, 0, 0, 0, 9, 6, 5, 0, 9, 0);[44.35, 44.35, 50, 50]
(1, 1.0, 0, 0, 9, 6, 5, 0, 9, 0, 0, 0, 9, 6, 5, 0, 9, 0);[44.35, 50, 50, 50]
(0, 0.0, 0, 0, 9, 6, 5, 0, 9, 0, 0, 0, 9, 6, 5, 0, 9, 0);[44.35, 44.25, 44.25, 50]
(2, 0.0, 0, 0, 9, 6, 5, 0, 9, 0, 0, 0, 9, 6, 5, 0, 9, 0);[44.25, 44.25, 50, 50]
(2, 1.0, 0, 0, 9, 6, 5, 0, 9, 0, 0, 0, 9, 6, 5, 0, 9, 0);[44.25, 50, 50, 50]
(0, 0.0, 0, 0, 9, 7, 5, 0, 9, 0, 0, 0, 9, 6, 5, 0, 9, 0);[44.15, 50, 50, 50]
(0, 1.0, 0, 0, 9, 7, 6, 0, 9, 0, 0, 0, 9, 7, 5, 0, 9, 0);[44.05, 50, 50, 50]
(0, 1.0, 0, 0, 9, 7, 7, 0, 9, 0, 0, 0, 9, 7, 5, 0, 9, 0);[43.85, 50, 50, 50]
(0, 1.0, 0, 0, 9, 7, 7, 1, 9, 0, 0, 0, 9, 7, 6, 0, 9, 0);[43.65, 50, 50, 50]
(0, 1.0, 0, 0, 9, 7, 7, 1, 9, 1, 0, 0, 9, 7, 7, 0, 9, 0);[43.55, 50, 50, 50]
(0, 1.0, 0, 0, 9, 7, 7, 1, 9, 1, 0, 0, 9, 7, 7, 1, 9, 0);[43.55, 50, 50, 50]
(0, 1.0, 0, 0, 9, 7, 8, 1, 9, 1, 0, 0, 9, 7, 7, 1, 9, 0);[43.35, 50, 50, 50]
(0, 1.0, 0, 0, 9, 7, 8, 1, 9, 1, 0, 0, 9, 7, 8, 1, 9, 1);[43.35, 43.45, 50, 50]
(1, 0.0, 0, 0, 9, 7, 8, 0, 9, 1, 0, 0, 9, 7, 8, 0, 9, 1);[43.45, 43.35, 43.35, 43.35]
(1, 1.0, 0, 0, 9, 7, 8, 0, 9, 1, 0, 0, 9, 7, 8, 0, 9, 1);[43.35, 43.35, 43.35, 50]
(0, 0.0, 0, 0, 9, 7, 8, 0, 9, 1, 0, 0, 9, 7, 8, 0, 9, 1);[43.35, 43.35, 50, 50]
(0, 1.0, 0, 0, 9, 7, 8, 0, 9, 1, 0, 0, 9, 7, 8, 0, 9, 1);[43.35, 43.35, 50, 50]
(2, 0.0, 0, 0, 9, 7, 8, 1, 9, 1, 0, 0, 9, 7, 8, 0, 9, 1);[43.35, 50, 50, 50]
(2, 0.0, 0, 0, 9, 7, 9, 1, 9, 1, 0, 0, 9, 7, 8, 0, 9, 1);[43.25, 50, 50, 50]
(2, 1.0, 0, 0, 9, 7, 9, 1, 9, 1, 0, 0, 9, 7, 9, 0, 9, 1);[43.15, 50, 50, 50]
(0, 0.0, 0, 0, 9, 7, 9, 1, 9, 1, 0, 0, 9, 7, 9, 1, 9, 1);[36.006949999999996, 36.69499999999999, 42.95, 42.95]
(0, 1.0, 0, 0, 9, 7, 9, 1, 9, 1, 0, 0, 9, 7, 9, 1, 9, 1);[43.05, 43.05, 42.95, 43.45]
(1, 0.0, 0, 0, 9, 7, 9, 1, 9, 1, 0, 0, 9, 7, 9, 1, 9, 1);[43.05, 42.95, 50, 50]
(1, 1.0, 0, 0, 9, 7, 9, 1, 9, 1, 0, 0, 9, 7, 9, 1, 9, 1);[43.05, 50, 50, 50]
(2, 0.0, 0, 0, 9, 7, 9, 1, 9, 1, 0, 0, 9, 7, 9, 1, 9, 1);[42.95, 42.95, 50, 50]
(2, 1.0, 0, 0, 9, 7, 9, 1, 9, 1, 0, 0, 9, 7, 9, 1, 9, 1);[42.26195, 50, 50, 50]
(3, 0.0, 0, 0, 9, 6, 9, 1, 9, 0, 0, 0, 9, 5, 9, 1, 9, 0);[43.95, 43.85, 50, 50]
(3, 0.0, 0, 0, 9, 5, 9, 1, 9, 0, 0, 0, 9, 2, 9, 1, 9, 0);[43.85, 50, 50, 44.35]
(3, 1.0, 0, 0, 9, 4, 9, 1, 9, 0, 0, 0, 9, 0, 9, 1, 9, 0);[44.25, 50, 50, 50]
(0, 0.0, 0, 0, 9, 4, 9, 1, 9, 0, 0, 0, 9, 1, 9, 1, 9, 0);[44.25, 50, 50, 50]
(0, 0.0, 0, 0, 9, 4, 9, 1, 9, 0, 0, 0, 8, 2, 9, 1, 9, 0);[44.15, 50, 50, 50]
(0, 1.0, 0, 0, 9, 4, 9, 1, 9, 0, 0, 0, 6, 4, 9, 1, 9, 0);[44.15, 43.85, 50, 50]
(1, 0.0, 0, 0, 9, 5, 9, 1, 9, 0, 0, 0, 8, 4, 9, 1, 9, 0);[43.45, 50, 50, 50]
(1, 0.0, 0, 0, 9, 6, 9, 1, 9, 0, 0, 0, 9, 5, 9, 1, 9, 0);[43.35, 50, 50, 50]
(1, 1.0, 0, 0, 9, 6, 9, 1, 9, 0, 0, 0, 9, 6, 9, 1, 9, 0);[43.35, 43.35, 43.55, 43.45]
(0, 0.0, 0, 0, 9, 6, 9, 1, 9, 0, 0, 0, 9, 6, 9, 1, 9, 0);[43.35, 43.35, 50, 50]
(0, 1.0, 0, 0, 9, 6, 9, 1, 9, 0, 0, 0, 9, 6, 9, 1, 9, 0);[43.35, 43.35, 43.55, 50]
(1, 0.0, 0, 0, 9, 6, 9, 1, 9, 0, 0, 0, 9, 6, 9, 1, 9, 0);[43.35, 43.35, 43.15, 50]
(2, 0.0, 0, 0, 9, 6, 9, 1, 9, 0, 0, 0, 9, 6, 9, 1, 8, 0);[44.05, 44.05, 50, 50]
(2, 0.0, 0, 0, 9, 6, 9, 1, 8, 0, 0, 0, 9, 6, 9, 1, 5, 0);[44.55, 44.45, 50, 50]
(2, 1.0, 0, 0, 9, 6, 9, 1, 6, 0, 0, 0, 9, 6, 9, 1, 2, 0);[44.85, 50, 50, 50]
(0, 0.0, 0, 0, 9, 6, 9, 1, 6, 0, 0, 0, 9, 6, 9, 1, 1, 0);[44.65, 44.55, 50, 50]
(0, 0.0, 0, 0, 9, 6, 9, 1, 6, 0, 0, 0, 9, 6, 9, 1, 2, 0);[44.35, 50, 50, 50]
(0, 1.0, 0, 0, 9, 6, 9, 1, 8, 0, 0, 0, 9, 6, 9, 1, 3, 0);[43.95, 50, 50, 50]
(0, 1.0, 0, 0, 9, 6, 9, 1, 9, 0, 0, 0, 9, 6, 9, 1, 5, 0);[43.55, 43.65, 50, 50]
(0, 1.0, 0, 0, 9, 6, 9, 1, 9, 0, 0, 0, 9, 6, 9, 1, 8, 0);[43.35, 50, 50, 50]
(2, 1.0, 0, 0, 9, 6, 9, 1, 6, 0, 0, 0, 9, 6, 9, 1, 3, 0);[44.75, 50, 50, 50]
(0, 0.0, 0, 0, 9, 6, 9, 1, 7, 0, 0, 0, 9, 6, 9, 1, 2, 0);[44.25, 50, 50, 50]
(0, 1.0, 1, 0, 9, 6, 9, 1, 8, 0, 0, 0, 9, 6, 9, 1, 4, 0);[43.95, 50, 50, 50]
(1, 0.0, 0, 0, 9, 6, 9, 1, 9, 0, 0, 0, 9, 6, 9, 1, 7, 0);[43.15, 50, 50, 50]
(3, 1.0, 0, 0, 9, 3, 9, 1, 9, 0, 0, 0, 9, 2, 9, 1, 9, 0);[43.95, 50, 50, 50]
(0, 0.0, 0, 0, 9, 2, 9, 1, 9, 0, 0, 0, 9, 2, 9, 1, 9, 0);[37.90605, 32.466495, 37.90605, 33.092175]
(0, 1.0, 0, 0, 9, 2, 9, 1, 9, 0, 0, 0, 9, 2, 9, 1, 9, 0);[43.95, 43.95, 38.775, 43.95]
(1, 0.0, 0, 0, 9, 2, 9, 1, 9, 0, 0, 0, 9, 2, 9, 1, 9, 0);[37.90605, 38.505, 37.90605, 37.90605]
(1, 1.0, 0, 0, 9, 2, 9, 1, 9, 0, 0, 0, 9, 2, 9, 1, 9, 0);[37.366995, 43.95, 43.95, 43.35105]
(2, 0.0, 0, 0, 9, 2, 9, 1, 9, 0, 0, 0, 9, 2, 9, 1, 8, 0);[44.65, 50, 50, 50]
(2, 0.0, 0, 0, 9, 2, 9, 1, 8, 0, 0, 0, 9, 2, 9, 1, 5, 0);[44.85, 50, 50, 50]
(2, 1.0, 0, 0, 9, 2, 9, 1, 8, 0, 0, 0, 9, 2, 9, 1, 4, 0);[44.95, 50, 50, 50]
(0, 0.0, 0, 0, 9, 2, 9, 1, 8, 0, 0, 0, 9, 2, 9, 1, 3, 0);[44.55, 50, 50, 50]
(0, 0.0, 0, 0, 9, 2, 9, 1, 9, 0, 0, 0, 9, 2, 9, 1, 5, 0);[44.25, 50, 50, 50]
(0, 1.0, 0, 0, 9, 2, 9, 1, 9, 0, 0, 0, 9, 2, 9, 1, 6, 0);[43.95, 50, 50, 50]
(0, 1.0, 0, 0, 9, 2, 9, 1, 9, 0, 0, 0, 9, 2, 9, 1, 8, 0);[43.75, 50, 50, 50]
(0, 1.0, 0, 0, 9, 2, 9, 1, 9, 1, 0, 0, 9, 2, 9, 1, 9, 0);[43.75, 43.85, 50, 50]
(1, 0.0, 0, 0, 9, 2, 9, 1, 9, 1, 0, 0, 9, 2, 9, 1, 9, 0);[43.75, 50, 50, 50]
(1, 0.0, 0, 0, 9, 2, 9, 1, 9, 1, 0, 0, 9, 2, 9, 1, 9, 1);[43.75, 43.75, 43.75, 43.75]
(1, 1.0, 0, 0, 9, 2, 9, 1, 9, 1, 0, 0, 9, 2, 9, 1, 9, 1);[43.75, 43.75, 43.75, 50]
(0, 0.0, 0, 0, 9, 2, 9, 1, 9, 1, 0, 0, 9, 2, 9, 1, 9, 1);[43.75, 43.75, 43.65, 43.65]
(0, 1.0, 0, 0, 9, 2, 9, 1, 9, 1, 0, 0, 9, 2, 9, 1, 9, 1);[43.75, 43.75, 43.65, 43.95]
(2, 0.0, 0, 0, 9, 2, 9, 1, 9, 1, 0, 0, 9, 2, 9, 1, 9, 1);[43.75, 43.75, 43.65, 43.65]
(2, 1.0, 0, 0, 9, 2, 9, 1, 9, 1, 0, 0, 9, 2, 9, 1, 9, 1);[43.75, 43.75, 50, 50]
(1, 0.0, 1, 0, 9, 2, 9, 1, 9, 1, 0, 0, 9, 2, 9, 1, 9, 1);[43.75, 50, 50, 50]
(1, 1.0, 2, 0, 9, 2, 9, 1, 9, 1, 0, 0, 9, 2, 9, 1, 9, 1);[43.75, 50, 50, 50]
(0, 0.0, 2, 0, 9, 2, 9, 1, 9, 1, 0, 0, 9, 2, 9, 1, 9, 1);[43.75, 50, 50, 50]
(0, 0.0, 1, 0, 9, 2, 9, 1, 9, 1, 0, 0, 9, 2, 9, 1, 9, 1);[43.75, 50, 50, 50]
(3, 0.0, 0, 0, 9, 2, 9, 1, 9, 0, 0, 0, 9, 2, 9, 1, 9, 0);[37.90605, 38.505, 37.90605, 38.505]
(3, 1.0, 0, 0, 9, 2, 9, 1, 9, 0, 0, 0, 9, 2, 9, 1, 9, 0);[43.35105, 37.90605, 43.35105, 43.95]
(2, 0.0, 0, 0, 9, 2, 9, 1, 9, 0, 0, 0, 9, 2, 9, 1, 9, 0);[37.80605, 38.405, 43.95, 43.95]
(2, 1.0, 0, 0, 9, 2, 9, 1, 9, 0, 0, 0, 9, 2, 9, 1, 9, 0);[43.35105, 43.35105, 43.85, 43.35105]
(0, 1.0, 0, 0, 9, 2, 9, 2, 9, 0, 0, 0, 9, 2, 9, 1, 9, 0);[43.95, 50, 50, 50]
(0, 1.0, 0, 0, 9, 2, 9, 4, 9, 0, 0, 0, 9, 2, 9, 1, 9, 0);[43.65, 50, 50, 50]
(0, 1.0, 0, 0, 9, 2, 9, 5, 9, 0, 0, 0, 9, 2, 9, 3, 9, 0);[43.35, 50, 50, 50]
(0, 1.0, 0, 0, 9, 2, 9, 5, 9, 0, 0, 0, 9, 2, 9, 5, 9, 0);[36.706649999999996, 37.365, 37.365, 37.265]
(1, 0.0, 0, 0, 9, 2, 9, 5, 9, 0, 0, 0, 9, 2, 9, 5, 9, 0);[36.706649999999996, 37.365, 36.60665, 37.265]
(1, 1.0, 2, 0, 9, 2, 9, 5, 9, 0, 0, 0, 9, 2, 9, 5, 9, 0);[43.35, 50, 50, 50]
(0, 0.0, 2, 0, 9, 2, 9, 5, 9, 0, 0, 0, 9, 2, 9, 5, 9, 0);[43.35, 50, 50, 50]
(0, 0.0, 1, 0, 9, 2, 9, 5, 9, 0, 0, 0, 9, 2, 9, 5, 9, 0);[43.35, 50, 50, 50]
(2, 0.0, 0, 0, 9, 2, 9, 5, 9, 0, 0, 0, 9, 2, 9, 5, 9, 0);[36.50675, 36.41665, 36.706649999999996, 37.265]
(2, 1.0, 0, 0, 9, 2, 9, 5, 9, 0, 0, 0, 9, 2, 9, 5, 9, 0);[36.60665, 42.691649999999996, 43.25, 43.35]
(0, 0.0, 0, 0, 9, 2, 9, 5, 9, 0, 0, 0, 9, 2, 9, 5, 9, 0);[36.706649999999996, 36.706649999999996, 36.60665, 36.014134999999996]
(3, 0.0, 0, 0, 9, 2, 9, 5, 9, 0, 0, 0, 9, 2, 9, 5, 9, 0);[36.60665, 37.265, 43.25, 43.25]
(3, 1.0, 0, 0, 9, 2, 9, 5, 9, 0, 0, 0, 9, 2, 9, 5, 9, 0);[43.35, 42.59165, 42.58175, 50]
(1, 1.0, 0, 0, 9, 2, 9, 5, 9, 0, 0, 0, 9, 2, 9, 5, 9, 0);[42.691649999999996, 43.35, 42.691649999999996, 42.59165]
(3, 0.0, 0, 0, 9, 2, 9, 6, 9, 0, 0, 0, 9, 2, 9, 5, 9, 0);[43.05, 50, 50, 50]
(3, 0.0, 0, 0, 9, 2, 9, 8, 9, 0, 0, 0, 9, 2, 9, 6, 9, 0);[42.75, 50, 50, 50]
(3, 1.0, 0, 0, 9, 2, 9, 8, 9, 0, 0, 0, 9, 2, 9, 8, 9, 0);[42.65, 42.75, 36.15645, 42.75]
(0, 0.0, 0, 0, 9, 2, 9, 8, 9, 0, 0, 0, 9, 2, 9, 8, 9, 0);[35.407349999999994, 35.43705, 42.65, 42.65]
(0, 1.0, 0, 0, 9, 2, 9, 8, 9, 0, 0, 0, 9, 2, 9, 8, 9, 0);[42.55, 42.65, 36.705, 35.50725]
(1, 0.0, 0, 0, 9, 2, 9, 8, 9, 0, 0, 0, 9, 2, 9, 8, 9, 0);[42.65, 42.65, 35.50725, 36.225]
(1, 1.0, 0, 0, 9, 2, 9, 8, 9, 0, 0, 0, 9, 2, 9, 8, 9, 0);[42.65, 42.75, 36.15645, 42.75]
(2, 0.0, 0, 0, 9, 2, 9, 8, 9, 0, 0, 0, 9, 2, 9, 8, 8, 0);[43.45, 37.745, 37.15595, 43.55]
(2, 0.0, 0, 0, 9, 2, 9, 8, 7, 0, 0, 0, 9, 2, 9, 8, 5, 0);[43.85, 50, 50, 50]
(2, 1.0, 0, 0, 9, 2, 9, 8, 6, 0, 0, 0, 9, 2, 9, 8, 3, 0);[44.35, 44.35, 44.25, 44.35]
(0, 0.0, 0, 0, 9, 2, 9, 8, 5, 0, 0, 0, 9, 2, 9, 8, 0, 0);[44.05, 44.25, 50, 50]
(0, 0.0, 0, 0, 9, 2, 9, 8, 6, 0, 0, 0, 9, 2, 9, 8, 2, 0);[43.75, 43.85, 43.85, 50]
(0, 1.0, 0, 0, 9, 2, 9, 8, 7, 0, 0, 0, 9, 2, 9, 8, 3, 0);[43.45, 43.65, 43.95, 50]
(0, 1.0, 0, 0, 9, 2, 9, 8, 8, 0, 0, 0, 9, 2, 9, 8, 5, 0);[43.15, 50, 50, 50]
(0, 1.0, 0, 0, 9, 2, 9, 8, 9, 0, 0, 0, 9, 2, 9, 8, 6, 0);[42.85, 50, 50, 50]
(0, 1.0, 0, 0, 9, 2, 9, 8, 9, 0, 0, 0, 9, 2, 9, 8, 8, 0);[42.65, 42.03225, 43.15, 50]
(3, 0.0, 0, 0, 9, 2, 9, 8, 9, 0, 0, 0, 9, 2, 9, 8, 9, 0);[35.50725, 36.225, 42.75, 42.75]
(2, 0.0, 0, 0, 9, 2, 9, 8, 8, 0, 0, 0, 9, 2, 9, 8, 5, 0);[43.85, 43.85, 43.95, 38.595]
(1, 0.0, 1, 0, 9, 2, 9, 8, 5, 0, 0, 0, 9, 2, 9, 8, 1, 0);[44.25, 50, 50, 50]
(1, 0.0, 2, 0, 9, 2, 9, 8, 6, 0, 0, 0, 9, 2, 9, 8, 1, 0);[43.85, 50, 50, 50]
(1, 1.0, 2, 0, 9, 2, 9, 8, 7, 0, 0, 0, 9, 2, 9, 8, 3, 0);[43.65, 50, 50, 50]
(0, 0.0, 2, 0, 9, 2, 9, 8, 8, 0, 0, 0, 9, 2, 9, 8, 4, 0);[43.25, 50, 50, 50]
(0, 0.0, 1, 0, 9, 2, 9, 8, 9, 0, 0, 0, 9, 2, 9, 8, 6, 0);[42.95, 50, 50, 50]
(2, 1.0, 0, 0, 9, 2, 9, 8, 5, 0, 0, 0, 9, 2, 9, 8, 1, 0);[44.45, 50, 50, 50]
(0, 0.0, 0, 0, 9, 2, 9, 8, 5, 0, 0, 0, 9, 2, 9, 8, 1, 0);[43.95, 50, 50, 50]
(1, 0.0, 0, 0, 9, 2, 9, 8, 8, 0, 0, 0, 9, 2, 9, 8, 4, 0);[43.35, 50, 50, 50]
(1, 0.0, 0, 0, 9, 2, 9, 8, 9, 0, 0, 0, 9, 2, 9, 8, 6, 0);[42.95, 50, 50, 50]
(1, 1.0, 0, 0, 9, 2, 9, 8, 9, 0, 0, 0, 9, 2, 9, 8, 8, 0);[42.02235, 50, 50, 50]
(2, 1.0, 2, 0, 9, 2, 9, 8, 6, 0, 0, 0, 9, 2, 9, 8, 3, 0);[44.35, 50, 50, 50]
(0, 0.0, 1, 0, 9, 2, 9, 8, 6, 0, 0, 0, 9, 2, 9, 8, 1, 0);[44.15, 50, 50, 50]
(0, 1.0, 0, 0, 9, 2, 9, 8, 8, 0, 0, 0, 9, 2, 9, 8, 3, 0);[43.55, 43.55, 50, 50]
(0, 1.0, 0, 0, 9, 2, 9, 8, 9, 0, 0, 0, 9, 2, 9, 8, 5, 0);[43.15, 50, 50, 50]
(0, 1.0, 0, 0, 9, 2, 9, 8, 9, 0, 0, 0, 9, 2, 9, 8, 7, 0);[42.03225, 50, 50, 50]
(2, 1.0, 0, 0, 9, 2, 9, 8, 6, 0, 0, 0, 9, 2, 9, 8, 2, 0);[44.35, 50, 50, 50]
(0, 0.0, 0, 0, 9, 2, 9, 8, 6, 0, 0, 0, 9, 2, 9, 8, 1, 0);[44.25, 43.85, 44.15, 50]
(2, 0.0, 0, 0, 9, 2, 9, 8, 8, 0, 0, 0, 9, 2, 9, 8, 3, 0);[44.15, 50, 50, 50]
(2, 0.0, 0, 0, 9, 2, 9, 8, 8, 0, 0, 0, 9, 2, 9, 8, 2, 0);[44.25, 50, 50, 50]
(2, 1.0, 0, 0, 9, 2, 9, 8, 6, 0, 0, 0, 9, 2, 9, 8, 1, 0);[44.35, 50, 50, 50]
(1, 0.0, 0, 0, 9, 2, 9, 8, 9, 0, 0, 0, 9, 2, 9, 8, 5, 0);[43.15, 50, 50, 50]
(1, 0.0, 0, 0, 9, 2, 9, 8, 9, 0, 0, 0, 9, 2, 9, 8, 7, 0);[42.16195, 50, 50, 50]
(3, 0.0, 0, 0, 9, 2, 9, 8, 6, 0, 0, 0, 9, 2, 9, 8, 1, 0);[44.15, 50, 50, 50]
(3, 0.0, 0, 0, 9, 2, 9, 8, 6, 0, 0, 0, 9, 2, 9, 8, 2, 0);[43.85, 50, 50, 50]
(3, 1.0, 0, 0, 9, 2, 9, 8, 8, 0, 0, 0, 9, 2, 9, 8, 3, 0);[43.65, 50, 50, 50]
(0, 0.0, 0, 0, 9, 2, 9, 8, 8, 0, 0, 0, 9, 2, 9, 8, 4, 0);[43.35, 50, 50, 50]
(0, 0.0, 0, 0, 9, 2, 9, 8, 9, 0, 0, 0, 9, 2, 9, 8, 6, 0);[42.95, 50, 50, 50]
(2, 0.0, 0, 0, 9, 2, 9, 8, 8, 0, 0, 0, 9, 2, 9, 8, 7, 0);[43.65, 50, 50, 50]
(2, 0.0, 0, 0, 9, 2, 9, 8, 7, 0, 0, 0, 9, 2, 9, 8, 4, 0);[43.85, 50, 50, 50]
(2, 1.0, 0, 0, 9, 2, 9, 8, 7, 0, 0, 0, 9, 2, 9, 8, 3, 0);[43.95, 50, 50, 50]
(0, 0.0, 0, 0, 9, 2, 9, 8, 7, 0, 0, 0, 9, 2, 9, 8, 3, 0);[43.75, 50, 50, 50]
(0, 0.0, 0, 0, 9, 2, 9, 8, 7, 0, 0, 0, 9, 2, 9, 8, 4, 0);[43.35, 50, 50, 50]
(0, 1.0, 0, 0, 9, 2, 9, 8, 7, 0, 0, 0, 9, 2, 9, 8, 6, 0);[43.15, 50, 50, 50]
(0, 1.0, 0, 0, 9, 2, 9, 8, 7, 0, 0, 0, 9, 2, 9, 8, 7, 0);[43.15, 43.05, 43.45, 50]
(1, 0.0, 0, 0, 9, 2, 9, 8, 7, 0, 0, 0, 9, 2, 9, 8, 7, 0);[43.05, 43.05, 50, 50]
(1, 1.0, 0, 0, 9, 2, 9, 8, 7, 0, 0, 0, 9, 2, 9, 8, 7, 0);[43.15, 50, 50, 50]
(0, 0.0, 0, 0, 9, 2, 9, 8, 7, 0, 0, 0, 9, 2, 9, 8, 7, 0);[43.15, 43.15, 50, 50]
(2, 0.0, 0, 0, 9, 2, 9, 8, 6, 0, 0, 0, 9, 2, 9, 8, 5, 0);[43.95, 50, 50, 50]
(2, 0.0, 0, 0, 9, 2, 9, 8, 6, 0, 0, 0, 9, 2, 9, 8, 3, 0);[43.95, 50, 50, 50]
(2, 1.0, 0, 0, 9, 2, 9, 8, 6, 1, 0, 0, 9, 2, 9, 8, 2, 0);[43.75, 50, 50, 50]
(0, 0.0, 0, 0, 9, 2, 9, 8, 6, 1, 0, 0, 9, 2, 9, 8, 3, 0);[43.45, 50, 50, 50]
(0, 0.0, 0, 0, 9, 2, 9, 8, 6, 1, 0, 0, 9, 2, 9, 8, 4, 1);[43.15, 50, 50, 50]
(0, 1.0, 0, 0, 9, 2, 9, 8, 6, 1, 0, 0, 9, 2, 9, 8, 6, 1);[43.15, 43.15, 43.35, 50]
(1, 0.0, 0, 0, 9, 2, 9, 8, 6, 1, 0, 0, 9, 2, 9, 8, 6, 1);[43.15, 43.15, 50, 50]
(1, 1.0, 0, 0, 9, 2, 9, 8, 6, 1, 0, 0, 9, 2, 9, 8, 6, 1);[43.05, 50, 50, 50]
(0, 0.0, 0, 0, 9, 2, 9, 8, 6, 1, 0, 0, 9, 2, 9, 8, 6, 1);[43.05, 43.05, 50, 50]
(2, 0.0, 0, 0, 9, 2, 9, 8, 6, 1, 0, 0, 9, 2, 9, 8, 5, 1);[43.85, 50, 50, 50]
(2, 0.0, 0, 0, 9, 2, 9, 8, 5, 1, 0, 0, 9, 2, 9, 8, 2, 1);[44.25, 50, 50, 50]
(2, 1.0, 0, 0, 9, 2, 9, 8, 3, 1, 0, 0, 9, 2, 9, 8, 0, 1);[44.25, 50, 50, 50]
(0, 0.0, 0, 0, 9, 2, 9, 8, 3, 1, 0, 0, 9, 2, 9, 8, 0, 1);[43.95, 50, 50, 50]
(0, 0.0, 0, 0, 9, 2, 9, 8, 3, 1, 0, 0, 9, 2, 9, 8, 2, 1);[43.65, 50, 50, 50]
(0, 1.0, 0, 0, 9, 2, 9, 8, 3, 1, 0, 0, 9, 2, 9, 8, 3, 1);[43.65, 43.65, 50, 50]
(1, 0.0, 0, 0, 9, 2, 9, 8, 3, 1, 0, 0, 9, 2, 9, 8, 3, 1);[43.65, 43.65, 50, 50]
(1, 1.0, 0, 0, 9, 2, 9, 8, 3, 1, 0, 0, 9, 2, 9, 8, 3, 1);[43.65, 50, 50, 50]
(0, 0.0, 0, 0, 9, 2, 9, 8, 3, 1, 0, 0, 9, 2, 9, 8, 3, 1);[43.65, 43.65, 50, 50]
(0, 1.0, 0, 0, 9, 2, 9, 8, 4, 1, 0, 0, 9, 2, 9, 8, 3, 1);[43.65, 43.55, 50, 50]
(1, 0.0, 0, 0, 9, 2, 9, 8, 4, 1, 0, 0, 9, 2, 9, 8, 4, 1);[43.55, 43.55, 43.45, 43.25]
(1, 1.0, 0, 0, 9, 2, 9, 8, 4, 1, 0, 0, 9, 2, 9, 8, 4, 1);[43.45, 43.25, 43.55, 50]
(0, 0.0, 0, 0, 9, 2, 9, 8, 4, 1, 0, 0, 9, 2, 9, 8, 4, 1);[43.45, 43.45, 50, 50]
(0, 1.0, 0, 0, 9, 2, 9, 8, 4, 1, 0, 0, 9, 2, 9, 8, 4, 1);[43.45, 43.45, 50, 50]
(2, 0.0, 0, 0, 9, 2, 9, 8, 4, 1, 0, 0, 9, 2, 9, 8, 3, 1);[44.05, 50, 50, 50]
(2, 0.0, 0, 0, 9, 2, 9, 8, 3, 2, 0, 0, 9, 2, 9, 8, 0, 1);[44.15, 50, 50, 50]
(2, 1.0, 0, 0, 9, 2, 9, 8, 1, 2, 0, 0, 9, 2, 9, 8, 0, 1);[44.05, 50, 50, 50]
(0, 0.0, 0, 0, 9, 2, 9, 8, 1, 2, 0, 0, 9, 2, 9, 8, 0, 2);[43.85, 50, 50, 50]
(0, 0.0, 0, 0, 9, 2, 9, 8, 1, 2, 0, 0, 9, 2, 9, 8, 1, 2);[43.85, 43.85, 43.85, 50]
(0, 1.0, 0, 0, 9, 2, 9, 8, 1, 2, 0, 0, 9, 2, 9, 8, 1, 2);[43.85, 43.85, 50, 50]
(1, 0.0, 0, 0, 9, 2, 9, 8, 1, 2, 0, 0, 9, 2, 9, 8, 1, 2);[43.85, 43.85, 50, 50]
(1, 1.0, 0, 0, 9, 2, 9, 8, 1, 2, 0, 0, 9, 2, 9, 8, 1, 2);[43.85, 50, 50, 50]
(0, 0.0, 0, 0, 9, 2, 9, 8, 2, 2, 0, 0, 9, 2, 9, 8, 1, 2);[43.85, 43.75, 50, 50]
(0, 1.0, 0, 0, 9, 2, 9, 8, 2, 2, 0, 0, 9, 2, 9, 8, 2, 2);[43.75, 43.75, 43.95, 50]
(1, 0.0, 0, 0, 9, 2, 9, 8, 2, 2, 0, 0, 9, 2, 9, 8, 2, 2);[43.75, 50, 50, 50]
(1, 0.0, 1, 0, 9, 2, 9, 8, 2, 2, 0, 0, 9, 2, 9, 8, 2, 2);[43.65, 50, 50, 50]
(1, 1.0, 1, 0, 9, 2, 9, 8, 2, 2, 0, 0, 9, 2, 9, 8, 2, 2);[43.65, 50, 50, 50]
(0, 0.0, 0, 0, 9, 2, 9, 8, 2, 2, 0, 0, 9, 2, 9, 8, 2, 2);[43.65, 43.65, 50, 50]
(2, 0.0, 0, 0, 9, 2, 9, 8, 1, 2, 0, 0, 9, 2, 9, 8, 0, 2);[44.05, 50, 50, 50]
(2, 0.0, 0, 0, 9, 2, 9, 8, 0, 2, 0, 0, 9, 2, 9, 8, 0, 2);[38.595, 38.10594999999999, 38.12575, 43.95]
(2, 1.0, 0, 0, 9, 2, 9, 8, 0, 2, 0, 0, 9, 2, 9, 8, 0, 2);[44.05, 44.05, 43.95, 38.28595]
(0, 0.0, 0, 0, 9, 2, 9, 8, 0, 2, 0, 0, 9, 2, 9, 8, 0, 2);[38.205949999999994, 38.215849999999996, 38.00605, 38.015950000000004]
(0, 1.0, 0, 0, 9, 2, 9, 8, 0, 2, 0, 0, 9, 2, 9, 8, 0, 2);[38.10594999999999, 38.69499999999999, 44.05, 38.885]
(1, 0.0, 0, 0, 9, 2, 9, 8, 0, 2, 0, 0, 9, 2, 9, 8, 0, 2);[43.85, 43.85, 38.10594999999999, 38.605000000000004]
(1, 1.0, 0, 0, 9, 2, 9, 8, 0, 2, 0, 0, 9, 2, 9, 8, 0, 2);[43.95, 43.95, 43.95, 43.47085]
(3, 0.0, 0, 0, 9, 2, 9, 8, 0, 2, 0, 0, 9, 2, 9, 8, 0, 1);[44.45, 50, 50, 50]
(3, 0.0, 0, 0, 9, 2, 9, 8, 0, 1, 0, 0, 9, 2, 9, 8, 0, 0);[44.15, 50, 50, 50]
(3, 1.0, 0, 0, 9, 2, 9, 8, 0, 1, 0, 0, 9, 2, 9, 8, 0, 1);[44.25, 50, 50, 50]
(0, 0.0, 0, 0, 9, 2, 9, 8, 0, 1, 0, 0, 9, 2, 9, 8, 0, 1);[44.25, 44.25, 44.25, 50]
(0, 1.0, 0, 0, 9, 2, 9, 8, 0, 1, 0, 0, 9, 2, 9, 8, 0, 1);[44.25, 44.25, 50, 50]
(1, 0.0, 0, 0, 9, 2, 9, 8, 0, 1, 0, 0, 9, 2, 9, 8, 0, 1);[44.25, 44.25, 50, 50]
(1, 1.0, 0, 0, 9, 2, 9, 8, 0, 1, 0, 0, 9, 2, 9, 8, 0, 1);[44.25, 50, 50, 50]
(0, 0.0, 0, 0, 9, 2, 9, 8, 0, 2, 0, 0, 9, 2, 9, 8, 0, 1);[44.25, 50, 50, 50]
(0, 1.0, 0, 0, 9, 2, 9, 8, 0, 2, 0, 0, 9, 2, 9, 8, 0, 1);[44.15, 50, 50, 50]
(3, 0.0, 0, 0, 9, 2, 9, 8, 0, 2, 0, 0, 9, 2, 9, 8, 0, 2);[38.10585, 38.685, 38.10594999999999, 38.69499999999999]
(3, 1.0, 0, 0, 9, 2, 9, 8, 0, 2, 0, 0, 9, 2, 9, 8, 0, 2);[37.655905, 43.46095, 43.46095, 38.10594999999999]
(1, 0.0, 0, 0, 9, 2, 9, 8, 1, 2, 0, 0, 9, 2, 9, 8, 0, 2);[44.05, 43.95, 50, 50]
(1, 1.0, 0, 0, 9, 2, 9, 8, 1, 2, 0, 0, 9, 2, 9, 8, 0, 2);[43.85, 50, 50, 50]
(0, 1.0, 0, 0, 9, 2, 9, 8, 1, 3, 0, 0, 9, 2, 9, 8, 1, 2);[43.85, 43.75, 50, 50]
(1, 0.0, 0, 0, 9, 2, 9, 8, 1, 3, 0, 0, 9, 2, 9, 8, 1, 3);[43.75, 43.75, 43.65, 43.65]
(1, 1.0, 0, 0, 9, 2, 9, 8, 1, 3, 0, 0, 9, 2, 9, 8, 1, 3);[43.75, 43.65, 43.95, 50]
(0, 0.0, 0, 0, 9, 2, 9, 8, 1, 3, 0, 0, 9, 2, 9, 8, 1, 3);[43.75, 43.75, 43.65, 50]
(0, 1.0, 0, 0, 9, 2, 9, 8, 1, 3, 0, 0, 9, 2, 9, 8, 1, 3);[43.65, 43.65, 50, 43.65]
(3, 0.0, 0, 0, 9, 2, 9, 8, 1, 3, 0, 0, 9, 2, 9, 8, 1, 3);[43.65, 43.65, 50, 50]
(3, 1.0, 1, 0, 9, 2, 9, 8, 1, 3, 0, 0, 9, 2, 9, 8, 1, 3);[43.65, 50, 50, 50]
(0, 0.0, 1, 0, 9, 2, 9, 8, 1, 3, 0, 0, 9, 2, 9, 8, 1, 3);[43.65, 50, 50, 50]
(2, 0.0, 0, 0, 9, 2, 9, 8, 1, 3, 0, 0, 9, 2, 9, 8, 0, 3);[43.95, 50, 50, 50]
(2, 0.0, 0, 0, 9, 2, 9, 8, 0, 3, 0, 0, 9, 2, 9, 8, 0, 3);[-2593.346067156095, -2592.4631160438344, -2591.595294607035, -2591.0923695515307]
(2, 1.0, 0, 0, 9, 2, 9, 8, 0, 3, 0, 0, 9, 2, 9, 8, 0, 3);[-2584.3294679744126, -2581.8959894140667, -2581.013944575138, -2583.0426543704893]
(0, 0.0, 0, 0, 9, 2, 9, 8, 0, 3, 0, 0, 9, 2, 9, 8, 0, 3);[-2590.194710287661, -2591.183115611148, -2591.49056848137, -2593.3079705230043]
(0, 1.0, 0, 0, 9, 2, 9, 8, 0, 3, 0, 0, 9, 2, 9, 8, 0, 3);[-2580.7665670822585, -2580.452033984181, -2582.722141305329, -2581.610387941355]
(1, 0.0, 0, 0, 9, 2, 9, 8, 0, 3, 0, 0, 9, 2, 9, 8, 0, 3);[-2591.512979925233, -2590.893097582112, -2592.4106643631935, -2590.0679703186815]
(1, 1.0, 0, 0, 9, 2, 9, 8, 0, 3, 0, 0, 9, 2, 9, 8, 0, 3);[-2581.3168831959233, -2580.9885118365223, -2581.102133678079, -2584.5769701748045]
(3, 0.0, 0, 0, 9, 2, 9, 8, 0, 3, 0, 0, 9, 2, 9, 8, 0, 3);[-2593.576987682172, -2591.998764527383, -2591.578082563083, -2592.810624260748]
(3, 1.0, 0, 0, 9, 2, 9, 8, 0, 3, 0, 0, 9, 2, 9, 8, 0, 3);[-2582.768069213419, -2583.445021850417, -2584.162996394303, -2580.7233547460855]
