(0, 0.0, 0, 0, 0, 0, 0, 0, 0, 0, 0, 0, 0, 0, 0, 0, 0, 0);[16.981725853101366, 0, 0.0, 0]
(0, 1.0, 0, 0, 0, 0, 0, 0, 0, 0, 0, 0, 0, 0, 0, 0, 0, 0);[49.901589, 49.958, 49.945, 49.959900000000005]
(1, 0.0, 0, 0, 0, 0, 0, 0, 0, 0, 0, 0, 0, 0, 0, 0, 0, 0);[49.875055, 49.94, 49.8735, 49.938]
(1, 1.0, 0, 0, 0, 0, 0, 0, 0, 0, 0, 0, 0, 0, 0, 0, 0, 0);[45.484654, 49.945, 49.94, 50]
(2, 0.0, 0, 0, 0, 0, 0, 0, 0, 0, 0, 0, 0, 0, 0, 0, 0, 0);[49.945, 49.945, 49.938, 49.933]
(2, 1.0, 0, 0, 0, 0, 0, 0, 0, 0, 0, 0, 0, 0, 0, 0, 0, 0);[45.9243574114, 49.924555, 50, 50]
(3, 0.0, 0, 0, 0, 0, 0, 0, 0, 0, 0, 0, 0, 0, 0, 0, 0, 0);[49.95, 49.95, 49.947, 49.945]
(3, 1.0, 0, 0, 0, 0, 0, 0, 0, 0, 0, 0, 0, 0, 0, 0, 0, 0);[46.32469474858974, 49.945, 50, 50]
(1, 1.0, 0, 0, 1, 0, 0, 0, 0, 0, 0, 0, 0, 0, 0, 0, 0, 0);[50.009, 50, 50, 50]
(0, 0.0, 0, 0, 1, 0, 0, 0, 0, 0, 0, 0, 0, 0, 0, 0, 0, 0);[49.952, 50, 50, 50]
(0, 0.0, 0, 0, 1, 0, 0, 0, 0, 0, 0, 0, 1, 0, 0, 0, 0, 0);[49.93, 50, 50, 50]
(0, 1.0, 0, 0, 1, 0, 0, 0, 0, 0, 0, 0, 1, 0, 0, 0, 0, 0);[49.93, 49.93, 50, 50]
(1, 0.0, 0, 0, 1, 0, 0, 0, 0, 0, 0, 0, 1, 0, 0, 0, 0, 0);[49.93, 49.93, 50, 50]
(1, 1.0, 0, 0, 1, 0, 0, 0, 0, 0, 0, 0, 1, 0, 0, 0, 0, 0);[49.93, 50, 50, 50]
(0, 0.0, 0, 0, 1, 0, 0, 0, 0, 1, 0, 0, 1, 0, 0, 0, 0, 0);[49.929, 49.923, 50, 50]
(0, 1.0, 0, 0, 2, 0, 0, 0, 1, 1, 0, 0, 1, 0, 0, 0, 0, 0);[49.92, 50, 50, 50]
(0, 1.0, 0, 0, 2, 0, 0, 0, 1, 1, 0, 0, 1, 0, 0, 0, 0, 1);[49.916, 50, 50, 50]
(0, 1.0, 0, 0, 2, 0, 0, 0, 1, 1, 0, 0, 2, 0, 0, 0, 0, 1);[49.91, 50, 50, 50]
(0, 1.0, 0, 0, 2, 0, 0, 0, 1, 1, 0, 0, 2, 0, 0, 0, 1, 1);[49.91, 49.91, 50, 50]
(1, 0.0, 0, 0, 2, 0, 0, 0, 1, 1, 0, 0, 2, 0, 0, 0, 1, 1);[49.91, 49.91, 50, 50]
(1, 1.0, 0, 0, 2, 0, 0, 0, 1, 1, 0, 0, 2, 0, 0, 0, 1, 1);[49.91, 50, 50, 50]
(0, 0.0, 0, 0, 2, 0, 0, 0, 1, 1, 0, 0, 2, 0, 0, 0, 1, 1);[49.903999999999996, 49.899, 50, 50]
(0, 1.0, 0, 0, 2, 0, 0, 0, 2, 1, 0, 0, 2, 0, 0, 0, 1, 1);[49.895, 49.911, 50, 50]
(1, 0.0, 0, 0, 2, 0, 0, 0, 2, 2, 0, 0, 2, 0, 0, 0, 2, 1);[49.895, 49.893, 50, 50]
(1, 1.0, 0, 0, 2, 0, 0, 0, 2, 2, 0, 0, 2, 0, 0, 0, 2, 2);[49.889, 50, 50, 50]
(0, 0.0, 0, 0, 2, 0, 0, 0, 2, 2, 0, 0, 2, 0, 0, 0, 2, 2);[49.885, 49.885, 50, 50]
(0, 1.0, 0, 0, 2, 0, 0, 0, 2, 2, 0, 0, 2, 0, 0, 0, 2, 2);[49.885, 50, 50, 50]
(0, 1.0, 0, 0, 2, 0, 0, 0, 2, 3, 0, 0, 2, 0, 0, 0, 2, 2);[49.881, 49.879, 50, 50]
(1, 0.0, 0, 0, 2, 0, 0, 0, 2, 3, 0, 0, 2, 0, 0, 0, 2, 3);[49.873, 49.865, 49.862, 50]
(1, 0.0, 1, 0, 2, 0, 0, 0, 2, 3, 0, 0, 2, 0, 0, 0, 2, 3);[49.87, 50, 50, 50]
(1, 1.0, 2, 0, 2, 0, 0, 0, 2, 3, 0, 0, 2, 0, 0, 0, 2, 3);[49.882, 50, 50, 50]
(0, 0.0, 2, 0, 2, 0, 0, 0, 2, 3, 0, 0, 2, 0, 0, 0, 2, 3);[49.866, 50, 50, 50]
(0, 0.0, 1, 0, 2, 0, 0, 0, 2, 3, 0, 0, 2, 0, 0, 0, 2, 3);[49.865, 50, 50, 50]
(0, 1.0, 0, 0, 2, 0, 0, 0, 2, 3, 0, 0, 2, 0, 0, 0, 2, 3);[49.865, 49.881, 50.301, 50]
(1, 1.0, 0, 0, 2, 0, 0, 0, 2, 3, 0, 0, 2, 0, 0, 0, 2, 3);[49.86, 50, 50, 50]
(0, 0.0, 0, 0, 2, 0, 0, 0, 2, 3, 0, 0, 2, 0, 0, 0, 2, 3);[49.86, 49.86, 50, 50]
(2, 0.0, 0, 0, 2, 0, 0, 0, 2, 3, 0, 0, 1, 0, 0, 0, 1, 3);[50.554, 50, 50, 50]
(2, 0.0, 0, 0, 1, 0, 0, 0, 1, 3, 0, 0, 0, 0, 0, 0, 0, 3);[50.288, 50, 50, 50]
(2, 1.0, 0, 0, 0, 0, 0, 0, 0, 3, 0, 0, 0, 0, 0, 0, 0, 3);[49.91, 49.91, 49.908, 50.562]
(0, 0.0, 0, 0, 0, 0, 0, 0, 0, 3, 0, 0, 0, 0, 0, 0, 0, 3);[49.91, 49.91, 50, 50]
(0, 1.0, 0, 0, 0, 0, 0, 0, 0, 3, 0, 0, 0, 0, 0, 0, 0, 3);[49.91, 49.91, 49.91, 50]
(1, 0.0, 0, 0, 0, 0, 0, 0, 0, 3, 0, 0, 0, 0, 0, 0, 0, 3);[49.91, 49.91, 49.91, 49.92]
(1, 0.0, 0, 0, 0, 0, 0, 0, 0, 4, 0, 0, 0, 0, 0, 0, 0, 3);[49.91, 50, 50, 50]
(1, 1.0, 0, 0, 0, 0, 0, 0, 0, 4, 0, 0, 0, 0, 0, 0, 0, 3);[49.907, 50, 50, 50]
(0, 0.0, 0, 0, 0, 0, 0, 0, 0, 4, 0, 0, 0, 0, 0, 0, 0, 4);[49.903999999999996, 49.899, 49.895, 49.895]
(0, 1.0, 0, 0, 0, 0, 0, 0, 0, 4, 0, 0, 0, 0, 0, 0, 0, 4);[49.893, 49.936, 49.895, 50]
(2, 0.0, 0, 0, 0, 0, 0, 0, 0, 4, 0, 0, 0, 0, 0, 0, 0, 4);[49.895, 49.895, 50, 50]
(2, 1.0, 0, 0, 0, 0, 0, 0, 0, 4, 0, 0, 0, 0, 0, 0, 0, 4);[49.895, 50, 50, 50]
(1, 0.0, 0, 0, 0, 0, 0, 0, 0, 4, 0, 0, 0, 0, 0, 0, 0, 4);[49.895, 50, 49.895, 50]
(1, 1.0, 0, 0, 0, 0, 0, 0, 0, 4, 0, 0, 0, 0, 0, 0, 0, 4);[49.895, 50, 50, 50]
(0, 0.0, 0, 0, 0, 0, 0, 0, 1, 4, 0, 0, 0, 0, 0, 0, 0, 4);[49.895, 49.895, 50, 50]
(0, 1.0, 0, 0, 0, 0, 0, 0, 1, 4, 0, 0, 0, 0, 0, 0, 0, 4);[49.891, 50, 50, 50]
(0, 1.0, 0, 0, 0, 0, 0, 0, 1, 4, 0, 0, 0, 0, 0, 0, 1, 4);[49.89, 49.89, 50, 50]
(1, 0.0, 0, 0, 0, 0, 1, 0, 1, 4, 0, 0, 0, 0, 0, 0, 1, 4);[49.89, 50, 50, 50]
(1, 0.0, 0, 0, 0, 1, 1, 0, 1, 4, 0, 0, 0, 0, 0, 0, 1, 4);[49.887, 50, 50, 50]
(1, 1.0, 0, 0, 1, 1, 1, 0, 1, 4, 0, 0, 0, 0, 0, 0, 1, 4);[49.885, 50, 50, 50]
(0, 0.0, 0, 0, 1, 1, 0, 0, 1, 4, 0, 0, 0, 0, 0, 0, 1, 4);[49.883, 50, 50, 50]
(0, 0.0, 0, 0, 1, 1, 0, 0, 1, 4, 0, 0, 1, 1, 0, 0, 1, 4);[49.875, 49.875, 49.87, 50]
(0, 1.0, 0, 0, 1, 1, 0, 0, 1, 4, 0, 0, 1, 1, 0, 0, 1, 4);[49.875, 49.875, 50, 50]
(1, 0.0, 0, 0, 1, 1, 0, 0, 1, 4, 0, 0, 1, 1, 0, 0, 1, 4);[49.875, 49.875, 50, 50]
(1, 1.0, 0, 0, 1, 1, 0, 0, 1, 4, 0, 0, 1, 1, 0, 0, 1, 4);[49.875, 50, 50, 50]
(0, 1.0, 0, 0, 1, 1, 0, 0, 1, 5, 0, 0, 1, 1, 0, 0, 1, 4);[49.87, 49.867, 50, 50]
(1, 0.0, 0, 0, 1, 1, 0, 0, 1, 6, 0, 0, 1, 1, 0, 0, 1, 5);[49.863, 49.855000000000004, 50, 50]
(1, 1.0, 0, 0, 1, 1, 0, 0, 1, 6, 0, 0, 1, 1, 0, 0, 1, 6);[49.855, 50, 50, 50]
(0, 0.0, 0, 0, 1, 1, 0, 0, 1, 6, 0, 0, 1, 1, 0, 0, 1, 6);[49.855000000000004, 49.855, 50, 50]
(0, 1.0, 0, 0, 1, 1, 0, 0, 1, 6, 0, 0, 1, 1, 0, 0, 1, 6);[50, 49.855, 50, 50]
(1, 0.0, 0, 0, 1, 1, 0, 0, 2, 6, 0, 0, 1, 1, 0, 0, 1, 6);[49.855000000000004, 49.852, 50, 50]
(1, 1.0, 0, 0, 1, 1, 0, 0, 2, 6, 0, 0, 1, 1, 0, 0, 2, 6);[49.85, 49.845, 50.195, 50]
(0, 0.0, 0, 0, 1, 1, 0, 0, 2, 6, 0, 0, 1, 1, 0, 0, 2, 6);[49.85, 49.85, 50, 50]
(0, 1.0, 0, 0, 1, 1, 0, 0, 2, 6, 0, 0, 1, 1, 0, 0, 2, 6);[49.85, 49.845, 50, 50]
(1, 0.0, 0, 0, 1, 1, 0, 0, 2, 6, 0, 0, 1, 1, 0, 0, 2, 6);[49.845, 49.845, 50, 50]
(2, 0.0, 0, 0, 1, 1, 0, 0, 1, 6, 0, 0, 0, 1, 0, 0, 0, 6);[50.276, 50, 50, 50]
(2, 0.0, 0, 0, 0, 1, 0, 0, 0, 6, 0, 0, 0, 1, 0, 0, 0, 6);[49.923, 49.824600000000004, 49.881, 49.875]
(2, 1.0, 0, 0, 0, 1, 0, 0, 0, 6, 0, 0, 0, 1, 0, 0, 0, 6);[49.875, 49.885, 49.875, 50.66]
(0, 0.0, 0, 0, 0, 1, 0, 0, 0, 6, 0, 0, 0, 1, 0, 0, 0, 6);[49.875, 49.883, 49.88, 50]
(0, 0.0, 0, 0, 0, 1, 0, 0, 0, 7, 0, 0, 0, 1, 0, 0, 0, 6);[49.873, 50, 50, 50]
(0, 1.0, 0, 0, 0, 1, 0, 0, 0, 8, 0, 0, 0, 1, 0, 0, 0, 7);[49.862, 49.855, 50, 50]
(0, 1.0, 0, 0, 0, 1, 0, 0, 0, 8, 0, 0, 0, 1, 0, 0, 0, 8);[49.86, 49.86, 49.888, 51.117]
(1, 0.0, 0, 0, 0, 1, 0, 0, 0, 8, 0, 0, 0, 1, 0, 0, 0, 8);[49.725100000000005, 49.853, 49.855000000000004, 49.855]
(1, 1.0, 0, 0, 0, 1, 0, 0, 0, 9, 0, 0, 0, 1, 0, 0, 0, 8);[49.854, 50, 50, 50]
(0, 0.0, 0, 0, 0, 1, 0, 0, 0, 9, 0, 0, 0, 1, 0, 0, 0, 9);[49.702, 49.839999999999996, 49.84, 49.835]
(0, 0.0, 0, 0, 0, 1, 0, 0, 1, 9, 0, 0, 0, 1, 0, 0, 0, 9);[49.85, 50, 50, 50]
(0, 1.0, 0, 0, 0, 1, 0, 0, 1, 9, 0, 0, 0, 1, 0, 0, 0, 9);[49.847, 49.841, 50, 50]
(1, 0.0, 0, 0, 0, 1, 0, 0, 1, 9, 0, 0, 0, 1, 0, 0, 1, 9);[49.838, 49.835, 50, 50]
(1, 1.0, 0, 0, 0, 1, 0, 0, 1, 9, 0, 0, 0, 1, 0, 0, 1, 9);[49.835, 50, 50, 50]
(0, 0.0, 0, 0, 0, 1, 0, 0, 1, 9, 0, 0, 0, 1, 0, 0, 1, 9);[49.833, 49.835, 50, 50]
(0, 1.0, 0, 0, 0, 1, 0, 0, 1, 9, 0, 0, 0, 1, 0, 0, 1, 9);[49.835, 49.835, 50, 50]
(1, 0.0, 0, 0, 1, 1, 0, 0, 1, 9, 0, 0, 0, 1, 0, 0, 1, 9);[49.828, 49.833, 50, 50]
(1, 1.0, 0, 0, 1, 1, 0, 0, 1, 9, 0, 0, 1, 1, 0, 0, 1, 9);[49.832, 49.815, 50.003, 50]
(0, 0.0, 0, 0, 1, 1, 0, 0, 1, 9, 0, 0, 1, 1, 0, 0, 1, 9);[49.825, 49.825, 50, 50]
(0, 1.0, 0, 0, 1, 1, 0, 0, 1, 9, 0, 0, 1, 1, 0, 0, 1, 9);[49.825, 49.823, 50, 50]
(1, 0.0, 0, 0, 1, 1, 0, 0, 1, 9, 0, 0, 1, 1, 0, 0, 1, 9);[49.82, 49.817, 50, 50]
(2, 0.0, 0, 0, 1, 1, 0, 0, 0, 9, 0, 0, 0, 1, 0, 0, 0, 9);[49.860699999999994, 50, 50, 50]
(2, 1.0, 0, 0, 1, 1, 0, 0, 0, 9, 0, 0, 0, 1, 0, 0, 0, 9);[49.879, 50, 50, 50]
(0, 1.0, 0, 0, 0, 1, 0, 0, 0, 9, 0, 0, 0, 1, 0, 0, 0, 9);[49.839999999999996, 49.84, 49.910000000000004, 50]
(1, 0.0, 0, 0, 0, 1, 0, 0, 0, 9, 0, 0, 0, 1, 0, 0, 0, 9);[49.84, 49.833, 50, 50]
(1, 1.0, 0, 0, 0, 1, 0, 0, 0, 9, 0, 0, 0, 1, 0, 0, 0, 9);[49.835, 50, 50, 50]
(2, 0.0, 0, 0, 0, 2, 0, 0, 0, 9, 0, 0, 0, 1, 0, 0, 0, 9);[49.845, 49.84, 50, 50]
(2, 1.0, 0, 0, 0, 2, 0, 0, 0, 9, 0, 0, 0, 2, 0, 0, 0, 9);[49.835, 49.851, 49.83, 51.43]
(0, 0.0, 0, 0, 0, 2, 0, 0, 0, 9, 0, 0, 0, 2, 0, 0, 0, 9);[49.835, 49.835, 49.835, 49.830999999999996]
(0, 1.0, 0, 0, 0, 2, 0, 0, 0, 9, 0, 0, 0, 2, 0, 0, 0, 9);[49.835, 49.835, 49.83, 50]
(1, 0.0, 0, 0, 0, 2, 0, 0, 0, 9, 0, 0, 0, 2, 0, 0, 0, 9);[49.835, 49.835, 49.83, 49.83]
(1, 1.0, 0, 0, 0, 2, 0, 0, 0, 9, 0, 0, 0, 2, 0, 0, 0, 9);[49.835, 49.83, 49.83, 50]
(2, 0.0, 0, 0, 0, 2, 0, 0, 0, 9, 0, 0, 0, 2, 0, 0, 0, 9);[49.83, 49.83, 49.83, 49.83]
(3, 0.0, 0, 0, 0, 1, 0, 0, 0, 9, 0, 0, 0, 0, 0, 0, 0, 8);[52.167, 50, 50, 50]
(3, 0.0, 0, 0, 0, 0, 0, 0, 0, 8, 0, 0, 0, 0, 0, 0, 0, 5);[52.097, 50, 50, 50]
(3, 1.0, 0, 0, 0, 0, 0, 0, 0, 6, 0, 0, 0, 0, 0, 0, 0, 3);[49.983000000000004, 50, 50, 50]
(0, 0.0, 0, 0, 0, 0, 0, 0, 0, 6, 0, 0, 0, 0, 0, 0, 0, 1);[49.941, 50, 50, 50]
(0, 0.0, 0, 0, 0, 1, 0, 0, 0, 6, 0, 0, 0, 0, 0, 0, 0, 1);[49.924, 50, 50, 50]
(0, 1.0, 0, 0, 0, 1, 0, 0, 0, 7, 0, 0, 0, 0, 0, 0, 0, 3);[49.907, 50, 50, 50]
(0, 1.0, 0, 0, 0, 1, 0, 0, 0, 8, 0, 0, 0, 0, 0, 0, 0, 4);[49.88, 50, 50, 50]
(0, 1.0, 0, 0, 0, 1, 0, 0, 0, 8, 0, 0, 0, 1, 0, 0, 0, 6);[49.863, 50, 50, 50]
(1, 0.0, 0, 0, 1, 1, 0, 0, 0, 8, 0, 0, 0, 1, 0, 0, 0, 8);[49.855, 50, 50, 50]
(1, 1.0, 0, 0, 1, 1, 0, 0, 0, 8, 0, 0, 0, 1, 0, 0, 0, 8);[49.855000000000004, 50, 50, 50]
(0, 0.0, 0, 0, 1, 1, 0, 0, 0, 8, 0, 0, 0, 1, 0, 0, 0, 8);[49.852, 50, 50, 50]
(0, 0.0, 0, 0, 1, 1, 0, 0, 0, 8, 0, 0, 1, 1, 0, 0, 0, 8);[49.85, 50, 50, 50]
(0, 1.0, 0, 0, 1, 1, 0, 0, 0, 8, 0, 0, 1, 1, 0, 0, 0, 8);[49.847, 49.845, 50, 50]
(1, 0.0, 0, 0, 1, 1, 0, 0, 0, 8, 0, 0, 1, 1, 0, 0, 0, 8);[49.842999999999996, 50, 50, 50]
(1, 0.0, 0, 0, 1, 1, 0, 0, 1, 8, 0, 0, 1, 1, 0, 0, 0, 8);[49.845, 50, 50, 50]
(1, 1.0, 0, 0, 1, 1, 0, 0, 1, 8, 0, 0, 1, 1, 0, 0, 0, 8);[49.847, 50, 50, 50]
(0, 0.0, 0, 0, 1, 1, 0, 0, 1, 8, 0, 0, 1, 1, 0, 0, 0, 8);[49.841, 50, 50, 50]
(0, 0.0, 0, 0, 1, 1, 0, 0, 1, 8, 0, 0, 1, 1, 0, 0, 1, 8);[49.838, 50, 50, 50]
(0, 1.0, 0, 0, 1, 1, 0, 0, 1, 8, 0, 0, 1, 1, 0, 0, 1, 8);[49.835, 49.835, 50, 50]
(1, 0.0, 0, 0, 1, 1, 0, 0, 1, 8, 0, 0, 1, 1, 0, 0, 1, 8);[49.83, 49.83, 50, 50]
(1, 1.0, 0, 0, 1, 1, 0, 0, 1, 8, 0, 0, 1, 1, 0, 0, 1, 8);[49.83, 50, 50, 50]
(0, 0.0, 0, 0, 1, 1, 0, 0, 2, 8, 0, 0, 1, 1, 0, 0, 1, 8);[49.83, 49.83, 50, 50]
(0, 1.0, 0, 0, 1, 1, 0, 0, 2, 8, 0, 0, 1, 1, 0, 0, 1, 8);[49.827, 50, 50, 50]
(0, 1.0, 0, 0, 1, 1, 0, 0, 2, 8, 0, 0, 1, 1, 0, 0, 2, 8);[49.825, 49.825, 50, 50]
(1, 0.0, 0, 0, 1, 1, 0, 0, 2, 8, 0, 0, 1, 1, 0, 0, 2, 8);[49.82, 49.815, 50, 50]
(1, 1.0, 0, 0, 1, 1, 0, 0, 2, 8, 0, 0, 1, 1, 0, 0, 2, 8);[49.83, 50, 50, 50]
(0, 0.0, 0, 0, 1, 1, 0, 0, 2, 8, 0, 0, 1, 1, 0, 0, 2, 8);[49.82, 50, 49.827999999999996, 50]
(0, 1.0, 0, 0, 1, 1, 0, 0, 3, 8, 0, 0, 1, 1, 0, 0, 2, 8);[49.82, 49.818, 50, 50]
(1, 0.0, 0, 0, 1, 1, 0, 0, 3, 8, 0, 0, 1, 1, 0, 0, 3, 8);[49.815, 49.815, 49.812, 49.81]
(1, 1.0, 0, 0, 1, 1, 0, 0, 3, 8, 0, 0, 1, 1, 0, 0, 3, 8);[49.815, 49.807, 50.199, 50]
(0, 0.0, 0, 0, 1, 1, 0, 0, 3, 8, 0, 0, 1, 1, 0, 0, 3, 8);[49.815, 49.815, 50, 50]
(0, 1.0, 0, 0, 1, 1, 0, 0, 3, 8, 0, 0, 1, 1, 0, 0, 3, 8);[49.815, 49.815, 50, 50]
(2, 0.0, 0, 0, 1, 1, 0, 0, 3, 8, 0, 0, 0, 1, 0, 0, 2, 8);[50.325, 50, 50, 50]
(2, 0.0, 0, 0, 0, 1, 0, 0, 2, 8, 0, 0, 0, 1, 0, 0, 0, 8);[50.095, 50, 50, 50]
(2, 1.0, 0, 0, 0, 1, 0, 0, 0, 8, 0, 0, 0, 1, 0, 0, 0, 8);[49.853, 49.853, 50, 50]
(0, 0.0, 0, 0, 0, 1, 0, 0, 0, 8, 0, 0, 0, 1, 0, 0, 0, 8);[49.85, 49.85, 49.847, 49.845]
(2, 0.0, 0, 0, 0, 1, 0, 0, 0, 8, 0, 0, 0, 1, 0, 0, 0, 8);[49.855, 49.855, 50, 50]
(1, 1.0, 0, 0, 0, 1, 0, 0, 0, 8, 0, 0, 0, 1, 0, 0, 0, 8);[49.85, 50, 50, 50]
(3, 0.0, 0, 0, 0, 0, 0, 0, 0, 8, 0, 0, 0, 0, 0, 0, 0, 7);[51.967, 50, 50, 50]
(3, 0.0, 0, 0, 0, 0, 0, 0, 0, 7, 0, 0, 0, 0, 0, 0, 0, 4);[52.121, 50, 50, 50]
(3, 1.0, 0, 0, 0, 0, 0, 0, 0, 5, 0, 0, 0, 0, 0, 0, 0, 2);[49.931, 49.942, 50, 50]
(0, 0.0, 0, 1, 0, 0, 0, 0, 0, 5, 0, 0, 0, 0, 0, 0, 0, 0);[49.922, 50, 50, 50]
(0, 0.0, 0, 1, 0, 0, 0, 0, 0, 5, 0, 0, 0, 0, 0, 0, 0, 2);[49.911, 50, 50, 50]
(0, 1.0, 0, 1, 0, 0, 0, 0, 0, 5, 0, 0, 0, 0, 0, 0, 0, 3);[49.895, 50, 50, 50]
(0, 1.0, 0, 1, 0, 0, 0, 0, 0, 6, 0, 1, 0, 0, 0, 0, 0, 4);[49.881, 50, 50, 50]
(0, 1.0, 0, 1, 0, 0, 0, 0, 0, 6, 0, 1, 0, 0, 0, 0, 0, 5);[49.881, 50, 50, 50]
(0, 1.0, 0, 1, 1, 0, 0, 0, 0, 6, 0, 1, 0, 0, 0, 0, 0, 6);[49.88, 49.947, 50, 50]
(1, 0.0, 0, 0, 1, 0, 0, 0, 0, 6, 0, 0, 0, 0, 0, 0, 0, 6);[49.905, 50, 50, 50]
(1, 0.0, 0, 0, 1, 0, 0, 0, 0, 6, 0, 0, 1, 0, 0, 0, 0, 6);[49.885, 49.884, 49.875, 50]
(1, 1.0, 0, 0, 1, 0, 0, 0, 0, 6, 0, 0, 1, 0, 0, 0, 0, 6);[49.885, 49.87, 50.001, 50]
(0, 0.0, 0, 0, 1, 0, 0, 0, 0, 6, 0, 0, 1, 0, 0, 0, 0, 6);[49.885, 50, 50, 50]
(0, 0.0, 0, 0, 1, 0, 1, 0, 0, 6, 0, 0, 1, 0, 0, 0, 0, 6);[49.885, 50, 50, 50]
(0, 1.0, 0, 0, 1, 0, 0, 0, 0, 6, 0, 0, 1, 0, 0, 0, 0, 6);[49.883, 49.885, 49.868, 50]
(2, 0.0, 0, 0, 1, 0, 0, 0, 0, 6, 0, 0, 0, 0, 0, 0, 0, 6);[49.876, 49.928, 50, 50]
(2, 0.0, 0, 0, 0, 0, 0, 0, 0, 6, 0, 0, 0, 0, 0, 0, 0, 6);[49.882, 49.89, 50, 50]
(2, 1.0, 0, 0, 0, 0, 0, 0, 0, 6, 0, 0, 0, 0, 0, 0, 0, 6);[49.907, 49.888, 50, 50]
(0, 0.0, 0, 0, 0, 0, 0, 0, 0, 6, 0, 0, 0, 0, 0, 0, 0, 6);[49.885, 49.885, 49.885, 49.885]
(0, 1.0, 0, 0, 0, 0, 0, 0, 1, 6, 0, 0, 0, 0, 0, 0, 0, 6);[49.885, 49.884, 50, 50]
(1, 0.0, 0, 0, 0, 1, 0, 0, 1, 6, 0, 0, 0, 0, 0, 0, 1, 6);[49.88, 49.87, 50, 50]
(1, 1.0, 0, 0, 0, 1, 0, 0, 1, 6, 0, 0, 0, 0, 0, 0, 1, 6);[49.869, 50, 50, 50]
(0, 0.0, 0, 0, 0, 1, 0, 0, 1, 6, 0, 0, 0, 1, 0, 0, 1, 6);[49.866, 49.865, 49.865, 49.865]
(0, 1.0, 0, 0, 0, 1, 0, 0, 1, 6, 0, 0, 0, 1, 0, 0, 1, 6);[49.865, 49.865, 50.039, 50]
(1, 0.0, 0, 0, 0, 1, 0, 0, 1, 6, 0, 0, 0, 1, 0, 0, 1, 6);[49.863, 49.86, 50, 50]
(1, 1.0, 0, 0, 0, 1, 0, 0, 1, 6, 0, 0, 0, 1, 0, 0, 1, 6);[49.872, 50, 50, 50]
(1, 0.0, 0, 0, 0, 1, 0, 0, 0, 6, 0, 0, 0, 1, 0, 0, 0, 6);[49.883, 49.881, 49.883, 49.885]
(1, 1.0, 0, 0, 0, 1, 0, 0, 0, 6, 0, 0, 0, 1, 0, 0, 0, 6);[49.889, 50, 50, 50]
(0, 1.0, 0, 0, 0, 1, 0, 0, 0, 6, 0, 0, 0, 1, 0, 0, 0, 6);[49.88, 49.899, 49.875, 50]
(1, 1.0, 0, 0, 1, 1, 0, 0, 0, 6, 0, 0, 0, 1, 0, 0, 0, 6);[49.882, 50, 50, 50]
(0, 0.0, 0, 0, 2, 1, 0, 0, 1, 6, 0, 0, 0, 1, 0, 0, 0, 6);[49.87, 50, 50, 50]
(0, 0.0, 0, 0, 4, 1, 0, 0, 1, 6, 0, 0, 1, 1, 0, 0, 0, 6);[49.856, 50, 50, 50]
(0, 1.0, 0, 0, 4, 2, 0, 0, 1, 6, 0, 0, 2, 1, 0, 0, 0, 6);[49.841, 50, 50, 50]
(0, 1.0, 0, 0, 4, 2, 0, 0, 1, 6, 0, 0, 4, 1, 0, 0, 1, 6);[49.828, 50, 50, 50]
(0, 1.0, 0, 0, 4, 2, 0, 0, 1, 6, 0, 0, 4, 2, 0, 0, 1, 6);[49.821, 49.82, 50, 50]
(1, 0.0, 0, 0, 4, 2, 0, 0, 1, 6, 0, 0, 4, 2, 0, 0, 1, 6);[49.82, 50, 50, 50]
(1, 0.0, 1, 0, 4, 2, 0, 0, 1, 6, 0, 0, 4, 2, 0, 0, 1, 6);[49.821, 50, 50, 50]
(1, 1.0, 1, 0, 4, 2, 0, 0, 1, 6, 0, 0, 4, 2, 0, 0, 1, 6);[49.829, 50, 50, 50]
(0, 0.0, 0, 0, 4, 2, 0, 0, 1, 6, 0, 0, 4, 2, 0, 0, 1, 6);[49.825, 50, 50, 50]
(0, 0.0, 0, 0, 4, 4, 0, 0, 1, 6, 0, 0, 4, 2, 0, 0, 1, 6);[49.825, 50, 50, 50]
(0, 1.0, 0, 0, 4, 4, 0, 0, 1, 6, 0, 0, 4, 2, 0, 0, 1, 6);[49.814, 50, 50, 50]
(0, 1.0, 0, 0, 4, 4, 0, 0, 1, 6, 0, 0, 4, 4, 0, 0, 1, 6);[49.81, 50, 50, 50.989]
(3, 0.0, 0, 0, 4, 4, 0, 0, 1, 6, 0, 0, 4, 2, 0, 0, 1, 5);[51.9, 50, 50, 50]
(3, 0.0, 0, 0, 4, 2, 0, 0, 1, 5, 0, 0, 4, 0, 0, 0, 1, 2);[52.83, 50, 50, 50]
(3, 1.0, 0, 0, 4, 1, 0, 0, 1, 3, 0, 0, 4, 0, 0, 0, 1, 0);[49.906, 50, 50, 50]
(0, 0.0, 0, 0, 4, 1, 0, 0, 2, 3, 0, 0, 4, 0, 0, 0, 1, 0);[49.878, 50, 50, 50]
(0, 0.0, 0, 0, 4, 2, 0, 0, 2, 3, 0, 0, 4, 1, 0, 0, 1, 2);[49.855, 50, 50, 50]
(0, 1.0, 0, 0, 4, 2, 0, 0, 2, 3, 0, 0, 4, 1, 0, 0, 1, 3);[49.838, 50, 50, 50]
(0, 1.0, 0, 0, 4, 2, 0, 0, 2, 3, 0, 0, 4, 2, 0, 0, 2, 3);[49.833, 50, 50, 50]
(0, 1.0, 0, 0, 4, 2, 0, 0, 2, 4, 0, 0, 4, 2, 0, 0, 2, 3);[49.835, 49.834, 50, 50]
(1, 0.0, 0, 0, 4, 2, 0, 0, 2, 4, 0, 0, 4, 2, 0, 0, 2, 4);[49.827, 50, 50, 49.832]
(1, 1.0, 0, 0, 4, 2, 0, 0, 2, 4, 0, 0, 4, 2, 0, 0, 2, 4);[49.825, 50, 50, 50]
(0, 0.0, 0, 0, 4, 2, 0, 0, 2, 4, 0, 0, 4, 2, 0, 0, 2, 4);[49.825, 49.83, 50, 50]
(0, 1.0, 0, 0, 4, 2, 0, 0, 2, 4, 0, 0, 4, 2, 0, 0, 2, 4);[49.83, 49.835, 50, 50]
(1, 0.0, 0, 0, 5, 2, 0, 0, 2, 4, 0, 0, 4, 2, 0, 0, 2, 4);[49.835, 49.831, 50, 50]
(1, 1.0, 0, 0, 5, 2, 0, 0, 2, 4, 0, 0, 5, 2, 0, 0, 2, 4);[49.83, 50, 50, 50]
(0, 0.0, 0, 0, 6, 3, 0, 0, 2, 4, 0, 0, 5, 2, 0, 0, 2, 4);[49.823, 49.813, 50, 50]
(0, 1.0, 0, 0, 6, 3, 0, 0, 2, 4, 0, 0, 6, 3, 0, 0, 2, 4);[49.81, 49.81, 50.175, 50]
(1, 0.0, 0, 0, 6, 3, 0, 0, 2, 4, 0, 0, 6, 3, 0, 0, 2, 4);[49.806, 49.81, 50, 50]
(1, 1.0, 0, 0, 6, 3, 0, 0, 2, 4, 0, 0, 6, 3, 0, 0, 2, 4);[49.811, 50, 50, 50]
(0, 0.0, 0, 0, 6, 3, 0, 0, 2, 4, 0, 0, 6, 3, 0, 0, 2, 4);[49.805, 49.803, 50, 50]
(2, 0.0, 0, 0, 5, 3, 0, 0, 2, 4, 0, 0, 4, 3, 0, 0, 1, 4);[50.611, 50, 50, 50]
(2, 0.0, 0, 0, 4, 3, 0, 0, 1, 4, 0, 0, 1, 3, 0, 0, 0, 4);[50.71, 50, 50, 50]
(2, 1.0, 0, 0, 2, 3, 0, 0, 0, 4, 0, 0, 0, 3, 0, 0, 0, 4);[49.896, 50, 50, 50]
(0, 0.0, 0, 0, 2, 3, 0, 0, 0, 4, 0, 0, 0, 3, 0, 0, 0, 4);[49.876, 50, 50, 50]
(0, 0.0, 0, 0, 2, 3, 0, 0, 0, 4, 0, 0, 2, 3, 0, 0, 0, 4);[49.865, 49.865, 49.865, 50]
(0, 1.0, 0, 0, 2, 3, 0, 0, 0, 4, 0, 0, 2, 3, 0, 0, 0, 4);[49.863, 49.865, 50.124, 50]
(1, 0.0, 0, 0, 2, 3, 0, 0, 0, 4, 0, 0, 2, 3, 0, 0, 0, 4);[49.863, 49.86, 50, 50]
(1, 1.0, 0, 0, 2, 3, 0, 0, 0, 4, 0, 0, 2, 3, 0, 0, 0, 4);[49.874, 50, 50, 50]
(2, 0.0, 0, 0, 2, 3, 0, 0, 0, 4, 0, 0, 1, 3, 0, 0, 0, 4);[50.035, 50, 50, 50]
(2, 0.0, 0, 0, 1, 4, 0, 0, 0, 4, 0, 0, 0, 3, 0, 0, 0, 4);[50.08, 50, 50, 50]
(2, 1.0, 0, 0, 1, 4, 0, 0, 0, 4, 0, 0, 0, 3, 0, 0, 0, 4);[49.876, 50, 50, 50]
(0, 0.0, 0, 0, 1, 4, 0, 0, 0, 4, 0, 0, 0, 4, 0, 0, 0, 4);[49.872, 49.866, 50, 50]
(0, 1.0, 0, 0, 1, 4, 0, 0, 0, 4, 0, 0, 1, 4, 0, 0, 0, 4);[49.865, 49.865, 49.91, 50]
(1, 0.0, 0, 0, 1, 4, 0, 0, 0, 4, 0, 0, 1, 4, 0, 0, 0, 4);[49.863, 49.861, 50, 50]
(1, 1.0, 0, 0, 1, 4, 0, 0, 0, 4, 0, 0, 1, 4, 0, 0, 0, 4);[49.863, 50, 50, 50]
(0, 0.0, 0, 0, 1, 4, 0, 0, 0, 4, 0, 0, 1, 4, 0, 0, 0, 4);[49.86, 49.858000000000004, 50, 50]
(2, 0.0, 0, 0, 0, 4, 0, 0, 0, 4, 0, 0, 0, 4, 0, 0, 0, 4);[49.91, 49.863, 50, 50]
(2, 1.0, 0, 0, 0, 4, 0, 0, 0, 4, 0, 0, 0, 4, 0, 0, 0, 4);[49.881, 50, 50, 50]
(0, 0.0, 0, 0, 0, 4, 0, 0, 0, 4, 0, 0, 0, 4, 0, 0, 0, 4);[49.87, 49.869, 50, 50]
(0, 1.0, 0, 0, 0, 4, 0, 0, 0, 5, 0, 0, 0, 4, 0, 0, 0, 4);[49.87, 49.869, 50, 50]
(1, 0.0, 0, 0, 0, 4, 0, 0, 0, 5, 0, 0, 0, 4, 0, 0, 0, 5);[49.865, 49.864, 50, 50]
(1, 1.0, 0, 0, 0, 4, 0, 0, 0, 5, 0, 0, 0, 4, 0, 0, 0, 5);[49.86, 50, 50, 50]
(0, 0.0, 0, 0, 0, 4, 0, 0, 1, 5, 0, 0, 0, 4, 0, 0, 0, 5);[49.86, 49.86, 50, 50]
(0, 1.0, 0, 0, 0, 4, 0, 0, 1, 5, 0, 0, 0, 4, 0, 0, 0, 5);[49.855, 50, 50, 50]
(0, 1.0, 0, 0, 0, 4, 0, 0, 1, 5, 0, 0, 0, 4, 0, 0, 1, 5);[49.855000000000004, 49.855, 49.922, 50]
(1, 0.0, 0, 0, 0, 4, 0, 0, 1, 5, 0, 0, 0, 4, 0, 0, 1, 5);[49.855, 49.851, 50, 50]
(1, 1.0, 0, 0, 0, 4, 0, 0, 1, 5, 0, 0, 0, 4, 0, 0, 1, 5);[49.85, 50, 50, 50]
(0, 0.0, 0, 0, 0, 4, 0, 0, 1, 5, 0, 0, 0, 4, 0, 0, 1, 5);[49.845, 49.845, 50, 50]
(2, 0.0, 0, 0, 0, 4, 0, 0, 1, 5, 0, 0, 0, 4, 0, 0, 0, 5);[49.942, 50, 50, 50]
(2, 0.0, 0, 0, 0, 4, 0, 0, 0, 5, 0, 0, 0, 4, 0, 0, 0, 5);[49.881, 50, 50, 50]
(2, 1.0, 0, 0, 0, 4, 0, 0, 0, 5, 0, 0, 0, 4, 0, 0, 0, 5);[49.887, 50, 50, 50]
(0, 0.0, 0, 0, 0, 4, 0, 0, 0, 5, 0, 0, 0, 4, 0, 0, 0, 5);[49.88, 49.88, 50, 50]
(0, 1.0, 0, 0, 0, 4, 0, 0, 0, 6, 0, 0, 0, 4, 0, 0, 0, 5);[49.88, 49.876, 50, 50]
(1, 0.0, 0, 0, 0, 5, 0, 0, 0, 6, 0, 0, 0, 4, 0, 0, 0, 6);[49.875, 49.866, 50, 50]
(1, 1.0, 0, 0, 0, 5, 0, 0, 0, 6, 0, 0, 0, 5, 0, 0, 0, 6);[49.868, 50, 50, 50]
(0, 0.0, 0, 0, 0, 5, 0, 0, 0, 6, 0, 0, 0, 5, 0, 0, 0, 6);[49.861, 49.86, 50, 50]
(0, 1.0, 0, 0, 1, 5, 0, 0, 0, 6, 0, 0, 0, 5, 0, 0, 0, 6);[49.858, 49.86, 50, 50]
(1, 0.0, 0, 0, 1, 5, 0, 0, 0, 6, 0, 0, 0, 5, 0, 0, 0, 6);[49.856, 50, 50, 50]
(1, 0.0, 0, 0, 1, 5, 0, 0, 0, 6, 0, 0, 1, 5, 0, 0, 0, 6);[49.862, 50, 50, 50]
(1, 1.0, 0, 0, 1, 5, 0, 0, 0, 6, 0, 0, 1, 5, 0, 0, 0, 6);[49.86, 50, 50, 50]
(0, 0.0, 0, 0, 1, 5, 0, 0, 0, 7, 0, 0, 1, 5, 0, 0, 0, 6);[49.856, 50, 50, 50]
(0, 0.0, 0, 0, 1, 5, 0, 0, 0, 7, 0, 0, 1, 5, 0, 0, 0, 7);[49.845, 49.85, 49.85, 50]
(0, 1.0, 0, 0, 1, 5, 0, 0, 1, 7, 0, 0, 1, 5, 0, 0, 0, 7);[49.845, 49.855, 50, 50]
(1, 0.0, 0, 0, 1, 5, 0, 0, 1, 7, 0, 0, 1, 5, 0, 0, 0, 7);[49.856, 50, 50, 50]
(1, 0.0, 0, 0, 1, 5, 0, 0, 1, 7, 0, 0, 1, 5, 0, 0, 1, 7);[49.855, 49.847, 49.845, 50]
(1, 1.0, 0, 0, 1, 5, 0, 0, 1, 7, 0, 0, 1, 5, 0, 0, 1, 7);[49.855000000000004, 49.845, 50.07, 50]
(0, 0.0, 0, 0, 1, 5, 0, 0, 1, 7, 0, 0, 1, 5, 0, 0, 1, 7);[49.855, 49.855, 50, 50]
(0, 1.0, 0, 0, 1, 5, 0, 0, 1, 7, 0, 0, 1, 5, 0, 0, 1, 7);[49.853, 49.855, 50, 50]
(2, 0.0, 0, 0, 0, 5, 0, 0, 0, 7, 0, 0, 0, 5, 0, 0, 0, 7);[49.862100000000005, 49.86, 49.991, 49.865]
(2, 1.0, 0, 0, 0, 5, 0, 0, 0, 7, 0, 0, 0, 5, 0, 0, 0, 7);[49.93, 49.853, 50, 50]
(0, 0.0, 0, 0, 0, 5, 0, 0, 0, 7, 0, 0, 0, 5, 0, 0, 0, 7);[49.87, 49.748, 49.87, 50]
(0, 1.0, 0, 0, 0, 5, 0, 0, 0, 7, 0, 0, 0, 5, 0, 0, 0, 7);[49.87, 49.87, 49.865, 50]
(1, 0.0, 0, 0, 0, 5, 0, 0, 0, 7, 0, 0, 0, 5, 0, 0, 0, 7);[49.87, 49.87, 49.842999999999996, 49.838]
(1, 1.0, 0, 0, 0, 5, 0, 0, 0, 7, 0, 0, 0, 5, 0, 0, 0, 7);[49.87, 50, 50, 50]
(0, 0.0, 0, 0, 0, 5, 0, 0, 1, 7, 0, 0, 0, 5, 0, 0, 0, 7);[49.87, 50, 50, 50]
(0, 1.0, 0, 0, 0, 5, 0, 0, 1, 7, 0, 0, 0, 5, 0, 0, 0, 7);[49.87, 49.865, 50, 50]
(1, 0.0, 0, 0, 0, 5, 0, 0, 1, 7, 0, 0, 0, 5, 0, 0, 1, 7);[49.865, 49.859, 49.845, 49.84]
(1, 1.0, 0, 0, 0, 5, 0, 0, 1, 7, 0, 0, 0, 5, 0, 0, 1, 7);[49.855000000000004, 49.845, 50, 50]
(0, 0.0, 0, 0, 0, 5, 0, 0, 1, 7, 0, 0, 0, 5, 0, 0, 1, 7);[49.855, 49.855000000000004, 50, 50]
(0, 1.0, 0, 0, 0, 5, 0, 0, 1, 7, 0, 0, 0, 5, 0, 0, 1, 7);[49.855, 49.855000000000004, 50, 50]
(1, 1.0, 0, 0, 0, 5, 0, 0, 1, 8, 0, 0, 0, 5, 0, 0, 1, 7);[49.852000000000004, 50, 50, 50]
(0, 0.0, 0, 0, 0, 5, 0, 0, 1, 8, 0, 0, 0, 5, 0, 0, 1, 8);[49.86, 50, 50, 50]
(0, 0.0, 0, 0, 0, 6, 0, 0, 1, 8, 0, 0, 0, 5, 0, 0, 1, 8);[49.854, 50, 50, 50]
(0, 1.0, 0, 0, 1, 7, 0, 0, 1, 8, 0, 0, 0, 6, 0, 0, 1, 8);[49.826, 50, 50, 50]
(0, 1.0, 0, 0, 1, 7, 0, 0, 1, 8, 0, 0, 0, 7, 0, 0, 1, 8);[49.819, 50, 50, 50]
(0, 1.0, 0, 0, 1, 7, 0, 0, 1, 8, 0, 0, 1, 7, 0, 0, 1, 8);[49.829, 49.839, 50.086, 50]
(1, 0.0, 0, 0, 1, 7, 0, 0, 1, 8, 0, 0, 1, 7, 0, 0, 1, 8);[49.842, 50, 49.845, 50]
(1, 1.0, 0, 0, 1, 7, 0, 0, 1, 8, 0, 0, 1, 7, 0, 0, 1, 8);[49.843, 50, 50, 50]
(0, 0.0, 0, 0, 1, 7, 0, 0, 1, 8, 0, 0, 1, 7, 0, 0, 1, 8);[49.845, 49.847, 50, 50]
(2, 0.0, 0, 0, 0, 7, 0, 0, 1, 8, 0, 0, 0, 7, 0, 0, 0, 8);[49.976, 50, 50, 50]
(2, 0.0, 0, 0, 1, 8, 0, 0, 0, 8, 0, 0, 0, 7, 0, 0, 0, 8);[49.858000000000004, 50, 50, 50]
(2, 1.0, 0, 0, 1, 8, 0, 0, 0, 8, 0, 0, 0, 8, 0, 0, 0, 8);[49.852000000000004, 50, 50, 50]
(0, 0.0, 0, 0, 1, 8, 0, 0, 0, 8, 0, 0, 1, 8, 0, 0, 0, 8);[49.848, 49.7, 49.84, 49.84]
(0, 1.0, 0, 0, 1, 8, 0, 0, 0, 8, 0, 0, 1, 8, 0, 0, 0, 8);[49.846000000000004, 49.849, 49.876999999999995, 50]
(1, 0.0, 0, 0, 1, 8, 0, 0, 0, 8, 0, 0, 1, 8, 0, 0, 0, 8);[49.844, 49.835, 50, 50]
(1, 1.0, 0, 0, 1, 8, 0, 0, 0, 8, 0, 0, 1, 8, 0, 0, 0, 8);[49.845, 50, 50, 50]
(2, 0.0, 0, 0, 1, 8, 0, 0, 0, 8, 0, 0, 1, 8, 0, 0, 0, 8);[49.845, 49.845, 50, 50]
(2, 1.0, 0, 0, 1, 8, 0, 0, 0, 8, 0, 0, 1, 8, 0, 0, 0, 8);[49.82315, 50, 50, 50]
(0, 0.0, 0, 0, 1, 8, 0, 0, 0, 9, 0, 0, 1, 8, 0, 0, 0, 9);[49.827, 49.84, 49.84, 50]
(0, 1.0, 0, 0, 1, 8, 0, 0, 0, 9, 0, 0, 1, 8, 0, 0, 0, 9);[49.83, 49.835, 50, 50]
(1, 0.0, 0, 0, 1, 8, 0, 0, 0, 9, 0, 0, 1, 8, 0, 0, 0, 9);[49.84, 49.84, 50, 50]
(1, 1.0, 0, 0, 1, 8, 0, 0, 0, 9, 0, 0, 1, 8, 0, 0, 0, 9);[49.839999999999996, 50, 50, 50]
(0, 1.0, 0, 0, 2, 8, 0, 0, 0, 9, 0, 0, 1, 8, 0, 0, 0, 9);[49.84, 49.838, 50, 50]
(1, 0.0, 0, 0, 2, 8, 0, 0, 0, 9, 0, 0, 2, 8, 0, 0, 0, 9);[49.667168000000004, 49.681999999999995, 49.825, 49.825]
(1, 1.0, 0, 0, 2, 8, 0, 0, 0, 9, 0, 0, 2, 8, 0, 0, 0, 9);[49.835, 49.825, 49.829, 51.761]
(0, 0.0, 0, 0, 2, 8, 0, 0, 0, 9, 0, 0, 2, 8, 0, 0, 0, 9);[49.835, 49.835, 49.821, 49.827]
(0, 1.0, 0, 0, 2, 8, 0, 0, 0, 9, 0, 0, 2, 8, 0, 0, 0, 9);[49.834, 49.666068, 50, 50]
(2, 0.0, 0, 0, 2, 8, 0, 0, 0, 9, 0, 0, 2, 8, 0, 0, 0, 9);[49.821, 49.808, 50, 50]
(2, 1.0, 0, 0, 2, 8, 0, 0, 0, 9, 0, 0, 2, 8, 0, 0, 0, 9);[49.846000000000004, 50, 50, 50]
(3, 0.0, 0, 0, 2, 8, 0, 0, 0, 9, 0, 0, 2, 6, 0, 0, 0, 8);[52.803, 50, 50, 50]
(3, 0.0, 0, 0, 2, 7, 0, 0, 0, 8, 0, 0, 0, 4, 0, 0, 0, 5);[53.85, 50, 50, 50]
(3, 1.0, 0, 0, 2, 6, 0, 0, 0, 6, 0, 0, 1, 1, 0, 0, 0, 3);[50.296, 50, 50, 50]
(0, 0.0, 0, 0, 2, 5, 0, 0, 0, 6, 0, 0, 2, 0, 0, 0, 0, 1);[49.933, 50, 50, 50]
(0, 0.0, 0, 0, 2, 5, 0, 0, 0, 6, 0, 0, 2, 1, 0, 0, 0, 1);[49.906, 50, 50, 50]
(0, 1.0, 0, 0, 2, 5, 0, 0, 0, 7, 0, 0, 2, 3, 0, 0, 0, 3);[49.876, 50, 50, 50]
(0, 1.0, 0, 0, 2, 5, 0, 0, 0, 7, 0, 0, 2, 5, 0, 0, 0, 5);[49.848, 50, 50, 50]
(0, 1.0, 0, 0, 2, 5, 0, 0, 0, 7, 0, 0, 2, 5, 0, 0, 0, 6);[49.839999999999996, 50, 50, 50]
(0, 1.0, 0, 0, 2, 5, 0, 0, 0, 7, 0, 0, 2, 5, 0, 0, 0, 7);[49.84, 49.839999999999996, 50.14, 50]
(1, 0.0, 0, 0, 2, 5, 0, 0, 0, 7, 0, 0, 2, 5, 0, 0, 0, 7);[49.835, 49.831, 50, 50]
(1, 1.0, 0, 0, 2, 5, 0, 0, 0, 7, 0, 0, 2, 5, 0, 0, 0, 7);[49.826, 50, 50, 50]
(0, 0.0, 0, 0, 2, 5, 0, 0, 0, 7, 0, 0, 2, 5, 0, 0, 0, 7);[49.831, 49.833, 50, 50]
(2, 0.0, 0, 0, 1, 5, 0, 0, 0, 7, 0, 0, 0, 5, 0, 0, 0, 7);[50.293, 50, 50, 50]
(2, 1.0, 0, 0, 0, 5, 1, 0, 0, 7, 0, 0, 0, 5, 0, 0, 0, 7);[49.862, 50, 50, 50]
(0, 0.0, 0, 0, 0, 5, 1, 0, 0, 7, 0, 0, 0, 5, 0, 0, 0, 7);[49.863, 50, 50, 50]
(1, 1.0, 0, 0, 1, 5, 0, 0, 0, 7, 0, 0, 0, 5, 0, 0, 0, 7);[49.871, 50, 50, 50]
(0, 0.0, 0, 0, 1, 5, 0, 0, 0, 7, 0, 0, 0, 5, 0, 0, 0, 7);[49.842, 49.836, 50, 50]
(0, 1.0, 0, 0, 1, 5, 0, 0, 0, 7, 0, 0, 1, 5, 0, 0, 0, 7);[49.838, 49.84, 50, 50]
(1, 0.0, 0, 0, 1, 5, 0, 0, 0, 7, 0, 0, 1, 5, 0, 0, 0, 7);[49.842999999999996, 49.845, 50, 50]
(1, 1.0, 0, 0, 1, 5, 0, 0, 0, 7, 0, 0, 1, 5, 0, 0, 0, 7);[49.849000000000004, 50, 50, 50]
(0, 1.0, 0, 0, 1, 5, 0, 0, 0, 8, 0, 0, 1, 5, 0, 0, 0, 7);[49.845, 50, 50, 50]
(0, 1.0, 0, 0, 1, 5, 0, 0, 0, 8, 0, 0, 1, 5, 0, 0, 0, 8);[49.84, 49.84, 50, 50]
(1, 0.0, 0, 0, 1, 5, 0, 0, 0, 9, 0, 0, 1, 5, 0, 0, 0, 8);[49.836, 50, 50, 50]
(1, 0.0, 0, 0, 1, 5, 0, 0, 0, 9, 0, 0, 1, 5, 0, 0, 0, 9);[49.832, 50, 50, 50]
(1, 1.0, 0, 0, 1, 5, 0, 0, 0, 9, 0, 0, 1, 5, 0, 0, 0, 9);[49.83, 50, 50, 50]
(0, 0.0, 0, 0, 1, 5, 0, 0, 0, 9, 0, 0, 1, 5, 0, 0, 0, 9);[49.83, 49.831, 50, 50]
(0, 1.0, 0, 0, 2, 5, 0, 0, 0, 9, 0, 0, 1, 5, 0, 0, 0, 9);[49.835, 49.833, 50, 50]
(1, 0.0, 0, 0, 2, 5, 0, 0, 0, 9, 0, 0, 1, 5, 0, 0, 0, 9);[49.827, 50, 50, 50]
(1, 0.0, 0, 0, 2, 5, 0, 0, 0, 9, 0, 0, 2, 5, 0, 0, 0, 9);[49.835, 50, 50, 50]
(1, 1.0, 0, 0, 3, 5, 0, 0, 0, 9, 0, 0, 2, 5, 0, 0, 0, 9);[49.832, 50, 50, 50]
(0, 0.0, 0, 0, 3, 5, 0, 0, 0, 9, 0, 0, 2, 5, 0, 0, 0, 9);[49.824, 50, 50, 50]
(0, 0.0, 0, 0, 3, 5, 0, 0, 0, 9, 0, 0, 3, 5, 0, 0, 0, 9);[49.82, 49.825, 49.826, 50]
(0, 1.0, 0, 0, 3, 5, 0, 0, 0, 9, 0, 0, 3, 5, 0, 0, 0, 9);[49.824, 49.825, 50.118, 50]
(1, 0.0, 0, 0, 3, 5, 0, 0, 0, 9, 0, 0, 3, 5, 0, 0, 0, 9);[49.827, 49.83, 50, 50]
(1, 1.0, 0, 0, 3, 5, 0, 0, 0, 9, 0, 0, 3, 5, 0, 0, 0, 9);[49.827, 50, 50, 50]
(2, 0.0, 0, 0, 2, 5, 0, 0, 0, 9, 0, 0, 1, 5, 0, 0, 0, 9);[50.077, 50, 50, 50]
(2, 0.0, 0, 0, 1, 5, 0, 0, 0, 9, 0, 0, 0, 5, 0, 0, 0, 9);[49.881, 50, 50, 50]
(2, 1.0, 0, 0, 0, 5, 0, 0, 0, 9, 0, 0, 0, 5, 0, 0, 0, 9);[49.85, 50, 50, 50]
(0, 0.0, 0, 0, 0, 5, 0, 0, 0, 9, 0, 0, 0, 5, 0, 0, 0, 9);[49.85, 49.851, 49.86, 50]
(0, 1.0, 0, 0, 0, 5, 0, 0, 0, 9, 0, 0, 0, 5, 0, 0, 0, 9);[49.855000000000004, 49.855, 50, 50]
(1, 0.0, 0, 0, 0, 5, 0, 0, 0, 9, 0, 0, 0, 5, 0, 0, 0, 9);[49.855000000000004, 49.855, 50, 50]
(1, 1.0, 0, 0, 0, 5, 0, 0, 0, 9, 0, 0, 0, 5, 0, 0, 0, 9);[49.857, 50, 50, 50]
(0, 0.0, 0, 0, 0, 6, 0, 0, 0, 9, 0, 0, 0, 5, 0, 0, 0, 9);[49.858, 50, 50, 50]
(0, 1.0, 0, 0, 0, 6, 0, 0, 0, 9, 0, 0, 0, 6, 0, 0, 0, 9);[49.855000000000004, 49.855000000000004, 49.882999999999996, 51.278999999999996]
(1, 0.0, 0, 0, 0, 6, 0, 0, 0, 9, 0, 0, 0, 6, 0, 0, 0, 9);[49.851, 49.847, 50, 50]
(1, 1.0, 0, 0, 0, 6, 0, 0, 0, 9, 0, 0, 0, 6, 0, 0, 0, 9);[49.859, 50, 50, 50]
(0, 0.0, 0, 0, 0, 6, 0, 0, 0, 9, 0, 0, 0, 6, 0, 0, 0, 9);[49.845, 49.845, 49.855000000000004, 49.855]
(2, 0.0, 0, 0, 0, 6, 0, 0, 0, 9, 0, 0, 0, 6, 0, 0, 0, 9);[49.855000000000004, 49.855, 50, 50]
(2, 1.0, 0, 0, 0, 6, 0, 0, 0, 9, 0, 0, 0, 6, 0, 0, 0, 9);[49.855000000000004, 50, 50, 50]
(3, 0.0, 0, 0, 0, 5, 0, 0, 0, 9, 0, 0, 0, 4, 0, 0, 0, 8);[54.58, 50, 50, 50]
(3, 0.0, 0, 0, 0, 4, 0, 0, 0, 7, 0, 0, 0, 1, 0, 0, 0, 5);[53.334, 50, 50, 50]
(3, 1.0, 0, 0, 0, 2, 0, 0, 0, 6, 0, 0, 0, 0, 0, 0, 0, 3);[49.944, 50, 50, 50]
(0, 0.0, 0, 0, 0, 2, 0, 0, 0, 6, 0, 0, 0, 0, 0, 0, 0, 1);[49.932, 50, 50, 50]
(0, 0.0, 0, 0, 0, 3, 0, 0, 0, 6, 0, 0, 0, 2, 0, 0, 0, 2);[49.913, 50, 50, 50]
(0, 1.0, 0, 0, 0, 3, 0, 0, 0, 7, 0, 0, 0, 2, 0, 0, 0, 4);[49.896, 50, 50, 50]
(0, 1.0, 0, 0, 0, 3, 0, 0, 0, 8, 0, 0, 0, 2, 0, 0, 0, 6);[49.877, 50, 50, 50]
(0, 1.0, 0, 0, 0, 3, 0, 0, 0, 8, 0, 0, 0, 3, 0, 0, 0, 7);[49.861, 50, 50, 50]
(0, 1.0, 0, 0, 0, 3, 0, 0, 0, 8, 0, 0, 0, 3, 0, 0, 0, 8);[49.86, 49.86, 49.861, 50.858]
(1, 0.0, 0, 0, 0, 3, 0, 0, 0, 8, 0, 0, 0, 3, 0, 0, 0, 8);[49.86, 49.86, 50, 50]
(1, 1.0, 0, 0, 0, 3, 0, 0, 0, 8, 0, 0, 0, 3, 0, 0, 0, 8);[49.86, 50, 50, 50]
(0, 0.0, 0, 0, 0, 3, 0, 0, 0, 8, 0, 0, 0, 3, 0, 0, 0, 8);[49.86, 49.86, 49.865, 49.865]
(2, 0.0, 0, 0, 0, 3, 0, 0, 0, 8, 0, 0, 0, 3, 0, 0, 0, 8);[49.87, 49.87, 50, 50]
(2, 1.0, 0, 0, 0, 3, 0, 0, 0, 8, 0, 0, 0, 3, 0, 0, 0, 8);[49.87, 50, 50, 50]
(3, 0.0, 0, 0, 0, 2, 0, 0, 0, 7, 0, 0, 0, 1, 0, 0, 0, 6);[52.652, 50, 50, 50]
(3, 0.0, 0, 0, 0, 1, 0, 0, 0, 6, 0, 0, 0, 0, 0, 0, 0, 4);[53.061, 50, 50, 50]
(1, 0.0, 0, 0, 0, 0, 0, 0, 0, 5, 0, 0, 0, 0, 0, 0, 0, 0);[49.931, 50, 50, 50]
(1, 0.0, 0, 0, 1, 0, 0, 0, 0, 5, 0, 0, 0, 0, 0, 0, 0, 2);[49.92, 50, 50, 50]
(1, 1.0, 0, 0, 1, 0, 0, 0, 0, 5, 0, 0, 0, 0, 0, 0, 0, 4);[49.901, 50, 50, 50]
(0, 0.0, 0, 0, 1, 0, 0, 0, 0, 5, 0, 0, 0, 0, 0, 0, 0, 5);[49.886, 50, 50, 50]
(0, 0.0, 0, 0, 1, 0, 0, 0, 0, 6, 0, 0, 1, 0, 0, 0, 0, 5);[49.885, 50, 50, 50]
(0, 1.0, 0, 0, 1, 0, 0, 0, 0, 6, 0, 0, 1, 0, 0, 0, 0, 5);[49.881, 50, 50, 50]
(1, 0.0, 0, 0, 0, 0, 0, 0, 0, 6, 0, 0, 0, 0, 0, 0, 0, 6);[49.885, 49.885, 49.878, 49.873]
(1, 1.0, 0, 0, 0, 0, 0, 0, 0, 6, 0, 0, 0, 0, 0, 0, 0, 6);[49.885, 50, 50, 50]
(0, 1.0, 0, 0, 0, 0, 0, 0, 0, 6, 0, 0, 0, 0, 0, 0, 0, 6);[49.885, 49.884, 50, 50]
(1, 1.0, 0, 0, 0, 1, 1, 0, 0, 6, 0, 0, 0, 0, 0, 0, 0, 6);[49.885, 50, 50, 50]
(0, 0.0, 0, 0, 0, 1, 0, 0, 0, 6, 0, 0, 0, 0, 0, 0, 0, 6);[49.882, 49.876, 50, 50]
(3, 0.0, 0, 0, 0, 0, 0, 0, 0, 6, 0, 0, 0, 0, 0, 0, 0, 5);[51.117, 50, 50, 50]
(3, 0.0, 0, 0, 0, 0, 0, 0, 0, 5, 0, 0, 0, 0, 0, 0, 0, 2);[51.353, 50, 50, 50]
(3, 1.0, 0, 0, 0, 0, 0, 0, 0, 3, 0, 0, 0, 0, 0, 0, 0, 0);[49.945, 50, 50, 50]
(0, 0.0, 0, 0, 0, 0, 0, 0, 0, 3, 0, 0, 0, 0, 0, 0, 0, 0);[49.931, 50, 50, 50]
(0, 0.0, 0, 0, 0, 0, 0, 0, 0, 3, 0, 0, 0, 0, 0, 0, 0, 2);[49.919, 50, 50, 50]
(2, 0.0, 0, 0, 0, 0, 0, 0, 0, 3, 0, 0, 0, 0, 0, 0, 0, 3);[49.91, 49.91, 49.91, 50]
(1, 1.0, 0, 0, 0, 0, 0, 0, 0, 3, 0, 0, 0, 0, 0, 0, 0, 3);[49.91, 50, 50, 50]
(0, 0.0, 0, 0, 1, 0, 0, 0, 0, 3, 0, 0, 0, 0, 0, 0, 0, 3);[49.91, 49.908, 50, 50]
(0, 1.0, 0, 0, 1, 0, 0, 0, 0, 3, 0, 0, 0, 0, 0, 0, 0, 3);[49.900999999999996, 50, 50, 50]
(0, 1.0, 0, 0, 1, 0, 0, 0, 0, 3, 0, 0, 1, 0, 0, 0, 0, 3);[49.9, 49.9, 49.947, 50]
(1, 0.0, 0, 0, 1, 0, 0, 0, 0, 3, 0, 0, 1, 0, 0, 0, 0, 3);[49.9, 49.9, 50, 50]
(1, 1.0, 0, 0, 1, 0, 0, 0, 0, 3, 0, 0, 1, 0, 0, 0, 0, 3);[49.9, 50, 50, 50]
(0, 0.0, 0, 0, 1, 0, 0, 0, 0, 3, 0, 0, 1, 0, 0, 0, 0, 3);[49.898, 49.9, 50, 50]
(2, 0.0, 0, 0, 1, 0, 0, 0, 0, 3, 0, 0, 0, 0, 0, 0, 0, 3);[49.956, 50, 50, 50]
(3, 0.0, 0, 0, 0, 0, 0, 0, 0, 3, 0, 0, 0, 0, 0, 0, 0, 2);[50.942, 50, 50, 50]
(3, 0.0, 0, 0, 0, 0, 0, 0, 0, 2, 0, 0, 0, 0, 0, 0, 0, 0);[50.416, 50, 50, 50]
(3, 1.0, 0, 0, 0, 0, 1, 0, 0, 1, 0, 0, 0, 0, 0, 0, 0, 0);[50, 49.938, 50, 50]
(1, 0.0, 0, 0, 0, 0, 1, 0, 0, 1, 0, 0, 0, 0, 0, 0, 0, 0);[49.928, 50, 50, 50]
(1, 0.0, 0, 0, 0, 0, 1, 0, 0, 1, 0, 0, 0, 0, 0, 0, 0, 1);[49.92, 50, 50, 50]
(1, 1.0, 0, 0, 0, 0, 1, 0, 0, 1, 0, 0, 0, 0, 1, 0, 0, 1);[49.985, 50, 50, 50]
(0, 0.0, 0, 0, 0, 0, 0, 0, 0, 1, 0, 0, 0, 0, 0, 0, 0, 1);[49.961, 49.935, 50, 50]
(0, 1.0, 0, 0, 0, 0, 0, 0, 0, 1, 0, 0, 0, 0, 0, 0, 0, 1);[49.933, 50, 50, 50]
(0, 1.0, 0, 0, 0, 0, 0, 0, 0, 2, 0, 0, 0, 0, 0, 0, 0, 1);[49.93, 49.926, 50, 50]
(1, 0.0, 0, 0, 0, 0, 0, 0, 0, 2, 0, 0, 0, 0, 0, 0, 0, 2);[49.916, 49.91, 50, 50]
(1, 1.0, 0, 0, 0, 0, 0, 0, 0, 2, 0, 0, 0, 0, 0, 0, 0, 2);[49.923, 50, 50, 50]
(0, 0.0, 0, 0, 0, 0, 0, 0, 0, 2, 0, 0, 0, 0, 0, 0, 0, 2);[49.915, 49.915, 50, 50]
(0, 1.0, 0, 0, 0, 0, 0, 0, 0, 3, 0, 0, 0, 0, 0, 0, 0, 2);[49.915, 49.915, 50, 50]
(1, 0.0, 0, 0, 0, 0, 0, 0, 0, 3, 0, 0, 0, 0, 0, 0, 0, 2);[49.91, 50, 50, 50]
(1, 1.0, 0, 0, 1, 0, 0, 0, 0, 3, 0, 0, 0, 0, 0, 0, 0, 3);[49.93, 50, 50, 50]
(0, 0.0, 0, 0, 1, 1, 0, 0, 0, 3, 0, 0, 0, 0, 0, 0, 0, 3);[49.923, 49.917, 50, 50]
(0, 1.0, 0, 0, 1, 1, 0, 0, 0, 3, 0, 0, 1, 1, 0, 0, 0, 3);[49.91, 49.91, 50.006, 50]
(1, 0.0, 0, 0, 1, 1, 0, 0, 0, 3, 0, 0, 1, 1, 0, 0, 0, 3);[49.908, 49.91, 50, 50]
(1, 1.0, 0, 0, 1, 1, 0, 0, 0, 3, 0, 0, 1, 1, 0, 0, 0, 3);[49.91, 50, 50, 50]
(0, 0.0, 0, 0, 1, 1, 0, 0, 0, 3, 0, 0, 1, 1, 0, 0, 0, 3);[49.905, 49.905, 50, 50]
(2, 0.0, 0, 0, 0, 1, 0, 0, 0, 3, 0, 0, 0, 1, 0, 0, 0, 3);[49.89, 49.92, 50, 50]
(2, 1.0, 0, 0, 0, 2, 0, 0, 0, 3, 0, 0, 0, 1, 0, 0, 0, 3);[49.915, 50, 50, 50]
(0, 0.0, 0, 0, 0, 2, 0, 0, 0, 3, 0, 0, 0, 1, 0, 0, 0, 3);[49.909, 50, 50, 50]
(0, 0.0, 0, 0, 1, 2, 0, 0, 0, 3, 0, 0, 0, 2, 0, 0, 0, 3);[49.91, 50, 50, 50]
(0, 1.0, 0, 0, 2, 2, 0, 0, 0, 3, 0, 0, 0, 2, 0, 0, 0, 3);[49.906, 50, 50, 50]
(0, 1.0, 0, 0, 2, 2, 0, 0, 0, 3, 0, 0, 1, 2, 0, 0, 0, 3);[49.896, 50, 50, 50]
(0, 1.0, 0, 0, 2, 2, 0, 0, 0, 3, 0, 0, 2, 2, 0, 0, 0, 3);[49.89, 49.89, 49.947, 50]
(1, 0.0, 0, 0, 2, 2, 0, 0, 0, 3, 0, 0, 2, 2, 0, 0, 0, 3);[49.89, 49.89, 50, 50]
(1, 1.0, 0, 0, 2, 2, 0, 0, 0, 3, 0, 0, 2, 2, 0, 0, 0, 3);[49.89, 50, 50, 50]
(0, 0.0, 0, 0, 2, 2, 0, 0, 0, 3, 0, 0, 2, 2, 0, 0, 0, 3);[49.89, 49.886, 50, 50]
(2, 0.0, 0, 0, 1, 2, 0, 0, 0, 3, 0, 0, 0, 2, 0, 0, 0, 3);[50.037, 50, 50, 50]
(2, 0.0, 0, 0, 0, 2, 0, 0, 0, 3, 0, 0, 0, 2, 0, 0, 0, 3);[49.91, 49.91, 49.903, 50]
(2, 1.0, 0, 0, 0, 2, 0, 0, 0, 3, 0, 0, 0, 2, 0, 0, 0, 3);[49.91, 49.899, 50, 50]
(0, 0.0, 0, 0, 0, 2, 0, 0, 0, 3, 0, 0, 0, 2, 0, 0, 0, 3);[49.91, 49.91, 49.914, 49.902]
(0, 1.0, 0, 0, 0, 2, 0, 0, 0, 3, 0, 0, 0, 2, 0, 0, 0, 3);[49.91, 49.91, 49.923, 50]
(1, 0.0, 0, 0, 0, 2, 0, 0, 0, 3, 0, 0, 0, 2, 0, 0, 0, 3);[49.906, 49.9, 49.889, 49.887]
(1, 1.0, 0, 0, 0, 2, 0, 0, 0, 3, 0, 0, 0, 2, 0, 0, 0, 3);[49.915, 49.89, 49.89, 50]
(2, 0.0, 0, 0, 0, 2, 0, 0, 1, 3, 0, 0, 0, 2, 0, 0, 0, 3);[49.89, 50, 50, 50]
(2, 0.0, 0, 0, 0, 2, 1, 0, 1, 3, 0, 0, 0, 2, 0, 0, 0, 3);[49.887, 50, 50, 50]
(2, 1.0, 0, 0, 0, 2, 1, 0, 1, 3, 0, 0, 0, 2, 0, 0, 0, 3);[49.937, 50, 50, 50]
(0, 0.0, 0, 0, 0, 2, 1, 0, 1, 3, 0, 0, 0, 2, 0, 0, 1, 3);[49.887, 49.878, 50, 50]
(0, 1.0, 0, 0, 0, 2, 1, 0, 1, 3, 0, 0, 0, 2, 1, 0, 1, 3);[49.875, 49.875, 49.886, 50.829]
(1, 0.0, 0, 0, 0, 2, 1, 0, 1, 3, 0, 0, 0, 2, 1, 0, 1, 3);[49.875, 49.874, 50, 50]
(1, 1.0, 0, 0, 0, 2, 1, 0, 1, 3, 0, 0, 0, 2, 1, 0, 1, 3);[49.87, 50, 50, 50]
(0, 0.0, 0, 0, 0, 2, 1, 0, 1, 3, 0, 0, 0, 2, 1, 0, 1, 3);[49.87, 49.866, 49.87, 49.87]
(2, 0.0, 0, 0, 0, 2, 1, 0, 1, 3, 0, 0, 0, 2, 1, 0, 1, 3);[49.87, 49.87, 50, 50]
(2, 1.0, 0, 0, 0, 2, 1, 0, 1, 3, 0, 0, 0, 2, 1, 0, 1, 3);[49.868, 50, 50, 50]
(3, 0.0, 0, 0, 0, 2, 1, 0, 1, 3, 0, 0, 0, 1, 1, 0, 1, 2);[50.973, 50, 50, 50]
(3, 0.0, 0, 0, 0, 1, 1, 0, 1, 2, 0, 0, 0, 0, 1, 0, 1, 0);[51.059, 50, 50, 50]
(3, 1.0, 0, 0, 0, 0, 1, 0, 1, 0, 0, 0, 0, 0, 1, 0, 1, 0);[49.914, 50, 50, 50]
(0, 0.0, 0, 0, 0, 0, 1, 0, 1, 0, 0, 0, 0, 0, 1, 0, 1, 0);[49.91, 49.908, 50, 50]
(0, 1.0, 0, 0, 0, 0, 1, 0, 1, 0, 0, 0, 0, 0, 1, 0, 1, 0);[49.91, 50, 50, 50]
(0, 1.0, 0, 0, 0, 0, 2, 0, 1, 0, 0, 0, 0, 0, 1, 0, 1, 0);[49.911, 49.903999999999996, 50, 50]
(1, 0.0, 0, 0, 1, 0, 2, 0, 1, 0, 0, 0, 0, 0, 1, 0, 1, 0);[49.907, 50, 50, 50]
(1, 0.0, 0, 0, 1, 1, 2, 0, 1, 0, 0, 0, 0, 0, 2, 0, 1, 0);[49.907, 50, 50, 50]
(1, 1.0, 0, 0, 1, 1, 2, 0, 1, 0, 0, 0, 0, 0, 2, 0, 1, 0);[49.898, 50, 50, 50]
(0, 0.0, 0, 0, 1, 1, 2, 0, 1, 0, 0, 0, 1, 1, 2, 0, 1, 0);[49.903999999999996, 50, 50, 50]
(0, 0.0, 0, 1, 1, 1, 2, 0, 1, 1, 0, 0, 1, 1, 2, 0, 1, 0);[49.92, 50, 50, 50]
(0, 1.0, 1, 1, 1, 1, 2, 0, 1, 1, 0, 0, 1, 1, 2, 0, 1, 0);[49.903999999999996, 49.887, 50, 50]
(1, 0.0, 1, 1, 1, 1, 2, 0, 1, 1, 0, 0, 1, 1, 2, 0, 1, 1);[49.855, 50, 50, 50]
(1, 0.0, 1, 0, 1, 1, 2, 0, 1, 1, 1, 0, 1, 1, 2, 0, 1, 1);[49.884, 50, 50, 50]
(1, 1.0, 1, 0, 1, 1, 2, 0, 1, 1, 1, 0, 1, 1, 2, 0, 1, 1);[49.867, 50, 50, 50]
(0, 0.0, 1, 0, 1, 1, 2, 0, 1, 1, 0, 0, 1, 1, 2, 0, 1, 1);[49.87, 50, 50, 50]
(0, 0.0, 0, 0, 1, 1, 2, 0, 2, 1, 0, 0, 1, 1, 2, 0, 1, 1);[49.88, 50, 50, 50]
(0, 1.0, 0, 0, 1, 1, 2, 0, 2, 1, 0, 0, 1, 1, 2, 0, 1, 1);[49.876, 50, 50, 50]
(0, 1.0, 0, 0, 1, 2, 2, 0, 2, 1, 0, 0, 1, 1, 2, 0, 2, 1);[49.875, 49.871, 50, 50]
(1, 0.0, 0, 0, 1, 2, 2, 0, 2, 1, 0, 0, 1, 2, 2, 0, 2, 1);[49.875, 50, 50, 50]
(1, 0.0, 0, 0, 2, 2, 2, 0, 2, 1, 0, 0, 1, 2, 2, 0, 2, 1);[49.875, 50, 50, 50]
(1, 1.0, 0, 0, 2, 2, 2, 0, 2, 1, 0, 0, 1, 2, 2, 0, 2, 1);[49.871, 50, 50, 50]
(0, 0.0, 0, 0, 2, 2, 2, 0, 2, 1, 0, 0, 2, 2, 2, 0, 2, 1);[49.866, 49.868, 50, 50]
(0, 1.0, 0, 0, 3, 2, 2, 0, 2, 1, 0, 0, 2, 2, 2, 0, 2, 1);[49.872, 49.868, 50, 50]
(1, 0.0, 0, 0, 3, 2, 2, 0, 2, 1, 0, 0, 3, 2, 2, 0, 2, 1);[49.867, 50, 50, 50]
(1, 0.0, 0, 0, 4, 2, 2, 0, 2, 2, 0, 0, 3, 2, 2, 0, 2, 1);[49.869, 50, 50, 50]
(1, 1.0, 0, 0, 4, 2, 2, 0, 2, 2, 0, 0, 3, 2, 2, 0, 2, 1);[49.865, 50, 50, 50]
(0, 0.0, 0, 0, 4, 2, 3, 0, 2, 2, 0, 0, 4, 2, 2, 0, 2, 2);[49.86, 49.859, 50, 50]
(0, 1.0, 0, 0, 4, 2, 3, 0, 2, 2, 0, 0, 4, 2, 3, 0, 2, 2);[49.851, 49.846000000000004, 50, 50]
(1, 0.0, 0, 0, 4, 2, 3, 0, 2, 2, 0, 0, 4, 2, 3, 0, 2, 2);[49.845, 50, 50, 50]
(1, 0.0, 0, 0, 4, 2, 3, 0, 3, 2, 0, 0, 4, 2, 3, 0, 2, 2);[49.838, 50, 50, 50]
(1, 1.0, 1, 0, 4, 2, 3, 0, 3, 2, 0, 0, 4, 2, 3, 0, 2, 2);[49.837, 50, 50, 50]
(0, 0.0, 0, 0, 4, 2, 3, 0, 3, 2, 0, 0, 4, 2, 3, 0, 3, 2);[49.837, 50, 50, 50]
(0, 0.0, 0, 0, 4, 2, 3, 0, 3, 3, 0, 0, 4, 2, 3, 0, 3, 2);[49.835, 50, 50, 50]
(0, 1.0, 0, 0, 4, 2, 3, 0, 3, 3, 0, 0, 4, 2, 3, 0, 3, 2);[49.83, 50, 50, 50]
(0, 1.0, 0, 0, 4, 2, 3, 0, 3, 3, 0, 0, 4, 2, 3, 0, 3, 3);[49.83, 49.83, 50, 50]
(1, 0.0, 0, 0, 4, 2, 4, 0, 3, 3, 0, 0, 4, 2, 3, 0, 3, 3);[49.83, 49.827, 50, 50]
(1, 1.0, 0, 0, 4, 2, 4, 0, 3, 3, 0, 0, 4, 2, 4, 0, 3, 3);[49.825, 50, 50, 50]
(0, 0.0, 0, 0, 4, 2, 4, 0, 3, 3, 0, 0, 4, 2, 4, 0, 3, 3);[49.823, 49.825, 50, 50]
(0, 1.0, 0, 0, 4, 2, 4, 0, 3, 3, 0, 0, 4, 2, 4, 0, 3, 3);[49.821, 49.818, 50, 50]
(1, 0.0, 0, 0, 4, 2, 4, 0, 3, 3, 0, 0, 4, 2, 4, 0, 3, 3);[49.815, 50, 50, 50]
(1, 0.0, 0, 0, 4, 2, 5, 0, 3, 3, 0, 0, 4, 2, 4, 0, 3, 3);[49.815, 50, 50, 50]
(1, 1.0, 0, 0, 4, 2, 5, 0, 3, 3, 0, 0, 4, 2, 4, 0, 3, 3);[49.811, 50, 50, 50]
(0, 0.0, 0, 0, 4, 2, 5, 0, 3, 3, 0, 0, 4, 2, 5, 0, 3, 3);[49.797, 49.793, 50, 50]
(0, 1.0, 0, 0, 4, 2, 5, 0, 3, 3, 0, 0, 4, 2, 5, 0, 3, 3);[49.795, 49.793, 50, 50]
(1, 0.0, 0, 0, 4, 2, 5, 0, 3, 3, 0, 0, 4, 2, 5, 0, 3, 3);[49.788, 50, 50, 50]
(1, 0.0, 0, 0, 4, 3, 5, 0, 3, 3, 0, 0, 4, 2, 5, 0, 3, 3);[49.806, 50, 50, 50]
(1, 1.0, 0, 0, 5, 4, 5, 0, 3, 3, 0, 0, 4, 2, 5, 0, 3, 3);[49.808, 50, 50, 50]
(0, 0.0, 0, 0, 5, 4, 5, 0, 3, 3, 0, 0, 5, 3, 5, 0, 3, 3);[49.796, 50, 50, 50]
(0, 0.0, 0, 0, 5, 4, 5, 0, 3, 3, 0, 0, 5, 4, 5, 0, 3, 3);[49.797, 50, 50, 50]
(0, 1.0, 0, 0, 5, 4, 5, 0, 3, 3, 0, 0, 5, 4, 5, 0, 3, 3);[49.791, 50, 50, 50]
(0, 1.0, 0, 0, 5, 4, 5, 0, 3, 4, 0, 0, 5, 4, 5, 0, 3, 3);[49.796, 50, 50, 50]
(0, 1.0, 1, 0, 5, 4, 5, 0, 3, 4, 0, 0, 5, 4, 5, 0, 3, 3);[49.819, 50, 50, 50]
(0, 1.0, 2, 0, 5, 4, 5, 0, 3, 4, 0, 0, 5, 4, 5, 0, 3, 4);[49.787, 50, 50, 50]
(0, 1.0, 1, 0, 5, 4, 5, 0, 3, 4, 0, 0, 5, 4, 5, 0, 3, 4);[49.74, 50, 50, 50]
(0, 1.0, 0, 0, 5, 4, 5, 0, 3, 4, 0, 0, 5, 4, 5, 0, 3, 4);[49.785, 49.79, 50.18, 50]
(1, 0.0, 0, 0, 5, 4, 5, 0, 3, 4, 0, 0, 5, 4, 5, 0, 3, 4);[49.79, 49.786, 50, 50]
(1, 1.0, 0, 0, 5, 4, 5, 0, 3, 4, 0, 0, 5, 4, 5, 0, 3, 4);[49.785, 50, 50, 50]
(0, 0.0, 0, 0, 5, 4, 5, 0, 3, 4, 0, 0, 5, 4, 5, 0, 3, 4);[49.785, 49.785000000000004, 50, 50]
(2, 0.0, 0, 0, 5, 4, 5, 0, 3, 4, 0, 0, 4, 4, 5, 0, 3, 4);[50.132, 50, 50, 50]
(2, 0.0, 0, 0, 4, 4, 5, 0, 3, 4, 0, 0, 1, 4, 5, 0, 3, 4);[49.8, 50, 50, 50]
(2, 1.0, 0, 0, 2, 4, 5, 0, 3, 4, 0, 0, 0, 4, 5, 0, 3, 4);[49.811, 50, 50, 50]
(0, 0.0, 0, 0, 2, 5, 5, 0, 3, 4, 0, 0, 0, 4, 5, 0, 3, 4);[49.804, 50, 50, 50]
(0, 0.0, 0, 0, 2, 5, 5, 0, 3, 4, 0, 0, 1, 4, 5, 0, 3, 4);[49.79, 50, 50, 50]
(0, 1.0, 0, 0, 2, 5, 5, 0, 3, 4, 0, 0, 2, 5, 5, 0, 3, 4);[49.79, 49.79, 50, 50]
(1, 0.0, 0, 0, 2, 5, 5, 0, 3, 4, 0, 0, 2, 5, 5, 0, 3, 4);[49.79, 49.79, 50, 50]
(1, 1.0, 0, 0, 2, 5, 6, 0, 3, 4, 0, 0, 2, 5, 5, 0, 3, 4);[49.789, 50, 50, 50]
(0, 0.0, 0, 0, 2, 5, 6, 0, 3, 4, 0, 0, 2, 5, 6, 0, 3, 4);[49.785, 49.785000000000004, 49.78, 49.78]
(0, 1.0, 0, 0, 2, 5, 6, 0, 3, 4, 0, 0, 2, 5, 6, 0, 3, 4);[49.785, 49.785000000000004, 50.097, 50]
(1, 0.0, 0, 0, 2, 5, 6, 0, 3, 4, 0, 0, 2, 5, 6, 0, 3, 4);[49.785, 49.78, 50, 50]
(1, 1.0, 0, 0, 2, 5, 6, 0, 3, 4, 0, 0, 2, 5, 6, 0, 3, 4);[49.78, 50, 50, 50]
(2, 0.0, 0, 0, 1, 5, 6, 0, 3, 4, 0, 0, 0, 5, 6, 0, 3, 4);[49.984, 50, 50, 50]
(2, 0.0, 0, 0, 0, 5, 6, 0, 3, 4, 0, 0, 0, 5, 6, 0, 3, 4);[49.952, 50, 50, 50]
(2, 1.0, 0, 0, 0, 5, 7, 0, 3, 4, 0, 0, 0, 5, 6, 0, 3, 4);[49.79, 50, 50, 50]
(0, 0.0, 0, 0, 0, 5, 7, 0, 3, 4, 0, 0, 0, 5, 6, 0, 3, 4);[49.783, 50, 50, 50]
(0, 0.0, 0, 0, 0, 5, 8, 0, 3, 4, 0, 0, 0, 5, 7, 0, 3, 4);[49.777, 50, 50, 50]
(0, 1.0, 0, 0, 0, 5, 8, 0, 3, 4, 0, 0, 0, 5, 8, 0, 3, 4);[49.77, 50, 50, 50]
(0, 1.0, 0, 0, 0, 5, 9, 0, 3, 4, 0, 0, 0, 5, 8, 0, 3, 4);[49.761, 50, 50, 50]
(0, 1.0, 0, 0, 0, 5, 9, 0, 3, 4, 0, 0, 0, 5, 9, 0, 3, 4);[49.76, 49.8, 50, 50]
(1, 0.0, 0, 0, 0, 5, 9, 0, 3, 4, 0, 0, 0, 5, 9, 0, 3, 4);[49.76, 49.759, 50, 50]
(1, 1.0, 0, 0, 0, 5, 9, 0, 3, 4, 0, 0, 0, 5, 9, 0, 3, 4);[49.748, 50, 50, 50]
(0, 0.0, 0, 0, 1, 5, 9, 0, 3, 4, 0, 0, 0, 5, 9, 0, 3, 4);[49.75, 49.747, 50, 50]
(0, 1.0, 0, 0, 1, 5, 9, 0, 3, 4, 0, 0, 1, 5, 9, 0, 3, 4);[49.745, 49.745, 50, 50]
(1, 0.0, 0, 0, 1, 5, 9, 0, 3, 4, 0, 0, 1, 5, 9, 0, 3, 4);[49.745000000000005, 49.743, 50, 50]
(1, 1.0, 0, 0, 1, 6, 9, 0, 3, 4, 0, 0, 1, 5, 9, 0, 3, 4);[49.739999999999995, 50, 50, 50]
(0, 0.0, 0, 0, 1, 6, 9, 0, 3, 4, 0, 0, 1, 6, 9, 0, 3, 4);[49.735, 49.732, 49.725, 49.725]
(0, 1.0, 0, 0, 1, 6, 9, 0, 3, 4, 0, 0, 1, 6, 9, 0, 3, 4);[49.73, 49.730000000000004, 49.836, 50]
(1, 0.0, 0, 0, 1, 6, 9, 0, 3, 4, 0, 0, 1, 6, 9, 0, 3, 4);[49.730000000000004, 49.73, 50, 50]
(1, 1.0, 0, 0, 1, 6, 9, 0, 3, 4, 0, 0, 1, 6, 9, 0, 3, 4);[49.730000000000004, 50, 50, 50]
(2, 0.0, 0, 0, 1, 6, 9, 0, 3, 4, 0, 0, 0, 6, 9, 0, 3, 4);[49.865, 50, 50, 50]
(2, 0.0, 0, 0, 0, 6, 9, 0, 3, 4, 0, 0, 0, 6, 9, 0, 3, 4);[49.743, 50, 50, 50]
(2, 1.0, 0, 0, 0, 6, 9, 0, 3, 4, 0, 0, 0, 6, 9, 0, 3, 4);[49.745, 50, 50, 50]
(0, 0.0, 1, 0, 0, 6, 9, 0, 3, 4, 0, 0, 0, 6, 9, 0, 3, 4);[49.745000000000005, 50, 50, 50]
(0, 0.0, 1, 0, 0, 6, 9, 0, 4, 4, 0, 0, 0, 6, 9, 0, 3, 4);[49.747, 50, 50, 50]
(0, 1.0, 0, 0, 0, 6, 9, 0, 4, 4, 0, 0, 0, 6, 9, 0, 3, 4);[49.738, 50, 50, 50]
(0, 1.0, 0, 0, 0, 6, 9, 0, 4, 4, 0, 0, 0, 6, 9, 0, 4, 4);[49.733, 50, 50, 50]
(0, 1.0, 0, 0, 1, 6, 9, 0, 4, 4, 0, 0, 0, 6, 9, 0, 4, 4);[49.735, 49.735, 50, 50]
(1, 0.0, 0, 0, 1, 6, 9, 0, 4, 4, 0, 0, 0, 6, 9, 0, 4, 4);[49.734, 50, 50, 50]
(1, 0.0, 0, 0, 1, 6, 9, 0, 4, 4, 0, 0, 1, 6, 9, 0, 4, 4);[49.73, 49.729, 49.719, 50]
(1, 1.0, 0, 0, 1, 6, 9, 0, 4, 4, 0, 0, 1, 6, 9, 0, 4, 4);[49.730000000000004, 50, 50, 50]
(0, 0.0, 0, 0, 1, 6, 9, 0, 4, 4, 0, 0, 1, 6, 9, 0, 4, 4);[49.73, 49.730000000000004, 50, 50]
(0, 1.0, 0, 0, 1, 6, 9, 0, 4, 4, 0, 0, 1, 6, 9, 0, 4, 4);[49.729, 49.731, 50, 50]
(1, 1.0, 0, 0, 1, 7, 9, 0, 4, 4, 0, 0, 1, 6, 9, 0, 4, 4);[49.722, 50, 50, 50]
(0, 0.0, 0, 0, 2, 7, 9, 0, 4, 4, 0, 0, 1, 7, 9, 0, 4, 4);[49.72, 49.718, 50, 50]
(0, 1.0, 0, 0, 2, 7, 9, 0, 5, 4, 0, 0, 2, 7, 9, 0, 4, 4);[49.715, 49.708, 50, 50]
(1, 0.0, 0, 0, 2, 7, 9, 0, 5, 4, 0, 0, 2, 7, 9, 0, 5, 4);[49.705, 49.705, 50, 50]
(1, 1.0, 0, 0, 2, 7, 9, 0, 5, 5, 0, 0, 2, 7, 9, 0, 5, 4);[49.705, 50, 50, 50]
(0, 0.0, 0, 0, 2, 7, 9, 0, 5, 5, 0, 0, 2, 7, 9, 0, 5, 4);[49.701, 50, 50, 50]
(0, 0.0, 0, 0, 2, 7, 9, 0, 5, 5, 0, 0, 2, 7, 9, 0, 5, 5);[49.7, 49.7, 49.7, 50]
(0, 1.0, 0, 0, 2, 7, 9, 0, 5, 5, 0, 0, 2, 7, 9, 0, 5, 5);[49.695, 49.696, 49.856, 50]
(1, 0.0, 0, 0, 2, 7, 9, 0, 5, 5, 0, 0, 2, 7, 9, 0, 5, 5);[49.7, 49.7, 50, 50]
(1, 1.0, 0, 0, 2, 7, 9, 0, 5, 5, 0, 0, 2, 7, 9, 0, 5, 5);[49.7, 50, 50, 50]
(2, 0.0, 0, 0, 1, 7, 9, 0, 5, 5, 0, 0, 0, 7, 9, 0, 5, 5);[49.944, 50, 50, 50]
(2, 0.0, 0, 0, 0, 7, 9, 0, 5, 5, 0, 0, 0, 7, 9, 0, 5, 5);[49.697, 50, 50, 50]
(2, 1.0, 0, 0, 0, 7, 9, 0, 5, 5, 0, 0, 0, 7, 9, 0, 5, 5);[49.715, 50, 50, 50]
(0, 0.0, 0, 0, 0, 7, 9, 0, 6, 5, 0, 0, 0, 7, 9, 0, 5, 5);[49.711, 50, 50, 50]
(0, 0.0, 0, 0, 0, 7, 9, 0, 6, 5, 0, 0, 0, 7, 9, 0, 6, 5);[49.71, 49.72, 49.724000000000004, 50]
(0, 1.0, 0, 0, 0, 7, 9, 0, 6, 5, 0, 0, 0, 7, 9, 0, 6, 5);[49.712, 49.721999999999994, 49.696, 50.754000000000005]
(1, 0.0, 1, 0, 0, 7, 9, 0, 6, 5, 0, 0, 0, 7, 9, 0, 6, 5);[49.727000000000004, 50, 50, 50]
(1, 0.0, 2, 0, 0, 7, 9, 0, 6, 5, 0, 0, 0, 7, 9, 0, 6, 5);[49.727999999999994, 50, 50, 50]
(1, 1.0, 3, 0, 0, 7, 9, 0, 6, 5, 0, 0, 0, 7, 9, 0, 6, 5);[49.695, 50, 50, 50]
(0, 0.0, 2, 0, 0, 7, 9, 0, 6, 5, 0, 0, 0, 7, 9, 0, 6, 5);[49.67, 50, 50, 50]
(0, 0.0, 1, 0, 0, 7, 9, 0, 6, 5, 0, 0, 0, 7, 9, 0, 6, 5);[49.638, 50, 50, 50]
(2, 0.0, 0, 0, 0, 7, 9, 0, 6, 5, 0, 0, 0, 7, 9, 0, 6, 5);[49.697, 49.701, 50, 50]
(2, 1.0, 0, 0, 0, 7, 9, 0, 6, 5, 0, 0, 0, 7, 9, 0, 6, 5);[49.714999999999996, 50, 50, 50]
(3, 0.0, 0, 0, 0, 6, 9, 0, 6, 4, 0, 0, 0, 5, 9, 0, 6, 3);[51.494, 50, 50, 50]
(3, 0.0, 0, 0, 0, 5, 9, 0, 6, 3, 0, 0, 0, 2, 9, 0, 6, 1);[52.107, 50, 50, 50]
(3, 1.0, 0, 0, 0, 4, 9, 0, 6, 2, 0, 0, 0, 0, 9, 0, 6, 0);[50.498, 50, 50, 50]
(0, 0.0, 0, 0, 0, 4, 9, 0, 6, 2, 0, 0, 0, 1, 9, 0, 6, 0);[49.784, 50, 50, 50]
(0, 0.0, 0, 0, 0, 4, 9, 0, 6, 2, 0, 0, 0, 2, 9, 0, 6, 1);[49.772, 50, 50, 50]
(0, 1.0, 0, 0, 0, 4, 9, 0, 6, 2, 0, 0, 0, 4, 9, 0, 6, 2);[49.77, 49.769999999999996, 49.775, 50.486]
(1, 0.0, 0, 0, 0, 4, 9, 0, 6, 2, 0, 0, 0, 4, 9, 0, 6, 2);[49.769999999999996, 49.77, 50, 50]
(1, 1.0, 0, 0, 0, 4, 9, 0, 6, 2, 0, 0, 0, 4, 9, 0, 6, 2);[49.769999999999996, 50, 50, 50]
(0, 0.0, 0, 0, 0, 4, 9, 0, 6, 2, 0, 0, 0, 4, 9, 0, 6, 2);[49.77, 49.774, 49.769999999999996, 49.768]
(2, 0.0, 0, 0, 0, 4, 9, 0, 6, 2, 0, 0, 0, 4, 9, 0, 6, 2);[49.775, 49.775, 50, 50]
(2, 1.0, 0, 0, 0, 4, 9, 0, 6, 2, 0, 0, 0, 4, 9, 0, 6, 2);[49.774, 50, 50, 50]
(3, 0.0, 0, 0, 0, 3, 9, 0, 6, 2, 0, 0, 0, 2, 9, 0, 6, 1);[51.438, 50, 50, 50]
(3, 0.0, 0, 0, 0, 2, 9, 0, 6, 1, 0, 0, 0, 0, 9, 0, 6, 0);[51.018, 50, 50, 50]
(3, 1.0, 0, 0, 0, 0, 9, 0, 6, 0, 0, 0, 0, 0, 9, 0, 6, 0);[49.812, 50, 50, 50]
(0, 0.0, 0, 0, 0, 0, 9, 0, 6, 0, 0, 0, 0, 0, 9, 0, 6, 0);[49.805, 49.805, 50, 50]
(0, 1.0, 0, 0, 0, 0, 9, 0, 6, 0, 0, 0, 0, 0, 9, 0, 6, 0);[49.805, 49.831, 50, 50]
(1, 0.0, 0, 0, 0, 0, 9, 0, 6, 0, 0, 0, 0, 0, 9, 0, 6, 0);[49.811, 49.816, 50, 50]
(1, 1.0, 0, 0, 0, 0, 9, 0, 6, 1, 0, 0, 0, 0, 9, 0, 6, 0);[49.82, 50, 50, 50]
(0, 0.0, 0, 0, 0, 0, 9, 0, 6, 1, 0, 0, 0, 0, 9, 0, 6, 0);[49.82, 49.816, 50, 50]
(0, 1.0, 0, 0, 0, 0, 9, 0, 6, 1, 0, 0, 0, 0, 9, 0, 6, 1);[49.815, 49.815, 49.815, 50]
(1, 0.0, 0, 0, 0, 0, 9, 0, 6, 1, 0, 0, 0, 0, 9, 0, 6, 1);[49.815, 49.815, 50, 50]
(1, 1.0, 0, 0, 0, 0, 9, 0, 6, 1, 0, 0, 0, 0, 9, 0, 6, 1);[49.815, 50, 50, 50]
(0, 0.0, 0, 0, 0, 0, 9, 0, 6, 1, 0, 0, 0, 0, 9, 0, 6, 1);[49.815, 49.815, 50, 50]
(2, 0.0, 0, 0, 1, 1, 9, 0, 6, 1, 0, 0, 0, 0, 9, 0, 6, 1);[49.817, 50, 50, 50]
(2, 0.0, 0, 0, 0, 1, 9, 0, 6, 1, 0, 0, 0, 0, 9, 0, 6, 1);[49.814, 50, 50, 50]
(2, 1.0, 0, 0, 0, 1, 9, 0, 6, 1, 0, 0, 0, 1, 9, 0, 6, 1);[49.82, 50, 50, 50]
(0, 0.0, 0, 0, 0, 1, 9, 0, 6, 1, 0, 0, 0, 1, 9, 0, 6, 1);[49.815000000000005, 49.815, 49.81, 49.809999999999995]
(0, 1.0, 0, 0, 0, 1, 9, 0, 6, 1, 0, 0, 0, 1, 9, 0, 6, 1);[49.815, 49.815000000000005, 50, 50]
(1, 0.0, 0, 0, 0, 1, 9, 0, 6, 1, 0, 0, 0, 1, 9, 0, 6, 1);[49.812, 49.809999999999995, 50, 50]
(1, 1.0, 0, 0, 0, 1, 9, 0, 6, 1, 0, 0, 0, 1, 9, 0, 6, 1);[49.81, 50, 50, 50]
(0, 1.0, 0, 0, 0, 2, 9, 0, 6, 1, 0, 0, 0, 1, 9, 0, 6, 1);[49.81, 49.808, 50, 50]
(1, 0.0, 0, 0, 0, 2, 9, 0, 6, 1, 0, 0, 0, 1, 9, 0, 6, 1);[49.799, 50, 50, 50]
(1, 0.0, 0, 0, 0, 2, 9, 0, 6, 1, 0, 0, 0, 2, 9, 0, 6, 1);[49.804, 49.815000000000005, 49.815, 50]
(1, 1.0, 0, 0, 0, 2, 9, 0, 6, 1, 0, 0, 0, 2, 9, 0, 6, 1);[49.80499999999999, 49.815, 49.869, 50]
(0, 0.0, 0, 0, 0, 2, 9, 0, 6, 1, 0, 0, 0, 2, 9, 0, 6, 1);[49.805, 49.808, 49.82, 49.825]
(0, 1.0, 0, 0, 0, 2, 9, 0, 6, 1, 0, 0, 0, 2, 9, 0, 6, 1);[49.815000000000005, 49.815, 50, 50]
(2, 0.0, 0, 0, 0, 2, 9, 0, 6, 1, 0, 0, 0, 2, 9, 0, 6, 1);[49.817, 49.818, 50, 50]
(2, 1.0, 0, 0, 0, 2, 9, 0, 6, 1, 0, 0, 0, 2, 9, 0, 6, 1);[49.82, 50, 50, 50]
(0, 1.0, 0, 0, 1, 2, 9, 0, 6, 1, 0, 0, 0, 2, 9, 0, 6, 1);[49.825, 49.812, 50, 50]
(1, 0.0, 0, 0, 1, 2, 9, 0, 6, 1, 0, 0, 0, 2, 9, 0, 6, 1);[49.817, 50, 50, 50]
(1, 0.0, 0, 0, 1, 2, 9, 0, 6, 1, 0, 0, 1, 2, 9, 0, 6, 1);[49.815, 50, 50, 50]
(1, 1.0, 0, 0, 1, 2, 9, 0, 6, 1, 0, 0, 1, 2, 9, 0, 6, 1);[49.823, 50, 50, 50]
(0, 0.0, 0, 0, 1, 2, 9, 0, 6, 2, 0, 0, 1, 2, 9, 0, 6, 1);[49.825, 49.824, 50, 50]
(0, 1.0, 0, 0, 1, 2, 9, 0, 6, 2, 0, 0, 1, 2, 9, 0, 6, 2);[49.82, 49.82, 50, 50]
(1, 0.0, 0, 0, 1, 2, 9, 0, 7, 2, 0, 0, 1, 2, 9, 0, 6, 2);[49.822, 50, 50, 50]
(1, 0.0, 0, 0, 1, 2, 9, 0, 7, 2, 0, 0, 1, 2, 9, 0, 7, 2);[49.82, 49.82, 49.82, 50]
(1, 1.0, 0, 0, 1, 2, 9, 0, 7, 2, 0, 0, 1, 2, 9, 0, 7, 2);[49.82, 49.82000000000001, 49.912, 50]
(0, 0.0, 0, 0, 1, 2, 9, 0, 7, 2, 0, 0, 1, 2, 9, 0, 7, 2);[49.819, 49.81400000000001, 50, 50]
(0, 1.0, 0, 0, 1, 2, 9, 0, 7, 2, 0, 0, 1, 2, 9, 0, 7, 2);[49.809999999999995, 49.818, 50, 50]
(2, 0.0, 0, 0, 0, 2, 9, 0, 7, 3, 0, 0, 0, 2, 9, 0, 7, 2);[49.916, 49.829, 50, 50]
(2, 1.0, 0, 0, 0, 2, 9, 0, 7, 3, 0, 0, 0, 2, 9, 0, 7, 2);[49.818, 50, 50, 50]
(0, 0.0, 0, 0, 0, 2, 9, 0, 7, 3, 0, 0, 0, 2, 9, 0, 7, 3);[49.809999999999995, 49.807, 50, 50]
(0, 1.0, 0, 0, 0, 2, 9, 0, 7, 3, 0, 0, 0, 2, 9, 0, 7, 3);[49.80800000000001, 49.813, 50, 50]
(1, 0.0, 0, 0, 1, 2, 9, 0, 7, 3, 0, 0, 0, 2, 9, 0, 7, 3);[49.815, 50, 50, 50]
(1, 0.0, 0, 0, 1, 2, 9, 0, 8, 3, 0, 0, 0, 2, 9, 0, 7, 3);[49.812, 50, 50, 50]
(1, 1.0, 0, 0, 1, 2, 9, 0, 8, 3, 0, 0, 0, 2, 9, 0, 8, 3);[49.8, 50, 50, 50]
(0, 0.0, 1, 0, 1, 2, 9, 0, 8, 3, 0, 0, 1, 2, 9, 0, 8, 3);[49.795, 50, 50, 50]
(0, 0.0, 0, 0, 1, 2, 9, 0, 8, 3, 0, 0, 1, 2, 9, 0, 8, 3);[49.795, 50, 50, 50]
(0, 1.0, 0, 0, 1, 2, 9, 0, 8, 3, 0, 0, 1, 2, 9, 0, 8, 3);[49.795, 49.795, 50, 50]
(1, 0.0, 0, 0, 1, 2, 9, 0, 8, 3, 0, 0, 1, 2, 9, 0, 8, 3);[49.795, 50, 50, 50]
(1, 0.0, 0, 0, 1, 2, 9, 0, 8, 4, 0, 0, 1, 2, 9, 0, 8, 3);[49.795, 50, 50, 50]
(1, 1.0, 0, 0, 1, 3, 9, 0, 8, 4, 0, 0, 1, 2, 9, 0, 8, 3);[49.788, 50, 50, 50]
(0, 0.0, 0, 0, 1, 3, 9, 0, 8, 4, 0, 0, 1, 2, 9, 0, 8, 4);[49.786, 50, 50, 50]
(0, 0.0, 0, 0, 1, 3, 9, 0, 8, 4, 0, 0, 1, 3, 9, 0, 8, 4);[49.783, 50, 50, 50]
(0, 1.0, 0, 0, 1, 3, 9, 0, 8, 4, 0, 0, 1, 3, 9, 0, 8, 4);[49.785000000000004, 49.787, 50, 50]
(1, 0.0, 0, 0, 1, 3, 9, 0, 8, 4, 0, 0, 1, 3, 9, 0, 8, 4);[49.781, 49.785, 50, 50]
(1, 1.0, 0, 0, 1, 3, 9, 0, 8, 4, 0, 0, 1, 3, 9, 0, 8, 4);[49.804, 50, 50, 50]
(0, 0.0, 0, 0, 1, 4, 9, 0, 8, 4, 0, 0, 1, 3, 9, 0, 8, 4);[49.795, 49.791000000000004, 50, 50]
(0, 1.0, 0, 0, 1, 4, 9, 0, 9, 4, 0, 0, 1, 4, 9, 0, 8, 4);[49.785, 50, 50, 50]
(0, 1.0, 0, 0, 1, 4, 9, 0, 9, 4, 0, 0, 1, 4, 9, 0, 9, 4);[49.782000000000004, 49.778, 50, 50]
(1, 0.0, 0, 0, 2, 4, 9, 0, 9, 4, 0, 0, 1, 4, 9, 0, 9, 4);[49.78, 49.785, 50, 50]
(1, 1.0, 0, 0, 2, 4, 9, 0, 9, 4, 0, 0, 1, 4, 9, 0, 9, 4);[49.792, 50, 50, 50]
(0, 0.0, 0, 0, 2, 4, 9, 0, 9, 4, 0, 0, 2, 4, 9, 0, 9, 4);[49.785000000000004, 49.794, 49.809999999999995, 49.81]
(0, 1.0, 0, 0, 2, 4, 9, 0, 9, 4, 0, 0, 2, 4, 9, 0, 9, 4);[49.795, 49.8, 49.797000000000004, 50]
(1, 0.0, 0, 0, 2, 4, 9, 0, 9, 4, 0, 0, 2, 4, 9, 0, 9, 4);[49.8, 49.801, 50, 50]
(1, 1.0, 0, 0, 2, 4, 9, 0, 9, 4, 0, 0, 2, 4, 9, 0, 9, 4);[49.81, 50, 50, 50]
(2, 0.0, 0, 0, 1, 4, 9, 0, 9, 4, 0, 0, 0, 4, 9, 0, 9, 4);[50.147, 50, 50, 50]
(2, 0.0, 0, 0, 0, 4, 9, 0, 9, 4, 0, 0, 0, 4, 9, 0, 9, 4);[49.878, 50, 50, 50]
(2, 1.0, 0, 0, 0, 4, 9, 0, 9, 4, 0, 0, 0, 4, 9, 0, 9, 4);[49.82299999999999, 50, 50, 50]
(0, 0.0, 0, 0, 0, 4, 9, 0, 9, 4, 0, 0, 0, 4, 9, 0, 9, 4);[49.82, 49.819, 50, 50]
(0, 1.0, 0, 0, 0, 4, 9, 0, 9, 4, 0, 0, 0, 4, 9, 0, 9, 4);[49.825, 50, 50, 50]
(0, 1.0, 0, 0, 1, 5, 9, 0, 9, 4, 0, 0, 0, 4, 9, 0, 9, 4);[49.822, 49.811, 50, 50]
(1, 0.0, 0, 0, 1, 5, 9, 0, 9, 4, 0, 0, 0, 5, 9, 0, 9, 4);[49.803999999999995, 50, 50, 50]
(1, 0.0, 0, 0, 1, 5, 9, 0, 9, 5, 0, 0, 1, 5, 9, 0, 9, 4);[49.8, 50, 50, 50]
(1, 1.0, 0, 0, 1, 5, 9, 0, 9, 5, 0, 0, 1, 5, 9, 0, 9, 4);[50.80200000000001, 50, 50, 50]
(0, 0.0, 0, 0, 1, 5, 9, 0, 9, 5, 0, 0, 1, 5, 8, 0, 9, 5);[51.806, 50, 50, 50]
(0, 0.0, 0, 0, 1, 5, 8, 0, 9, 5, 0, 0, 1, 5, 6, 0, 9, 5);[50.82, 50, 50, 50]
(0, 1.0, 0, 0, 1, 5, 8, 0, 9, 5, 0, 0, 1, 5, 4, 0, 9, 5);[49.833, 49.84, 50, 50]
(1, 0.0, 0, 0, 1, 5, 8, 0, 9, 5, 0, 0, 1, 5, 3, 0, 9, 5);[49.838, 50, 50, 50]
(1, 0.0, 0, 0, 1, 5, 8, 0, 9, 5, 0, 0, 1, 5, 4, 0, 9, 5);[49.825, 50, 50, 50]
(1, 1.0, 0, 0, 2, 5, 9, 0, 9, 5, 0, 0, 1, 5, 6, 0, 9, 5);[49.812, 50, 50, 50]
(0, 0.0, 0, 0, 2, 5, 9, 0, 9, 5, 0, 0, 1, 5, 7, 0, 9, 5);[49.797, 50, 50, 50]
(0, 0.0, 0, 0, 2, 5, 9, 0, 9, 5, 0, 0, 1, 5, 9, 0, 9, 5);[49.779, 50, 50, 50]
(0, 1.0, 0, 0, 2, 5, 9, 0, 9, 5, 0, 0, 2, 5, 9, 0, 9, 5);[49.775, 49.774, 49.872, 50]
(1, 0.0, 0, 0, 2, 5, 9, 0, 9, 5, 0, 0, 2, 5, 9, 0, 9, 5);[49.769999999999996, 49.769999999999996, 50, 50]
(1, 1.0, 0, 0, 2, 5, 9, 0, 9, 5, 0, 0, 2, 5, 9, 0, 9, 5);[49.769999999999996, 50, 50, 50]
(0, 0.0, 0, 0, 2, 5, 9, 0, 9, 5, 0, 0, 2, 5, 9, 0, 9, 5);[49.768, 49.765, 50, 50]
(2, 0.0, 0, 0, 2, 5, 9, 0, 9, 5, 0, 0, 1, 5, 9, 0, 9, 5);[49.982, 50, 50, 50]
(2, 0.0, 0, 0, 1, 5, 9, 0, 9, 5, 0, 0, 0, 5, 9, 0, 9, 5);[49.808, 50, 50, 50]
(2, 1.0, 0, 0, 0, 5, 9, 0, 9, 5, 0, 0, 0, 5, 9, 0, 9, 5);[49.782, 49.802, 49.806, 51.189]
(0, 0.0, 0, 0, 0, 5, 9, 0, 9, 5, 0, 0, 0, 5, 9, 0, 9, 5);[49.78, 49.783, 49.795, 49.793]
(0, 1.0, 0, 0, 0, 5, 9, 0, 9, 5, 0, 0, 0, 5, 9, 0, 9, 5);[49.785, 49.785000000000004, 49.795, 50]
(1, 0.0, 0, 0, 0, 5, 9, 0, 9, 5, 0, 0, 0, 5, 9, 0, 9, 5);[49.785, 49.792, 49.805, 49.805]
(1, 1.0, 0, 0, 0, 5, 9, 0, 9, 5, 0, 0, 0, 5, 9, 0, 9, 5);[49.795, 49.805, 49.803, 50]
(2, 0.0, 0, 0, 0, 5, 9, 0, 9, 5, 0, 0, 0, 5, 9, 0, 9, 5);[49.797, 49.8, 49.8, 49.805]
(3, 0.0, 1, 0, 0, 4, 9, 0, 9, 5, 0, 0, 0, 3, 9, 0, 9, 4);[53.179, 50, 50, 50]
(3, 0.0, 1, 0, 0, 3, 9, 0, 9, 4, 0, 0, 0, 0, 9, 0, 9, 1);[52.355000000000004, 50, 50, 50]
(3, 1.0, 1, 0, 0, 1, 9, 0, 9, 3, 1, 0, 0, 0, 9, 0, 9, 0);[50.342, 50, 50, 50]
(0, 0.0, 1, 0, 0, 1, 9, 0, 9, 2, 0, 0, 0, 0, 9, 0, 9, 0);[49.865, 50, 50, 50]
(0, 0.0, 0, 0, 0, 1, 9, 0, 9, 2, 0, 0, 0, 1, 9, 0, 9, 1);[49.862, 50, 50, 50]
(0, 1.0, 0, 0, 0, 1, 9, 0, 9, 2, 0, 0, 0, 1, 9, 0, 9, 2);[49.86, 49.859, 49.785000000000004, 50]
(1, 0.0, 0, 0, 0, 1, 9, 0, 9, 2, 0, 0, 0, 1, 9, 0, 9, 2);[49.855000000000004, 49.855, 50, 50]
(1, 1.0, 0, 0, 0, 1, 9, 0, 9, 3, 0, 0, 0, 1, 9, 0, 9, 2);[49.872, 50, 50, 50]
(0, 0.0, 0, 0, 0, 1, 9, 0, 9, 3, 0, 0, 0, 1, 9, 0, 9, 2);[49.852, 50, 50, 50]
(0, 0.0, 1, 0, 0, 1, 9, 0, 9, 3, 0, 0, 0, 1, 9, 0, 9, 3);[49.85, 49.790000000000006, 50, 50]
(0, 1.0, 1, 0, 0, 1, 9, 0, 9, 3, 0, 0, 0, 1, 9, 0, 9, 3);[49.852000000000004, 50, 50, 50]
(0, 1.0, 0, 0, 0, 1, 9, 0, 9, 3, 0, 0, 0, 1, 9, 0, 9, 3);[49.85, 49.863, 49.900999999999996, 50.418]
(1, 0.0, 1, 0, 0, 1, 9, 0, 9, 3, 0, 0, 0, 1, 9, 0, 9, 3);[49.879999999999995, 50, 50, 50]
(1, 0.0, 2, 0, 0, 1, 9, 0, 9, 3, 0, 0, 0, 1, 9, 0, 9, 3);[49.884, 50, 50, 50]
(1, 1.0, 3, 0, 0, 1, 9, 0, 9, 3, 0, 0, 0, 1, 9, 0, 9, 3);[49.854, 50, 50, 50]
(0, 0.0, 2, 0, 0, 1, 9, 0, 9, 3, 0, 0, 0, 1, 9, 0, 9, 3);[49.829, 50, 50, 50]
(2, 0.0, 0, 0, 0, 1, 9, 0, 9, 3, 0, 0, 0, 1, 9, 0, 9, 3);[49.85, 49.855, 50, 50]
(2, 0.0, 0, 0, 1, 1, 9, 0, 9, 3, 0, 0, 0, 1, 9, 0, 9, 3);[49.85, 49.904, 50, 50]
(2, 1.0, 0, 0, 1, 1, 9, 0, 9, 3, 0, 0, 0, 1, 9, 0, 9, 3);[49.848, 50, 50, 50]
(0, 0.0, 0, 0, 1, 1, 9, 0, 9, 3, 0, 0, 0, 1, 9, 0, 9, 3);[49.841, 50, 50, 50]
(0, 0.0, 0, 0, 1, 1, 9, 0, 9, 3, 0, 0, 1, 1, 9, 0, 9, 3);[49.839999999999996, 49.845, 49.843, 49.775]
(0, 1.0, 0, 0, 1, 1, 9, 0, 9, 3, 0, 0, 1, 1, 9, 0, 9, 3);[49.84, 49.88, 49.899, 50.449]
(1, 0.0, 0, 0, 1, 1, 9, 0, 9, 3, 0, 0, 1, 1, 9, 0, 9, 3);[49.845, 49.845, 50, 50]
(1, 1.0, 0, 0, 1, 1, 9, 0, 9, 3, 0, 0, 1, 1, 9, 0, 9, 3);[49.845, 50, 50, 50]
(2, 1.0, 0, 0, 0, 1, 9, 0, 9, 3, 0, 0, 0, 1, 9, 0, 9, 3);[49.855000000000004, 50, 50, 50]
(0, 0.0, 0, 0, 0, 1, 9, 0, 9, 3, 0, 0, 0, 1, 9, 0, 9, 3);[49.855000000000004, 49.855000000000004, 50, 50]
(3, 0.0, 0, 0, 0, 1, 9, 0, 9, 2, 0, 0, 0, 0, 9, 0, 9, 1);[51.629, 50, 50, 50]
(3, 0.0, 0, 0, 0, 0, 9, 0, 9, 1, 0, 0, 0, 0, 9, 0, 9, 0);[50.55800000000001, 50, 50, 50]
(3, 1.0, 0, 0, 0, 0, 9, 0, 9, 0, 0, 0, 0, 0, 9, 0, 9, 0);[49.891999999999996, 50, 50, 50]
(0, 0.0, 0, 0, 1, 0, 9, 0, 9, 0, 0, 0, 0, 0, 9, 0, 9, 0);[49.888, 49.89, 50, 50]
(0, 1.0, 0, 0, 1, 0, 9, 0, 9, 0, 0, 0, 0, 0, 9, 0, 9, 0);[49.886, 50, 50, 50]
(0, 1.0, 0, 0, 1, 0, 9, 0, 9, 0, 0, 0, 1, 0, 9, 0, 9, 0);[49.882999999999996, 49.88, 50, 50]
(1, 0.0, 0, 0, 1, 0, 9, 0, 9, 0, 0, 0, 1, 0, 9, 0, 9, 0);[49.878, 50, 50, 50]
(1, 0.0, 0, 0, 2, 0, 9, 0, 9, 0, 0, 0, 1, 0, 9, 0, 9, 0);[49.88, 50, 50, 50]
(1, 1.0, 0, 0, 2, 0, 9, 0, 9, 0, 0, 0, 1, 0, 9, 0, 9, 0);[49.875, 50, 50, 50]
(0, 0.0, 0, 0, 2, 0, 9, 0, 9, 0, 0, 0, 2, 0, 9, 0, 9, 0);[49.875, 49.87, 49.87, 49.870000000000005]
(0, 1.0, 0, 0, 2, 0, 9, 0, 9, 0, 0, 0, 2, 0, 9, 0, 9, 0);[49.87, 49.870000000000005, 49.965999999999994, 50]
(1, 0.0, 0, 0, 2, 0, 9, 0, 9, 0, 0, 0, 2, 0, 9, 0, 9, 0);[49.87, 49.87, 50, 50]
(1, 1.0, 0, 0, 2, 0, 9, 0, 9, 0, 0, 0, 2, 0, 9, 0, 9, 0);[49.87, 50, 50, 50]
(2, 0.0, 0, 0, 2, 0, 9, 0, 9, 0, 0, 0, 0, 0, 9, 0, 9, 0);[50.040000000000006, 50, 50, 50]
(2, 0.0, 0, 0, 1, 0, 9, 0, 9, 0, 0, 0, 0, 0, 9, 0, 9, 0);[49.945, 50, 50, 50]
(2, 1.0, 0, 0, 0, 0, 9, 0, 9, 0, 0, 0, 0, 0, 9, 0, 9, 0);[49.89, 50, 50, 50]
(0, 0.0, 0, 0, 0, 0, 9, 0, 9, 0, 0, 0, 0, 0, 9, 0, 9, 0);[49.888, 49.885000000000005, 50, 50]
(0, 1.0, 0, 0, 0, 0, 9, 0, 9, 0, 0, 0, 0, 0, 9, 0, 9, 0);[49.885, 50, 50, 50]
(0, 1.0, 0, 0, 0, 0, 9, 0, 9, 1, 0, 0, 0, 0, 9, 0, 9, 0);[49.885000000000005, 49.882999999999996, 50, 50]
(1, 0.0, 0, 0, 1, 0, 9, 0, 9, 1, 0, 0, 0, 0, 9, 0, 9, 0);[49.879000000000005, 50, 50, 50]
(1, 0.0, 0, 0, 1, 0, 9, 0, 9, 1, 0, 0, 0, 0, 9, 0, 9, 1);[49.878, 50, 50, 50]
(1, 1.0, 1, 0, 1, 0, 9, 0, 9, 1, 0, 0, 0, 0, 9, 0, 9, 1);[49.870000000000005, 50, 50, 50]
(0, 0.0, 1, 0, 1, 0, 9, 0, 9, 1, 0, 0, 1, 0, 9, 0, 9, 1);[51.852999999999994, 50, 50, 50]
(0, 0.0, 0, 0, 1, 0, 9, 0, 9, 1, 0, 0, 1, 0, 7, 0, 9, 1);[50.878, 50, 50, 50]
(0, 1.0, 0, 0, 1, 0, 8, 0, 9, 1, 0, 0, 1, 0, 5, 0, 9, 1);[52.85, 50, 50, 50]
(0, 1.0, 0, 0, 1, 0, 7, 0, 9, 1, 0, 0, 1, 0, 3, 0, 9, 1);[51.862, 50, 50, 50]
(0, 1.0, 0, 0, 1, 0, 6, 0, 9, 1, 0, 0, 1, 0, 1, 0, 9, 1);[52.833, 50, 50, 50]
(0, 1.0, 0, 0, 1, 0, 4, 0, 9, 1, 0, 0, 1, 0, 0, 0, 9, 1);[53.1867647, 50, 50, 50]
(0, 1.0, 0, 0, 1, 0, 5, 0, 9, 1, 0, 0, 1, 0, 1, 0, 9, 1);[49.87, 50, 50, 50]
(0, 1.0, 0, 0, 1, 0, 7, 0, 9, 1, 0, 0, 1, 0, 2, 0, 9, 1);[49.857, 50, 50, 50]
(0, 1.0, 0, 0, 1, 0, 8, 0, 9, 1, 0, 0, 1, 0, 4, 0, 9, 1);[49.844, 50, 50, 50]
(0, 1.0, 0, 0, 1, 0, 9, 0, 9, 1, 0, 0, 1, 0, 5, 0, 9, 1);[49.827, 50, 50, 50]
(0, 1.0, 0, 0, 1, 0, 9, 0, 9, 1, 0, 0, 1, 0, 7, 0, 9, 1);[49.809, 50, 50, 50]
(0, 1.0, 0, 0, 1, 0, 9, 0, 9, 1, 0, 0, 1, 0, 8, 0, 9, 1);[49.794, 50, 50, 50]
(0, 1.0, 0, 0, 1, 0, 9, 0, 9, 1, 0, 0, 1, 0, 9, 0, 9, 1);[49.788, 49.79, 49.942, 49.882]
(1, 0.0, 0, 0, 1, 0, 9, 0, 9, 1, 0, 0, 1, 0, 9, 0, 9, 1);[49.789, 49.785, 50, 50]
(1, 1.0, 0, 0, 1, 0, 9, 0, 9, 1, 0, 0, 1, 0, 9, 0, 9, 1);[49.798, 50, 50, 50]
(0, 0.0, 0, 0, 1, 0, 9, 0, 9, 1, 0, 0, 1, 0, 9, 0, 9, 1);[49.79, 49.789, 50, 50]
(2, 0.0, 0, 0, 1, 0, 9, 0, 9, 1, 0, 0, 0, 0, 9, 0, 9, 1);[50.039, 50, 50, 50]
(2, 0.0, 1, 0, 0, 0, 9, 0, 9, 1, 0, 0, 0, 0, 9, 0, 9, 1);[51.8, 50, 50, 50]
(2, 1.0, 0, 0, 0, 0, 9, 0, 8, 1, 0, 0, 0, 0, 9, 0, 7, 1);[50.78, 50, 50, 50]
(0, 0.0, 0, 0, 0, 0, 9, 0, 8, 2, 0, 0, 0, 0, 8, 0, 5, 1);[51.45, 50, 50, 50]
(0, 0.0, 0, 0, 0, 0, 8, 0, 8, 2, 0, 0, 0, 0, 6, 0, 5, 1);[51.766999999999996, 50, 50, 50]
(0, 1.0, 0, 0, 0, 0, 7, 0, 8, 2, 0, 0, 0, 0, 4, 0, 5, 2);[50.14, 50, 50, 50]
(0, 1.0, 0, 0, 0, 0, 5, 0, 8, 2, 0, 0, 0, 0, 1, 0, 5, 2);[50.061, 50, 50, 50]
(0, 1.0, 0, 0, 0, 0, 4, 0, 9, 2, 0, 0, 0, 0, 0, 0, 7, 2);[50.052, 50, 50, 50]
(0, 1.0, 0, 0, 0, 0, 4, 0, 9, 2, 0, 0, 0, 0, 0, 0, 9, 2);[49.873000000000005, 50, 50, 50]
(0, 1.0, 0, 0, 0, 0, 5, 0, 9, 2, 0, 0, 0, 0, 1, 0, 9, 2);[49.856, 50, 50, 50]
(0, 1.0, 0, 0, 1, 1, 6, 0, 9, 2, 0, 0, 0, 0, 2, 0, 9, 2);[49.839999999999996, 50, 50, 50]
(0, 1.0, 0, 0, 1, 1, 7, 0, 9, 2, 0, 0, 0, 0, 3, 0, 9, 2);[49.822, 50, 50, 50]
(0, 1.0, 0, 0, 1, 1, 9, 0, 9, 2, 0, 0, 1, 0, 5, 0, 9, 2);[49.799, 50, 50, 50]
(0, 1.0, 0, 0, 1, 1, 9, 0, 9, 2, 0, 0, 1, 1, 6, 0, 9, 2);[49.781, 50, 50, 50]
(0, 1.0, 0, 0, 1, 1, 9, 0, 9, 2, 0, 0, 1, 1, 9, 0, 9, 2);[49.765, 49.853, 49.839999999999996, 50]
(1, 0.0, 0, 0, 1, 1, 9, 0, 9, 2, 0, 0, 1, 1, 9, 0, 9, 2);[49.839, 49.775, 50, 50]
(1, 1.0, 0, 0, 1, 1, 9, 0, 9, 2, 0, 0, 1, 1, 9, 0, 9, 2);[49.775, 50, 50, 50]
(0, 0.0, 0, 0, 1, 1, 9, 0, 9, 2, 0, 0, 1, 1, 9, 0, 9, 2);[49.775, 49.776, 50, 50]
(2, 0.0, 0, 0, 0, 1, 9, 0, 9, 2, 0, 0, 0, 1, 9, 0, 9, 2);[49.839, 49.79, 49.788, 50]
(2, 1.0, 0, 0, 0, 1, 9, 0, 9, 2, 0, 0, 0, 1, 9, 0, 9, 2);[49.785, 50, 50, 50]
(0, 0.0, 0, 0, 0, 1, 9, 0, 9, 2, 0, 0, 0, 1, 9, 0, 9, 2);[49.785, 49.785, 50, 50]
(2, 0.0, 0, 0, 1, 1, 9, 0, 9, 2, 0, 0, 0, 1, 9, 0, 9, 2);[49.79, 50, 50, 50]
(2, 1.0, 0, 0, 1, 1, 9, 0, 9, 3, 0, 0, 0, 1, 9, 0, 9, 2);[49.79, 50, 50, 50]
(0, 0.0, 0, 0, 1, 1, 9, 0, 9, 3, 0, 0, 0, 1, 9, 0, 9, 2);[49.784, 50, 50, 50]
(3, 0.0, 0, 0, 1, 0, 9, 0, 9, 2, 0, 0, 1, 0, 9, 0, 9, 1);[50.479, 50, 50, 50]
(3, 0.0, 0, 0, 1, 0, 9, 0, 9, 2, 0, 0, 1, 0, 9, 0, 9, 0);[50.027, 50, 50, 50]
(3, 1.0, 0, 0, 1, 0, 9, 0, 9, 0, 0, 0, 1, 0, 9, 0, 9, 0);[49.8519, 50, 50, 50]
(0, 0.0, 0, 0, 1, 0, 9, 0, 9, 0, 0, 0, 1, 0, 8, 0, 9, 0);[50.277, 50, 50, 50]
(0, 0.0, 0, 0, 1, 0, 8, 0, 9, 0, 0, 0, 1, 0, 6, 0, 9, 0);[50.509, 50, 50, 50]
(0, 1.0, 0, 0, 1, 0, 7, 0, 9, 0, 0, 0, 1, 0, 4, 0, 9, 0);[50.309, 50, 50, 50]
(0, 1.0, 0, 0, 1, 0, 6, 0, 9, 0, 0, 0, 1, 0, 2, 0, 9, 0);[50.16, 50, 50, 50]
(0, 1.0, 0, 0, 1, 0, 4, 0, 9, 0, 0, 0, 1, 0, 0, 0, 9, 0);[50.1953, 50, 50, 50]
(0, 1.0, 0, 0, 1, 0, 3, 0, 9, 0, 0, 0, 1, 0, 0, 0, 9, 0);[50.079383, 50, 50, 50]
(0, 1.0, 0, 0, 1, 0, 5, 0, 9, 0, 0, 0, 1, 0, 0, 0, 9, 0);[49.927690000000005, 50, 50, 50]
(0, 1.0, 0, 0, 1, 0, 7, 0, 9, 0, 0, 0, 1, 0, 3, 0, 9, 0);[49.865, 50, 50, 50]
(0, 1.0, 0, 0, 1, 0, 8, 0, 9, 0, 0, 0, 1, 0, 5, 0, 9, 0);[49.848, 49.869, 50, 50]
(0, 1.0, 0, 0, 1, 0, 9, 0, 9, 1, 0, 0, 1, 0, 7, 0, 9, 0);[49.831, 50, 50, 50]
(0, 1.0, 0, 0, 1, 0, 9, 0, 9, 1, 0, 0, 1, 0, 8, 0, 9, 0);[49.815, 50, 50, 50]
(0, 1.0, 0, 0, 1, 0, 9, 0, 9, 1, 0, 0, 1, 0, 9, 0, 9, 0);[49.809, 50, 50, 50]
(3, 0.0, 0, 0, 1, 0, 9, 0, 9, 0, 0, 0, 1, 0, 9, 0, 9, 0);[49.819, 49.819058999999996, 50, 50]
(0, 0.0, 0, 0, 1, 0, 9, 0, 9, 0, 0, 0, 1, 0, 9, 0, 9, 0);[49.815, 50.219, 50, 50]
(0, 1.0, 0, 0, 1, 0, 9, 0, 9, 0, 0, 0, 1, 0, 8, 0, 9, 0);[50.239, 50, 50, 50]
(1, 0.0, 0, 0, 2, 0, 8, 0, 9, 0, 0, 0, 1, 0, 4, 0, 9, 0);[49.878, 50, 50, 50]
(1, 0.0, 0, 0, 2, 0, 8, 0, 9, 0, 0, 0, 1, 0, 3, 0, 9, 0);[49.882, 50, 50, 50]
(1, 1.0, 0, 0, 2, 0, 8, 0, 9, 0, 0, 0, 2, 0, 3, 0, 9, 0);[50.081, 50, 50, 50]
(0, 0.0, 0, 0, 2, 0, 8, 0, 9, 0, 0, 0, 2, 0, 3, 0, 9, 0);[50.158, 50, 50, 50]
(0, 0.0, 0, 0, 2, 0, 7, 0, 9, 0, 0, 0, 2, 0, 2, 0, 9, 0);[50.096000000000004, 50, 50, 50]
(0, 1.0, 0, 0, 2, 0, 6, 0, 9, 0, 0, 0, 2, 0, 2, 0, 9, 0);[50.031, 50, 50, 50]
(0, 1.0, 0, 0, 2, 0, 5, 0, 9, 0, 0, 0, 2, 0, 0, 0, 9, 0);[50.109, 50, 50, 50]
(0, 1.0, 0, 0, 2, 0, 3, 0, 9, 0, 0, 0, 2, 0, 0, 0, 9, 0);[50.034, 50, 50, 50]
(0, 1.0, 0, 0, 2, 0, 3, 0, 9, 1, 0, 0, 2, 0, 0, 0, 9, 0);[50.089, 50, 50, 50]
(0, 1.0, 0, 0, 3, 0, 1, 0, 9, 1, 0, 0, 2, 0, 0, 0, 9, 0);[49.977000000000004, 50, 50, 50]
(0, 1.0, 0, 0, 3, 0, 0, 0, 9, 1, 0, 0, 2, 0, 0, 0, 9, 0);[49.897, 50, 50, 50]
(0, 1.0, 0, 0, 3, 0, 0, 0, 9, 1, 0, 0, 3, 0, 0, 0, 9, 1);[49.894999999999996, 49.895, 50.132, 50]
(1, 0.0, 0, 0, 3, 0, 0, 0, 9, 1, 0, 0, 3, 0, 0, 0, 9, 1);[49.894999999999996, 49.894999999999996, 50, 50]
(1, 1.0, 0, 0, 3, 0, 0, 0, 9, 1, 0, 0, 3, 0, 0, 0, 9, 1);[49.895, 50, 50, 50]
(0, 0.0, 0, 0, 3, 0, 0, 0, 9, 1, 0, 0, 3, 0, 0, 0, 9, 1);[49.894999999999996, 49.905, 50, 50]
(2, 0.0, 0, 0, 2, 0, 0, 0, 9, 1, 0, 0, 1, 0, 0, 0, 9, 1);[50.431, 50, 50, 50]
(2, 0.0, 0, 0, 1, 0, 0, 0, 9, 1, 0, 0, 0, 0, 0, 0, 9, 1);[50.034, 50, 50, 50]
(2, 1.0, 0, 0, 0, 0, 0, 0, 9, 1, 0, 0, 0, 0, 0, 0, 9, 1);[49.93, 50, 50, 50]
(0, 0.0, 0, 0, 0, 1, 0, 0, 9, 1, 0, 0, 0, 0, 0, 0, 9, 1);[49.93, 50, 50, 50]
(0, 0.0, 0, 0, 0, 1, 0, 0, 9, 2, 0, 0, 0, 0, 0, 0, 9, 1);[49.929, 50, 50, 50]
(0, 1.0, 0, 0, 0, 1, 0, 0, 9, 2, 0, 0, 0, 1, 0, 0, 9, 1);[49.921, 49.951, 50, 50]
(1, 0.0, 0, 0, 0, 1, 0, 0, 9, 2, 0, 0, 0, 1, 0, 0, 9, 2);[49.919, 49.915, 50, 50]
(1, 1.0, 0, 0, 0, 1, 0, 0, 9, 2, 0, 0, 0, 1, 0, 0, 9, 2);[49.926, 50, 50, 50]
(0, 0.0, 0, 0, 0, 1, 0, 0, 9, 2, 0, 0, 0, 1, 0, 0, 9, 2);[49.92, 49.92, 50, 50]
(0, 1.0, 0, 0, 0, 1, 0, 0, 9, 3, 0, 0, 0, 1, 0, 0, 9, 2);[49.915, 49.908, 50, 50]
(1, 0.0, 0, 0, 0, 1, 0, 0, 9, 3, 0, 0, 0, 1, 0, 0, 9, 3);[49.91, 49.908, 50, 50]
(1, 1.0, 0, 0, 0, 1, 0, 0, 9, 3, 0, 0, 0, 1, 0, 0, 9, 3);[49.905, 50, 50, 50]
(0, 0.0, 0, 0, 0, 1, 0, 0, 9, 3, 0, 0, 0, 1, 0, 0, 9, 3);[49.905, 49.905, 50, 50]
(0, 1.0, 0, 0, 1, 1, 0, 0, 9, 3, 0, 0, 0, 1, 0, 0, 9, 3);[49.905, 49.903, 50, 50]
(1, 0.0, 0, 0, 1, 1, 0, 0, 9, 3, 0, 0, 1, 1, 0, 0, 9, 3);[49.9, 49.899, 50, 50]
(1, 1.0, 0, 0, 1, 1, 0, 0, 9, 3, 0, 0, 1, 1, 0, 0, 9, 3);[49.900999999999996, 50, 50, 50]
(0, 0.0, 0, 0, 1, 1, 0, 0, 9, 3, 0, 0, 1, 1, 0, 0, 9, 3);[49.9, 49.9, 50, 50]
(0, 1.0, 0, 0, 1, 1, 0, 0, 9, 3, 0, 0, 1, 1, 0, 0, 9, 3);[49.91, 50, 50, 50]
(0, 1.0, 0, 0, 1, 2, 0, 0, 9, 3, 0, 0, 1, 1, 0, 0, 9, 3);[49.905, 49.899, 50, 50]
(1, 0.0, 0, 0, 1, 2, 0, 0, 9, 3, 0, 0, 1, 2, 0, 0, 9, 3);[49.895, 49.894999999999996, 50, 50]
(1, 1.0, 0, 0, 1, 2, 0, 0, 9, 3, 0, 0, 1, 2, 0, 0, 9, 3);[49.893, 50, 50, 50]
(0, 0.0, 0, 0, 2, 3, 0, 0, 9, 3, 0, 0, 1, 2, 0, 0, 9, 3);[49.89, 49.885999999999996, 50, 50]
(0, 1.0, 0, 0, 2, 3, 0, 0, 9, 3, 0, 0, 1, 3, 0, 0, 9, 3);[49.871, 50, 50, 50]
(0, 1.0, 0, 0, 2, 3, 0, 0, 9, 3, 0, 0, 2, 3, 0, 0, 9, 3);[49.87, 49.909, 50, 50]
(1, 0.0, 0, 0, 2, 3, 0, 0, 9, 3, 0, 0, 2, 3, 0, 0, 9, 3);[49.88, 49.879999999999995, 50, 50]
(1, 1.0, 0, 0, 2, 3, 0, 0, 9, 3, 0, 0, 2, 3, 0, 0, 9, 3);[49.88, 50, 50, 50]
(0, 0.0, 0, 0, 2, 3, 0, 0, 9, 3, 0, 0, 2, 3, 0, 0, 9, 3);[49.88, 50, 50, 50]
(0, 0.0, 0, 0, 2, 4, 0, 0, 9, 3, 0, 0, 2, 3, 0, 0, 9, 3);[49.879999999999995, 50, 50, 50]
(0, 1.0, 0, 0, 2, 4, 0, 0, 9, 3, 0, 0, 2, 3, 0, 0, 9, 3);[49.876000000000005, 50, 50, 50]
(0, 1.0, 0, 0, 2, 4, 0, 0, 9, 3, 0, 0, 2, 4, 0, 0, 9, 3);[49.875, 49.875, 51.085, 50]
(1, 0.0, 0, 0, 2, 4, 0, 0, 9, 3, 0, 0, 2, 4, 0, 0, 9, 3);[49.875, 49.875, 49.879, 49.87]
(1, 1.0, 1, 0, 2, 4, 0, 0, 9, 3, 0, 0, 2, 4, 0, 0, 9, 3);[49.87, 50, 50, 50]
(0, 0.0, 0, 1, 2, 4, 0, 0, 9, 3, 0, 0, 2, 4, 0, 0, 9, 3);[49.87, 49.866, 50, 50]
(0, 1.0, 0, 1, 2, 4, 0, 0, 9, 3, 0, 1, 2, 4, 0, 0, 9, 3);[49.86, 49.875, 50, 50]
(1, 1.0, 0, 0, 2, 4, 0, 0, 9, 3, 0, 0, 2, 4, 0, 0, 9, 3);[49.870000000000005, 50, 50, 50]
(0, 0.0, 0, 0, 2, 4, 0, 0, 9, 3, 0, 0, 2, 4, 0, 0, 9, 3);[49.87, 49.870000000000005, 50, 50]
(2, 0.0, 0, 0, 1, 4, 0, 0, 9, 3, 0, 0, 0, 4, 0, 0, 8, 3);[52.198, 50, 50, 50]
(2, 0.0, 0, 0, 0, 4, 0, 0, 8, 3, 0, 0, 0, 4, 0, 0, 5, 3);[52.997, 50, 50, 50]
(2, 1.0, 0, 0, 0, 4, 0, 0, 6, 4, 0, 0, 0, 4, 0, 0, 3, 3);[49.933, 50, 50, 50]
(0, 0.0, 0, 0, 0, 4, 0, 0, 6, 4, 0, 0, 0, 4, 0, 0, 1, 3);[49.932, 50, 50, 50]
(0, 0.0, 0, 0, 0, 4, 0, 0, 7, 4, 0, 0, 0, 4, 0, 0, 2, 4);[49.919, 50, 50, 50]
(0, 1.0, 0, 0, 0, 4, 0, 0, 7, 4, 0, 0, 0, 4, 0, 0, 4, 4);[49.903999999999996, 50, 50, 50]
(0, 1.0, 0, 0, 0, 4, 0, 0, 8, 4, 0, 0, 0, 4, 0, 0, 5, 4);[49.886, 50, 50, 50]
(0, 1.0, 0, 0, 0, 4, 0, 0, 9, 4, 0, 0, 0, 4, 0, 0, 6, 4);[49.865, 49.86, 50, 50]
(0, 1.0, 0, 0, 0, 4, 0, 0, 9, 4, 0, 0, 0, 4, 0, 0, 8, 4);[49.848, 50, 50, 50]
(0, 1.0, 0, 0, 0, 4, 0, 0, 9, 4, 0, 0, 0, 4, 0, 0, 9, 4);[49.845, 49.845, 50.626099999999994, 50]
(1, 0.0, 0, 0, 0, 4, 0, 0, 9, 4, 0, 0, 0, 4, 0, 0, 9, 4);[49.845, 49.843, 49.83, 50]
(1, 1.0, 0, 0, 0, 4, 0, 0, 9, 4, 0, 0, 0, 4, 0, 0, 9, 4);[49.847, 49.829, 49.845, 50]
(0, 0.0, 0, 0, 0, 4, 0, 0, 9, 4, 0, 0, 0, 4, 0, 0, 9, 4);[49.7035, 49.845, 49.835, 49.754098979000005]
(0, 1.0, 1, 0, 0, 4, 0, 0, 9, 4, 0, 0, 0, 4, 0, 0, 9, 4);[49.844, 50, 50, 50.397000000000006]
(2, 0.0, 0, 0, 0, 4, 0, 0, 9, 4, 0, 0, 0, 4, 0, 0, 8, 4);[50.839, 50, 50, 50]
(2, 0.0, 0, 0, 0, 4, 0, 0, 8, 4, 0, 0, 0, 4, 0, 0, 5, 4);[49.875, 50, 50, 50]
(2, 1.0, 0, 0, 0, 4, 0, 0, 8, 4, 0, 0, 0, 4, 0, 0, 4, 4);[49.893, 50, 50, 50]
(0, 0.0, 0, 0, 0, 4, 0, 0, 8, 4, 0, 0, 0, 4, 0, 0, 4, 4);[49.89, 49.875, 50, 50]
(1, 0.0, 0, 0, 0, 4, 0, 0, 9, 4, 0, 0, 0, 4, 0, 0, 7, 4);[49.839, 50, 50, 50]
(2, 0.0, 0, 0, 0, 4, 0, 0, 9, 4, 0, 0, 0, 4, 0, 0, 9, 4);[49.83, 49.83, 49.835, 49.835]
(2, 1.0, 1, 0, 0, 4, 0, 0, 9, 4, 0, 0, 0, 4, 0, 0, 9, 4);[49.853, 50, 50, 50]
(2, 1.0, 0, 0, 0, 4, 0, 0, 9, 4, 0, 0, 0, 4, 0, 0, 9, 4);[49.827280079, 50, 50, 50]
(3, 0.0, 1, 1, 0, 4, 0, 0, 9, 4, 0, 0, 0, 2, 0, 0, 9, 3);[50.900999999999996, 50, 50, 50]
(3, 0.0, 2, 1, 0, 2, 0, 0, 9, 3, 0, 0, 0, 0, 0, 0, 9, 0);[51.845, 50, 50, 50]
(3, 1.0, 2, 0, 0, 1, 0, 0, 9, 1, 1, 0, 0, 0, 0, 0, 9, 0);[49.882, 50, 50, 50]
(0, 0.0, 2, 0, 0, 1, 0, 0, 9, 1, 0, 0, 0, 0, 0, 0, 9, 1);[49.842999999999996, 50, 50, 50]
(0, 0.0, 1, 0, 0, 1, 0, 0, 9, 1, 0, 0, 0, 1, 0, 0, 9, 1);[49.849000000000004, 50, 50, 50]
(0, 1.0, 0, 0, 0, 1, 0, 0, 9, 1, 0, 0, 0, 1, 0, 0, 9, 1);[49.87, 49.87, 49.882999999999996, 50]
(1, 0.0, 0, 0, 0, 1, 0, 0, 9, 1, 0, 0, 0, 1, 0, 0, 9, 1);[49.87, 49.875, 50, 50]
(1, 1.0, 0, 0, 0, 1, 0, 0, 9, 1, 0, 0, 0, 1, 0, 0, 9, 1);[49.875, 50, 50, 50]
(0, 0.0, 0, 0, 0, 1, 0, 0, 9, 1, 0, 0, 0, 1, 0, 0, 9, 1);[49.86, 49.870000000000005, 50, 50]
(2, 0.0, 1, 0, 0, 1, 0, 0, 9, 1, 0, 0, 0, 1, 0, 0, 9, 1);[49.895, 50, 50, 50]
(2, 0.0, 2, 0, 0, 1, 0, 0, 9, 1, 0, 0, 0, 1, 0, 0, 9, 1);[49.899, 50, 50, 50]
(2, 1.0, 2, 0, 0, 1, 0, 0, 9, 1, 0, 0, 0, 1, 0, 0, 9, 1);[49.869, 50, 50, 50]
(0, 0.0, 2, 0, 1, 1, 0, 0, 9, 1, 0, 0, 0, 1, 0, 0, 9, 1);[49.84, 50, 50, 50]
(0, 0.0, 1, 0, 1, 1, 0, 0, 9, 1, 0, 0, 0, 1, 0, 0, 9, 1);[49.829, 50, 50, 50]
(0, 1.0, 0, 0, 1, 1, 0, 0, 9, 1, 0, 0, 0, 1, 0, 0, 9, 1);[49.86, 50, 50, 50]
(0, 1.0, 0, 0, 1, 1, 0, 0, 9, 1, 0, 0, 1, 1, 0, 0, 9, 1);[49.86, 49.86, 50, 50]
(1, 0.0, 0, 0, 1, 1, 0, 0, 9, 1, 0, 0, 1, 1, 0, 0, 9, 1);[49.86, 49.86, 50, 50]
(1, 1.0, 0, 0, 1, 1, 0, 0, 9, 1, 0, 0, 1, 1, 0, 0, 9, 1);[49.86, 50, 50, 50]
(0, 0.0, 0, 0, 1, 1, 1, 0, 9, 1, 0, 0, 1, 1, 0, 0, 9, 1);[49.86, 49.878, 50, 50]
(0, 1.0, 1, 0, 1, 1, 1, 0, 9, 1, 0, 0, 1, 1, 0, 0, 9, 1);[49.887, 50, 50, 50]
(0, 1.0, 2, 0, 1, 1, 1, 0, 9, 2, 0, 0, 1, 1, 1, 0, 9, 1);[49.849, 49.851, 50, 50]
(1, 0.0, 2, 0, 1, 1, 1, 0, 9, 2, 0, 0, 1, 1, 1, 0, 9, 1);[49.827, 50, 50, 50]
(1, 0.0, 2, 0, 1, 1, 1, 0, 9, 2, 1, 0, 1, 1, 1, 0, 9, 2);[49.828, 50, 50, 50]
(1, 1.0, 2, 0, 1, 1, 1, 0, 9, 2, 2, 0, 1, 1, 1, 0, 9, 2);[49.824, 50, 50, 50]
(0, 0.0, 2, 0, 1, 1, 1, 0, 9, 2, 1, 0, 1, 1, 1, 0, 9, 2);[49.826, 50, 50, 50]
(0, 0.0, 1, 0, 1, 1, 1, 0, 9, 2, 0, 0, 1, 1, 1, 0, 9, 2);[49.81, 50, 50, 50]
(0, 1.0, 0, 0, 1, 1, 1, 0, 9, 2, 0, 0, 1, 1, 1, 0, 9, 2);[49.858999999999995, 49.86, 50, 50]
(1, 0.0, 0, 0, 1, 1, 1, 0, 9, 2, 0, 0, 1, 1, 1, 0, 9, 2);[49.86, 49.86, 50, 50]
(1, 1.0, 0, 0, 1, 1, 2, 0, 9, 2, 0, 0, 1, 1, 1, 0, 9, 2);[49.855000000000004, 50, 50, 50]
(0, 0.0, 0, 0, 1, 1, 2, 0, 9, 2, 0, 0, 1, 1, 1, 0, 9, 2);[49.852, 50, 50, 50]
(0, 0.0, 0, 0, 1, 1, 2, 0, 9, 3, 0, 0, 1, 1, 1, 0, 9, 2);[49.853, 50, 50, 50]
(0, 1.0, 0, 0, 1, 1, 2, 0, 9, 3, 0, 0, 1, 1, 2, 0, 9, 3);[49.845, 49.845, 49.996, 50]
(1, 0.0, 0, 0, 1, 1, 2, 0, 9, 3, 0, 0, 1, 1, 2, 0, 9, 3);[49.84, 49.84, 50, 50]
(1, 1.0, 0, 0, 1, 1, 2, 0, 9, 3, 0, 0, 1, 1, 2, 0, 9, 3);[49.838, 50, 50, 50]
(0, 0.0, 0, 0, 1, 1, 2, 0, 9, 3, 0, 0, 1, 1, 2, 0, 9, 3);[49.835, 49.835, 50, 50]
(2, 0.0, 0, 0, 1, 1, 2, 0, 9, 3, 0, 0, 0, 1, 2, 0, 9, 3);[49.978, 50, 50, 50]
(2, 0.0, 0, 0, 0, 1, 2, 0, 9, 4, 0, 0, 0, 1, 2, 0, 9, 3);[49.845, 50, 50, 50]
(2, 1.0, 0, 0, 0, 1, 2, 0, 9, 4, 0, 0, 0, 1, 2, 0, 9, 3);[49.843, 50, 50, 50]
(0, 0.0, 0, 0, 0, 1, 2, 0, 9, 4, 0, 0, 0, 1, 2, 0, 9, 4);[50.119, 50, 50, 50]
(0, 0.0, 0, 0, 0, 1, 2, 0, 9, 4, 0, 0, 0, 1, 0, 0, 9, 4);[50.185, 50, 50, 50]
(0, 1.0, 0, 0, 0, 1, 1, 0, 9, 4, 0, 0, 0, 1, 0, 0, 9, 4);[49.999, 50, 50, 50]
(0, 1.0, 0, 0, 0, 1, 0, 0, 9, 4, 0, 0, 0, 1, 0, 0, 9, 4);[49.867, 49.870000000000005, 51.722769, 50]
(1, 0.0, 0, 0, 0, 1, 0, 0, 9, 4, 0, 0, 0, 1, 0, 0, 9, 4);[49.87, 49.870000000000005, 50, 50]
(1, 1.0, 0, 0, 0, 1, 0, 0, 9, 4, 0, 0, 0, 1, 0, 0, 9, 4);[49.85, 50, 50, 50]
(0, 0.0, 0, 0, 0, 1, 0, 0, 9, 4, 0, 0, 0, 1, 0, 0, 9, 4);[49.864999999999995, 49.863, 50, 50]
(2, 0.0, 0, 0, 0, 1, 0, 0, 9, 4, 0, 0, 0, 1, 0, 0, 8, 4);[53.688991, 50, 50, 50]
(2, 0.0, 0, 0, 0, 1, 0, 0, 8, 4, 0, 0, 0, 1, 0, 0, 5, 4);[54.802099999999996, 50, 50, 50]
(2, 1.0, 0, 0, 0, 1, 0, 0, 6, 4, 0, 0, 0, 1, 0, 0, 3, 4);[49.921, 50, 50, 50]
(0, 0.0, 0, 0, 0, 1, 0, 0, 6, 4, 0, 0, 0, 1, 0, 0, 1, 4);[49.917, 50, 50, 50]
(0, 0.0, 0, 0, 0, 1, 0, 0, 6, 4, 0, 0, 0, 1, 0, 0, 2, 4);[49.897, 50, 50, 50]
(0, 1.0, 0, 0, 0, 1, 0, 0, 7, 4, 0, 0, 0, 1, 0, 0, 3, 4);[49.878, 50, 50, 50]
(0, 1.0, 0, 0, 0, 1, 0, 0, 8, 4, 0, 0, 0, 1, 0, 0, 5, 4);[49.864, 50, 50, 50]
(0, 1.0, 0, 0, 0, 1, 0, 0, 9, 4, 0, 0, 0, 1, 0, 0, 6, 4);[49.844, 50, 50, 50]
(0, 1.0, 0, 0, 0, 1, 0, 0, 9, 4, 0, 0, 0, 1, 0, 0, 8, 4);[49.914654999999996, 50, 50, 50]
(2, 1.0, 0, 0, 0, 1, 0, 0, 6, 5, 0, 0, 0, 1, 0, 0, 3, 4);[49.88, 50, 50, 50]
(0, 0.0, 0, 0, 0, 1, 0, 0, 6, 5, 0, 0, 0, 1, 0, 0, 1, 4);[49.882, 50, 50, 50]
(0, 0.0, 0, 0, 0, 1, 0, 0, 6, 5, 0, 0, 0, 1, 0, 0, 2, 5);[49.87, 50, 50, 50]
(0, 1.0, 0, 0, 0, 1, 0, 0, 7, 5, 0, 0, 0, 1, 0, 0, 3, 5);[49.851, 50, 50, 50]
(0, 1.0, 0, 0, 0, 1, 0, 0, 8, 5, 0, 0, 0, 1, 0, 0, 5, 5);[49.835, 50, 50, 50]
(0, 1.0, 0, 0, 0, 1, 0, 0, 9, 5, 0, 0, 0, 1, 0, 0, 6, 5);[49.817, 50, 50, 50]
(0, 1.0, 0, 0, 0, 1, 0, 0, 9, 5, 0, 0, 0, 1, 0, 0, 8, 5);[49.794, 50, 50, 50]
(0, 1.0, 0, 0, 0, 1, 0, 0, 9, 5, 0, 0, 0, 1, 0, 0, 9, 5);[49.79, 49.791000000000004, 50, 50]
(1, 0.0, 0, 0, 0, 1, 0, 0, 9, 5, 0, 0, 0, 1, 0, 0, 9, 5);[49.793, 49.79, 50, 50]
(1, 1.0, 0, 0, 0, 1, 0, 0, 9, 5, 0, 0, 0, 1, 0, 0, 9, 5);[49.802, 50, 50, 50]
(0, 0.0, 0, 0, 0, 1, 0, 0, 9, 5, 0, 0, 0, 1, 0, 0, 9, 5);[49.808, 50, 50, 50]
(0, 0.0, 0, 0, 1, 1, 0, 0, 9, 5, 0, 0, 0, 1, 0, 0, 9, 5);[49.805, 50, 50, 50]
(0, 1.0, 0, 0, 1, 1, 0, 0, 9, 5, 0, 0, 0, 1, 0, 0, 9, 5);[49.792, 49.8, 50, 50]
(1, 0.0, 0, 0, 1, 1, 0, 0, 9, 5, 0, 0, 0, 1, 0, 0, 9, 5);[49.798, 50, 50, 50]
(1, 0.0, 0, 0, 1, 1, 0, 0, 9, 5, 0, 0, 1, 1, 0, 0, 9, 5);[49.795, 50, 50, 50]
(1, 1.0, 0, 0, 1, 1, 0, 0, 9, 5, 0, 0, 1, 1, 0, 0, 9, 5);[49.795, 50, 50, 50]
(0, 0.0, 0, 0, 1, 1, 0, 0, 9, 5, 0, 0, 1, 1, 0, 0, 9, 5);[49.795, 49.793, 50, 50]
(0, 1.0, 0, 0, 1, 1, 0, 0, 9, 5, 0, 0, 1, 1, 0, 0, 9, 5);[49.795, 49.797, 50, 50]
(1, 0.0, 0, 0, 1, 1, 0, 0, 9, 6, 0, 0, 1, 1, 0, 0, 9, 5);[49.795, 49.792, 50, 50]
(1, 1.0, 0, 0, 1, 1, 0, 0, 9, 6, 0, 0, 1, 1, 0, 0, 9, 6);[49.786, 49.795, 50.453, 50]
(0, 0.0, 0, 0, 1, 1, 0, 0, 9, 6, 0, 0, 1, 1, 0, 0, 9, 6);[49.785, 49.785, 50, 50]
(0, 1.0, 0, 0, 1, 1, 0, 0, 9, 6, 0, 0, 1, 1, 0, 0, 9, 6);[49.789, 49.79, 50, 50]
(1, 0.0, 0, 0, 1, 1, 0, 0, 9, 6, 0, 0, 1, 1, 0, 0, 9, 6);[49.793, 49.795, 50, 50]
(2, 0.0, 0, 0, 1, 1, 0, 0, 9, 6, 0, 0, 0, 1, 0, 0, 8, 6);[50.464, 50, 50, 50]
(2, 0.0, 0, 0, 0, 1, 0, 0, 8, 6, 0, 0, 0, 1, 0, 0, 5, 6);[49.836, 50, 50, 50]
(2, 1.0, 0, 0, 1, 1, 1, 0, 8, 6, 0, 0, 0, 1, 0, 0, 5, 6);[49.847, 50, 50, 50]
(0, 0.0, 0, 0, 1, 1, 0, 0, 8, 6, 0, 0, 0, 1, 0, 0, 4, 6);[49.833, 50, 50, 50]
(0, 0.0, 0, 0, 1, 2, 0, 0, 8, 6, 0, 0, 1, 1, 0, 0, 4, 6);[49.814, 50, 50, 50]
(0, 1.0, 0, 0, 1, 2, 0, 0, 9, 6, 0, 0, 1, 1, 0, 0, 6, 6);[49.791, 50, 50, 50]
(0, 1.0, 0, 0, 1, 2, 0, 0, 9, 6, 0, 0, 1, 1, 0, 0, 8, 6);[49.765, 50, 50, 50]
(0, 1.0, 0, 0, 1, 2, 0, 0, 9, 6, 0, 0, 1, 2, 0, 0, 9, 6);[49.765, 49.803, 50, 50]
(1, 0.0, 0, 0, 1, 2, 0, 0, 9, 6, 0, 0, 1, 2, 0, 0, 9, 6);[49.77, 49.77, 50, 50]
(1, 1.0, 0, 0, 2, 2, 0, 0, 9, 6, 0, 0, 1, 2, 0, 0, 9, 6);[49.77, 50, 50, 50]
(0, 0.0, 0, 0, 2, 2, 0, 0, 9, 6, 0, 0, 1, 2, 0, 0, 9, 6);[49.77, 49.765, 50, 50]
(0, 1.0, 0, 0, 2, 2, 0, 0, 9, 6, 0, 0, 2, 2, 0, 0, 9, 6);[49.765, 49.765, 49.746, 50]
(1, 0.0, 0, 0, 2, 2, 0, 0, 9, 6, 0, 0, 2, 2, 0, 0, 9, 6);[49.765, 49.764, 50, 50]
(1, 1.0, 0, 0, 2, 2, 0, 0, 9, 6, 0, 0, 2, 2, 0, 0, 9, 6);[49.76, 50, 50, 50]
(0, 0.0, 0, 0, 2, 2, 0, 0, 9, 6, 0, 0, 2, 2, 0, 0, 9, 6);[49.754999999999995, 49.759, 50, 50]
(2, 0.0, 0, 0, 1, 2, 1, 0, 9, 6, 0, 0, 0, 2, 0, 0, 9, 6);[49.961, 49.845, 50, 50]
(2, 1.0, 0, 0, 1, 2, 1, 0, 9, 6, 0, 0, 0, 2, 0, 0, 9, 6);[49.789, 50, 50, 50]
(0, 0.0, 0, 0, 1, 2, 1, 0, 9, 6, 0, 0, 0, 2, 1, 0, 9, 6);[49.774, 50, 50, 50]
(0, 0.0, 0, 0, 1, 2, 1, 0, 9, 6, 0, 0, 1, 2, 1, 0, 9, 6);[49.765, 49.757, 50, 50]
(0, 1.0, 0, 0, 1, 2, 1, 0, 9, 6, 0, 0, 1, 2, 1, 0, 9, 6);[49.765, 49.765, 49.746, 50]
(1, 0.0, 0, 0, 1, 2, 1, 0, 9, 6, 0, 0, 1, 2, 1, 0, 9, 6);[49.778, 50, 50, 50]
(1, 0.0, 1, 0, 1, 2, 1, 0, 9, 6, 0, 0, 1, 2, 1, 0, 9, 6);[49.782000000000004, 50, 50, 50]
(1, 1.0, 1, 0, 1, 2, 1, 0, 9, 6, 0, 0, 1, 2, 1, 0, 9, 6);[49.75, 50, 50, 50]
(0, 0.0, 1, 0, 1, 2, 1, 0, 9, 6, 0, 0, 1, 2, 1, 0, 9, 6);[49.73, 50, 50, 50]
(2, 0.0, 0, 0, 1, 2, 1, 0, 9, 6, 0, 0, 0, 2, 1, 0, 9, 6);[50.632, 50, 50, 50]
(2, 0.0, 0, 0, 0, 2, 1, 0, 9, 6, 0, 0, 0, 2, 1, 0, 8, 6);[49.793, 50, 50, 50]
(2, 1.0, 0, 0, 0, 2, 1, 0, 9, 6, 0, 0, 0, 2, 1, 0, 6, 6);[49.8, 50, 50, 50]
(0, 0.0, 0, 0, 0, 2, 1, 0, 9, 6, 0, 0, 0, 2, 1, 0, 6, 6);[49.807, 49.814, 50, 50]
(0, 1.0, 0, 0, 0, 2, 1, 0, 9, 6, 0, 0, 0, 2, 1, 0, 5, 6);[49.807, 50, 50, 50]
(0, 1.0, 0, 0, 0, 2, 1, 0, 9, 6, 0, 0, 0, 2, 1, 0, 7, 6);[49.786, 50, 50, 50]
(0, 1.0, 0, 0, 0, 2, 1, 0, 9, 6, 0, 0, 0, 2, 1, 0, 9, 6);[49.775999999999996, 49.775, 50, 50]
(1, 0.0, 0, 0, 0, 2, 1, 0, 9, 6, 0, 0, 0, 2, 1, 0, 9, 6);[49.775, 49.783, 50, 50]
(1, 1.0, 0, 0, 0, 3, 1, 0, 9, 6, 0, 0, 0, 2, 1, 0, 9, 6);[49.784, 50, 50, 50]
(0, 0.0, 0, 0, 1, 3, 1, 0, 9, 6, 0, 0, 0, 2, 1, 0, 9, 6);[49.789, 50, 50, 50]
(0, 0.0, 0, 0, 1, 3, 2, 0, 9, 6, 0, 0, 0, 3, 1, 0, 9, 6);[49.775999999999996, 50, 50, 50]
(0, 1.0, 0, 0, 1, 3, 3, 0, 9, 6, 0, 0, 0, 3, 1, 0, 9, 6);[49.762, 50, 50, 50]
(0, 1.0, 0, 0, 1, 3, 3, 0, 9, 6, 0, 0, 1, 3, 2, 0, 9, 6);[49.748, 49.760000000000005, 50, 50]
(1, 0.0, 1, 0, 1, 3, 3, 0, 9, 6, 0, 0, 1, 3, 3, 0, 9, 6);[49.775, 50, 50, 50]
(1, 0.0, 2, 0, 1, 3, 3, 0, 9, 6, 0, 0, 1, 3, 3, 0, 9, 6);[49.78, 50, 50, 50]
(1, 1.0, 3, 0, 1, 3, 3, 0, 9, 6, 0, 0, 1, 3, 3, 0, 9, 6);[49.755, 50, 50, 50]
(0, 0.0, 2, 0, 2, 3, 3, 0, 9, 6, 0, 0, 1, 3, 3, 0, 9, 6);[49.728, 50, 50, 50]
(0, 0.0, 1, 0, 2, 4, 3, 0, 9, 6, 0, 0, 1, 3, 3, 0, 9, 6);[49.69, 50, 50, 50]
(0, 1.0, 0, 0, 2, 4, 3, 0, 9, 6, 0, 0, 2, 4, 3, 0, 9, 6);[49.745, 49.745, 50, 50]
(1, 0.0, 0, 0, 2, 4, 3, 0, 9, 6, 0, 0, 2, 4, 3, 0, 9, 6);[49.752, 49.755, 50, 50]
(1, 1.0, 0, 0, 2, 4, 3, 0, 9, 7, 0, 0, 2, 4, 3, 0, 9, 6);[49.753, 50, 50, 50]
(0, 0.0, 0, 0, 2, 4, 3, 0, 9, 7, 0, 0, 2, 4, 3, 0, 9, 7);[49.75, 49.75, 49.758, 49.75]
(0, 1.0, 0, 0, 2, 4, 3, 0, 9, 7, 0, 0, 2, 4, 3, 0, 9, 7);[49.75, 49.75, 49.870999999999995, 50]
(1, 0.0, 0, 0, 2, 4, 3, 0, 9, 7, 0, 0, 2, 4, 3, 0, 9, 7);[49.754999999999995, 49.761, 50, 50]
(1, 1.0, 0, 0, 2, 4, 3, 0, 9, 7, 0, 0, 2, 4, 3, 0, 9, 7);[49.760999999999996, 50, 50, 50]
(2, 0.0, 0, 0, 2, 4, 3, 0, 9, 7, 0, 0, 1, 4, 3, 0, 9, 7);[49.734, 50, 50, 50]
(2, 0.0, 0, 0, 1, 4, 3, 0, 9, 7, 0, 0, 0, 4, 3, 0, 9, 7);[49.81, 50, 50, 50]
(2, 1.0, 0, 0, 0, 4, 3, 0, 9, 7, 0, 0, 0, 4, 3, 0, 9, 7);[49.751999999999995, 50, 50, 50]
(0, 0.0, 0, 0, 0, 4, 4, 0, 9, 7, 0, 0, 0, 4, 3, 0, 9, 7);[49.761, 49.768, 50, 50]
(0, 1.0, 0, 0, 0, 4, 4, 0, 9, 7, 0, 0, 0, 4, 4, 0, 9, 7);[49.764, 49.76, 49.761, 50]
(1, 0.0, 0, 0, 0, 4, 4, 0, 9, 7, 0, 0, 0, 4, 4, 0, 9, 7);[49.76, 49.760000000000005, 50, 50]
(1, 1.0, 0, 0, 0, 4, 4, 0, 9, 7, 0, 0, 0, 4, 4, 0, 9, 7);[49.76, 50, 50, 50]
(0, 0.0, 0, 0, 0, 4, 4, 0, 9, 7, 0, 0, 0, 4, 4, 0, 9, 7);[49.76, 49.76, 50, 50]
(2, 0.0, 0, 0, 0, 4, 4, 0, 9, 7, 0, 0, 0, 4, 4, 0, 9, 7);[49.76, 49.76, 50, 50]
(2, 1.0, 0, 0, 0, 4, 5, 0, 9, 7, 0, 0, 0, 4, 4, 0, 9, 7);[49.759, 50, 50, 50]
(0, 0.0, 0, 0, 0, 4, 5, 0, 9, 7, 0, 0, 0, 4, 5, 0, 9, 7);[49.755, 49.754999999999995, 49.748, 50]
(0, 1.0, 0, 0, 0, 4, 5, 0, 9, 7, 0, 0, 0, 4, 5, 0, 9, 7);[49.755, 49.745999999999995, 50, 50]
(1, 0.0, 0, 0, 0, 4, 5, 0, 9, 7, 0, 0, 0, 4, 5, 0, 9, 7);[49.725, 49.731, 50, 50]
(1, 1.0, 0, 0, 0, 4, 5, 0, 9, 7, 0, 0, 0, 4, 5, 0, 9, 7);[49.752, 50, 50, 50]
(0, 0.0, 0, 0, 0, 4, 6, 0, 9, 7, 0, 0, 0, 4, 5, 0, 9, 7);[49.745, 50, 50, 50]
(0, 1.0, 0, 0, 0, 4, 7, 0, 9, 7, 0, 0, 0, 4, 5, 0, 9, 7);[49.742000000000004, 50, 50, 50]
(0, 1.0, 1, 0, 0, 4, 7, 0, 9, 7, 0, 0, 0, 4, 6, 0, 9, 7);[49.731, 50, 50, 50]
(0, 1.0, 0, 0, 0, 4, 7, 0, 9, 7, 0, 0, 0, 4, 7, 0, 9, 7);[49.730000000000004, 49.730000000000004, 49.789, 50]
(1, 0.0, 0, 0, 0, 4, 7, 0, 9, 7, 0, 0, 0, 4, 7, 0, 9, 7);[49.73, 49.730000000000004, 50, 50]
(1, 1.0, 0, 0, 0, 4, 7, 0, 9, 7, 0, 0, 0, 4, 7, 0, 9, 7);[49.730000000000004, 50, 50, 50]
(0, 0.0, 0, 0, 0, 4, 7, 0, 9, 7, 0, 0, 0, 4, 7, 0, 9, 7);[49.730000000000004, 49.730000000000004, 49.728, 50]
(2, 0.0, 0, 0, 0, 4, 7, 0, 9, 7, 0, 0, 0, 4, 7, 0, 9, 7);[49.730000000000004, 49.730000000000004, 50, 50]
(2, 1.0, 0, 0, 0, 4, 7, 0, 9, 7, 0, 0, 0, 4, 7, 0, 9, 7);[49.729, 50, 50, 50]
(0, 0.0, 0, 0, 0, 4, 8, 0, 9, 7, 0, 0, 0, 4, 7, 0, 9, 7);[49.723, 50, 50, 50]
(0, 1.0, 0, 0, 0, 4, 8, 0, 9, 8, 0, 0, 0, 4, 8, 0, 9, 7);[49.715, 50, 50, 50]
(0, 1.0, 0, 0, 0, 4, 8, 0, 9, 8, 0, 0, 0, 4, 8, 0, 9, 8);[49.709999999999994, 49.713, 50, 50]
(1, 0.0, 0, 0, 0, 4, 9, 0, 9, 8, 0, 0, 0, 4, 8, 0, 9, 8);[49.71, 50, 50, 50]
(1, 0.0, 0, 0, 0, 4, 9, 0, 9, 8, 0, 0, 0, 4, 9, 0, 9, 8);[49.706, 50, 50, 50]
(1, 1.0, 0, 0, 0, 4, 9, 0, 9, 8, 0, 0, 0, 4, 9, 0, 9, 8);[49.699, 50, 50, 50]
(0, 0.0, 0, 0, 0, 5, 9, 0, 9, 8, 0, 0, 0, 4, 9, 0, 9, 8);[49.7, 49.695, 50, 50]
(0, 1.0, 0, 0, 0, 5, 9, 0, 9, 8, 0, 0, 0, 5, 9, 0, 9, 8);[49.699, 49.69, 49.744, 50]
(1, 0.0, 0, 0, 0, 5, 9, 0, 9, 8, 0, 0, 0, 5, 9, 0, 9, 8);[49.690000000000005, 49.69, 50, 50]
(1, 1.0, 0, 0, 0, 5, 9, 0, 9, 8, 0, 0, 0, 5, 9, 0, 9, 8);[49.69, 50, 50, 50]
(0, 0.0, 0, 0, 0, 5, 9, 0, 9, 8, 0, 0, 0, 5, 9, 0, 9, 8);[49.690000000000005, 49.69, 49.696, 49.705]
(2, 0.0, 0, 0, 0, 5, 9, 0, 9, 8, 0, 0, 0, 5, 9, 0, 9, 8);[49.695, 49.7, 50, 50]
(2, 1.0, 0, 0, 0, 5, 9, 0, 9, 8, 0, 0, 0, 5, 9, 0, 9, 8);[49.697, 50, 50, 50]
(0, 1.0, 0, 0, 1, 5, 9, 0, 9, 8, 0, 0, 0, 5, 9, 0, 9, 8);[49.702, 49.693, 50, 50]
(1, 0.0, 0, 0, 1, 5, 9, 0, 9, 8, 0, 0, 0, 5, 9, 0, 9, 8);[49.692, 50, 50, 50]
(1, 0.0, 0, 0, 1, 5, 9, 0, 9, 8, 0, 0, 1, 5, 9, 0, 9, 8);[49.688, 50, 50, 50]
(1, 1.0, 0, 0, 1, 5, 9, 0, 9, 8, 0, 0, 1, 5, 9, 0, 9, 8);[49.7, 50, 50, 50]
(0, 0.0, 0, 0, 1, 5, 9, 0, 9, 8, 0, 0, 1, 5, 9, 0, 9, 8);[49.7, 49.7, 50, 50]
(0, 1.0, 0, 0, 1, 5, 9, 0, 9, 9, 0, 0, 1, 5, 9, 0, 9, 8);[49.691, 50, 50, 50]
(0, 1.0, 0, 0, 1, 5, 9, 0, 9, 9, 0, 0, 1, 5, 9, 0, 9, 9);[49.69, 49.692, 49.797999999999995, 50]
(1, 0.0, 0, 0, 1, 5, 9, 0, 9, 9, 0, 0, 1, 5, 9, 0, 9, 9);[49.693, 49.69, 50, 50]
(1, 1.0, 0, 0, 1, 5, 9, 0, 9, 9, 0, 0, 1, 5, 9, 0, 9, 9);[49.704, 50, 50, 50]
(0, 0.0, 0, 0, 1, 5, 9, 0, 9, 9, 0, 0, 1, 5, 9, 0, 9, 9);[49.695, 49.708, 49.685, 50]
(0, 1.0, 1, 0, 1, 5, 9, 0, 9, 9, 0, 0, 1, 5, 9, 0, 9, 9);[49.725, 49.694, 50, 50]
(0, 1.0, 1, 1, 1, 5, 9, 0, 9, 9, 0, 0, 1, 5, 9, 0, 9, 9);[49.692, 50, 50, 50]
(1, 0.0, 1, 0, 1, 5, 9, 0, 9, 9, 0, 0, 1, 5, 9, 0, 9, 9);[49.7, 50, 50, 50]
(1, 0.0, 1, 0, 1, 5, 9, 0, 9, 9, 1, 0, 1, 5, 9, 0, 9, 9);[49.693, 50, 50, 50]
(1, 1.0, 1, 0, 1, 5, 9, 0, 9, 9, 1, 0, 1, 5, 9, 0, 9, 9);[49.679, 50, 50, 50]
(0, 0.0, 1, 0, 1, 5, 9, 0, 9, 9, 0, 0, 1, 5, 9, 0, 9, 9);[49.653999999999996, 50, 50, 50]
(2, 0.0, 0, 0, 1, 5, 9, 0, 9, 9, 0, 0, 0, 5, 9, 0, 9, 9);[49.874, 49.822, 50, 50]
(2, 0.0, 0, 0, 0, 5, 9, 0, 9, 9, 0, 0, 0, 5, 9, 0, 9, 9);[49.685, 50, 50, 50]
(2, 1.0, 0, 0, 0, 5, 9, 0, 9, 9, 0, 0, 0, 5, 9, 0, 9, 9);[49.689, 49.769999999999996, 50, 50]
(0, 0.0, 0, 0, 0, 5, 9, 0, 9, 9, 0, 0, 0, 5, 9, 0, 9, 9);[49.699, 49.72, 49.778999999999996, 49.775]
(0, 1.0, 0, 0, 0, 5, 9, 0, 9, 9, 0, 0, 0, 5, 9, 0, 9, 9);[49.751, 49.794, 50, 50]
(0, 1.0, 1, 0, 0, 5, 9, 0, 9, 9, 0, 0, 0, 5, 9, 0, 9, 9);[49.760000000000005, 49.72, 50, 50]
(0, 1.0, 2, 0, 0, 5, 9, 0, 9, 9, 0, 0, 0, 5, 9, 0, 9, 9);[49.732, 50, 50, 50]
(1, 0.0, 1, 0, 0, 5, 9, 0, 9, 9, 0, 0, 0, 5, 9, 0, 9, 9);[49.732, 50, 50, 50]
(1, 0.0, 1, 0, 1, 5, 9, 0, 9, 9, 0, 0, 0, 5, 9, 0, 9, 9);[49.708000000000006, 50, 50, 50]
(1, 1.0, 1, 0, 2, 5, 9, 0, 9, 9, 1, 0, 0, 5, 9, 0, 9, 9);[49.694, 50, 50, 50]
(0, 0.0, 0, 0, 2, 5, 9, 0, 9, 9, 0, 0, 1, 5, 9, 0, 9, 9);[49.731, 49.782, 50, 50]
(0, 0.0, 0, 0, 2, 5, 9, 0, 9, 9, 0, 0, 2, 5, 9, 0, 9, 9);[49.735, 49.772999999999996, 49.775, 49.775]
(0, 1.0, 0, 0, 2, 5, 9, 0, 9, 9, 0, 0, 2, 5, 9, 0, 9, 9);[49.751, 49.771, 49.763000000000005, 51.24]
(1, 0.0, 0, 0, 2, 5, 9, 0, 9, 9, 0, 0, 2, 5, 9, 0, 9, 9);[49.775, 49.775, 50, 50]
(1, 1.0, 0, 0, 2, 5, 9, 0, 9, 9, 0, 0, 2, 5, 9, 0, 9, 9);[49.775, 50, 50, 50]
(2, 0.0, 0, 0, 2, 5, 9, 0, 9, 9, 0, 0, 0, 5, 9, 0, 9, 9);[49.742, 50, 50, 50]
(1, 0.0, 0, 0, 0, 5, 9, 0, 9, 9, 0, 0, 0, 5, 9, 0, 9, 9);[49.767, 49.766999999999996, 49.795, 50]
(1, 1.0, 0, 0, 0, 5, 9, 0, 9, 9, 0, 0, 0, 5, 9, 0, 9, 9);[49.776, 50, 50, 50]
(1, 0.0, 0, 0, 1, 5, 9, 0, 9, 9, 0, 0, 0, 5, 9, 0, 9, 9);[49.79600000000001, 50, 50, 50]
(1, 1.0, 0, 0, 2, 5, 9, 0, 9, 9, 0, 0, 0, 5, 9, 0, 9, 9);[49.791, 50, 50, 50]
(3, 0.0, 0, 0, 2, 5, 9, 0, 9, 9, 0, 0, 2, 4, 9, 0, 9, 8);[52.608999999999995, 50, 50, 50]
(3, 0.0, 0, 0, 2, 4, 9, 0, 9, 8, 0, 0, 2, 1, 9, 0, 9, 5);[53.275, 50, 50, 50]
(3, 1.0, 0, 0, 2, 2, 9, 0, 9, 6, 0, 0, 2, 0, 9, 0, 9, 3);[49.843, 50, 50, 50]
(0, 0.0, 0, 0, 2, 2, 9, 0, 9, 6, 0, 0, 2, 0, 9, 0, 9, 1);[49.837, 50, 50, 50]
(0, 0.0, 0, 0, 2, 2, 9, 0, 9, 6, 0, 0, 2, 1, 9, 0, 9, 2);[49.815000000000005, 50, 50, 50]
(0, 1.0, 0, 0, 2, 2, 9, 0, 9, 7, 0, 0, 2, 2, 9, 0, 9, 3);[49.8, 50, 50, 50]
(0, 1.0, 0, 0, 2, 2, 9, 0, 9, 8, 0, 0, 2, 2, 9, 0, 9, 5);[49.765, 50, 50, 50]
(0, 1.0, 0, 0, 2, 2, 9, 0, 9, 8, 0, 0, 2, 2, 9, 0, 9, 7);[49.730000000000004, 50, 50, 50]
(0, 1.0, 0, 0, 2, 2, 9, 0, 9, 8, 0, 0, 2, 2, 9, 0, 9, 8);[49.717, 49.716, 50, 50]
(1, 0.0, 0, 0, 2, 2, 9, 0, 9, 8, 0, 0, 2, 2, 9, 0, 9, 8);[49.729, 50, 50, 50]
(1, 0.0, 0, 0, 3, 2, 9, 0, 9, 8, 0, 0, 2, 2, 9, 0, 9, 8);[49.757999999999996, 50, 50, 50]
(1, 1.0, 0, 0, 3, 2, 9, 0, 9, 8, 0, 0, 2, 2, 9, 0, 9, 8);[49.779, 50, 50, 50]
(0, 0.0, 0, 0, 4, 2, 9, 0, 9, 8, 0, 0, 3, 2, 9, 0, 9, 8);[49.779999999999994, 49.771, 50, 50]
(0, 1.0, 0, 0, 4, 2, 9, 0, 9, 8, 0, 0, 4, 2, 9, 0, 9, 8);[49.766999999999996, 49.761, 49.775, 50]
(1, 0.0, 0, 0, 4, 2, 9, 0, 9, 8, 0, 0, 4, 2, 9, 0, 9, 8);[49.752, 49.751999999999995, 50, 50]
(1, 1.0, 0, 0, 4, 2, 9, 0, 9, 8, 0, 0, 4, 2, 9, 0, 9, 8);[49.757999999999996, 50, 50, 50]
(0, 0.0, 0, 0, 4, 2, 9, 0, 9, 8, 0, 0, 4, 2, 9, 0, 9, 8);[49.761, 49.768, 50, 50]
(2, 0.0, 0, 0, 3, 2, 9, 0, 9, 8, 0, 0, 2, 2, 9, 0, 9, 8);[49.778999999999996, 50, 50, 50]
(2, 0.0, 0, 0, 2, 2, 9, 0, 9, 8, 0, 0, 0, 2, 9, 0, 9, 8);[50.004000000000005, 50, 50, 50]
(2, 1.0, 0, 0, 1, 2, 9, 0, 9, 8, 0, 0, 0, 2, 9, 0, 9, 8);[49.844, 50, 50, 50]
(0, 0.0, 0, 0, 0, 2, 9, 0, 9, 8, 0, 0, 0, 2, 9, 0, 9, 8);[49.785000000000004, 49.787, 49.790000000000006, 50]
(0, 1.0, 0, 0, 0, 2, 9, 0, 9, 8, 0, 0, 0, 2, 9, 0, 9, 8);[49.785, 49.785000000000004, 50, 50]
(1, 0.0, 0, 0, 0, 2, 9, 0, 9, 8, 0, 0, 0, 2, 9, 0, 9, 8);[49.785, 49.788, 50, 50]
(1, 1.0, 0, 0, 0, 2, 9, 0, 9, 8, 0, 0, 0, 2, 9, 0, 9, 8);[49.786, 50, 50, 50]
(0, 0.0, 0, 0, 1, 3, 9, 0, 9, 8, 0, 0, 0, 2, 9, 0, 9, 8);[49.796, 50, 50, 50]
(0, 1.0, 0, 0, 1, 3, 9, 0, 9, 8, 0, 0, 0, 2, 9, 0, 9, 8);[49.791000000000004, 50, 50, 50]
(0, 1.0, 0, 0, 1, 3, 9, 0, 9, 8, 0, 0, 0, 3, 9, 0, 9, 8);[49.785999999999994, 50, 50, 50]
(0, 1.0, 0, 0, 1, 3, 9, 0, 9, 8, 0, 0, 1, 3, 9, 0, 9, 8);[49.786, 49.789, 49.748000000000005, 50]
(1, 0.0, 0, 0, 1, 3, 9, 0, 9, 8, 0, 0, 1, 3, 9, 0, 9, 8);[49.790000000000006, 49.79, 50, 50]
(1, 1.0, 0, 0, 1, 3, 9, 0, 9, 8, 0, 0, 1, 3, 9, 0, 9, 8);[49.786, 50, 50, 50]
(0, 0.0, 0, 0, 1, 3, 9, 0, 9, 8, 0, 0, 1, 3, 9, 0, 9, 8);[49.763, 49.757, 50, 50]
(2, 0.0, 0, 0, 1, 3, 9, 0, 9, 8, 0, 0, 0, 3, 9, 0, 9, 8);[49.743, 50, 50, 50]
(2, 0.0, 0, 0, 0, 3, 9, 0, 9, 8, 0, 0, 0, 3, 9, 0, 9, 8);[49.763, 50, 50, 50]
(2, 1.0, 0, 0, 0, 3, 9, 0, 9, 8, 0, 0, 0, 3, 9, 0, 9, 8);[49.784, 50, 50, 50]
(0, 0.0, 0, 0, 0, 3, 9, 0, 9, 8, 0, 0, 0, 3, 9, 0, 9, 8);[49.797000000000004, 50, 50, 50]
(0, 0.0, 0, 0, 0, 4, 9, 0, 9, 9, 0, 0, 0, 3, 9, 0, 9, 8);[49.797, 50, 50, 50]
(0, 1.0, 0, 0, 1, 4, 9, 0, 9, 9, 0, 0, 0, 3, 9, 0, 9, 9);[49.803000000000004, 50, 50, 50]
(0, 1.0, 0, 0, 1, 4, 9, 0, 9, 9, 0, 0, 0, 4, 9, 0, 9, 9);[49.791, 50, 50, 50]
(0, 1.0, 0, 0, 1, 4, 9, 0, 9, 9, 0, 0, 1, 4, 9, 0, 9, 9);[49.783, 49.775, 49.86, 51.74000000000001]
(1, 0.0, 0, 0, 1, 4, 9, 0, 9, 9, 0, 0, 1, 4, 9, 0, 9, 9);[49.778, 49.782, 50, 50]
(1, 1.0, 0, 0, 1, 4, 9, 0, 9, 9, 0, 0, 1, 4, 9, 0, 9, 9);[49.791000000000004, 50, 50, 50]
(0, 0.0, 0, 0, 1, 4, 9, 0, 9, 9, 0, 0, 1, 4, 9, 0, 9, 9);[49.793, 49.8, 49.823, 50]
(2, 0.0, 0, 0, 1, 4, 9, 0, 9, 9, 0, 0, 0, 4, 9, 0, 9, 9);[49.828, 50, 50, 50]
(2, 0.0, 0, 0, 0, 4, 9, 0, 9, 9, 0, 0, 0, 4, 9, 0, 9, 9);[49.808, 49.806, 49.806000000000004, 50]
(2, 1.0, 0, 0, 0, 4, 9, 0, 9, 9, 0, 0, 0, 4, 9, 0, 9, 9);[49.811, 49.80799999999999, 50, 50]
(0, 0.0, 0, 0, 0, 4, 9, 0, 9, 9, 0, 0, 0, 4, 9, 0, 9, 9);[49.815, 49.815, 49.815, 49.813]
(0, 1.0, 0, 0, 0, 4, 9, 0, 9, 9, 0, 0, 0, 4, 9, 0, 9, 9);[49.815, 49.812, 49.81, 50]
(1, 0.0, 0, 0, 0, 4, 9, 0, 9, 9, 0, 0, 0, 4, 9, 0, 9, 9);[49.812, 49.81500000000001, 49.81500000000001, 50]
(1, 1.0, 0, 0, 0, 4, 9, 0, 9, 9, 0, 0, 0, 4, 9, 0, 9, 9);[49.815, 50, 50, 50]
(1, 0.0, 0, 0, 1, 4, 9, 0, 9, 9, 0, 0, 0, 4, 9, 0, 9, 9);[49.818999999999996, 50, 50, 50]
(1, 1.0, 0, 0, 1, 4, 9, 0, 9, 9, 0, 0, 0, 4, 9, 0, 9, 9);[49.814, 50, 50, 50]
(0, 0.0, 1, 0, 1, 4, 9, 0, 9, 9, 0, 0, 1, 4, 9, 0, 9, 9);[49.839999999999996, 50, 50, 50]
(0, 1.0, 2, 0, 1, 4, 9, 0, 9, 9, 0, 0, 1, 4, 9, 0, 9, 9);[49.802, 50, 50, 50]
(0, 1.0, 1, 0, 1, 4, 9, 0, 9, 9, 0, 0, 1, 4, 9, 0, 9, 9);[49.774, 50, 50, 50]
(3, 0.0, 0, 0, 1, 3, 9, 0, 9, 9, 0, 0, 1, 2, 9, 0, 9, 8);[52.648999999999994, 50, 50, 50]
(3, 0.0, 0, 0, 1, 2, 9, 0, 9, 8, 0, 0, 1, 0, 9, 0, 9, 5);[52.87, 50, 50, 50]
(3, 1.0, 0, 0, 1, 1, 9, 0, 9, 6, 0, 0, 1, 0, 9, 0, 9, 3);[50.13, 50, 50, 50]
(0, 0.0, 0, 0, 1, 0, 9, 0, 9, 6, 0, 0, 1, 0, 9, 0, 9, 1);[49.881, 49.87, 50, 50]
(0, 1.0, 0, 0, 1, 0, 9, 0, 9, 7, 0, 0, 1, 0, 9, 0, 9, 3);[49.853, 50, 50, 50]
(0, 1.0, 0, 0, 1, 0, 9, 0, 9, 7, 0, 0, 1, 0, 9, 0, 9, 5);[49.839999999999996, 50, 50, 50]
(0, 1.0, 0, 0, 1, 0, 9, 0, 9, 7, 0, 0, 1, 0, 9, 0, 9, 6);[49.826, 50, 50, 50]
(0, 1.0, 0, 0, 1, 0, 9, 0, 9, 7, 0, 0, 1, 0, 9, 0, 9, 7);[49.825, 49.826, 49.83, 50]
(1, 0.0, 0, 0, 1, 0, 9, 0, 9, 7, 0, 0, 1, 0, 9, 0, 9, 7);[49.83, 49.83, 50, 50]
(1, 1.0, 0, 0, 1, 0, 9, 0, 9, 7, 0, 0, 1, 0, 9, 0, 9, 7);[49.83, 50, 50, 50]
(0, 0.0, 0, 0, 1, 0, 9, 0, 9, 7, 0, 0, 1, 0, 9, 0, 9, 7);[49.83, 49.83, 49.838, 49.849000000000004]
(2, 0.0, 0, 0, 1, 0, 9, 0, 9, 7, 0, 0, 1, 0, 9, 0, 9, 7);[49.83, 49.833, 50, 50]
(2, 1.0, 0, 0, 1, 0, 9, 0, 9, 7, 0, 0, 1, 0, 9, 0, 9, 7);[49.835, 50, 50, 50]
(0, 1.0, 0, 0, 1, 1, 9, 0, 9, 7, 0, 0, 1, 0, 9, 0, 9, 7);[49.85, 49.849000000000004, 50, 50]
(1, 0.0, 0, 0, 1, 1, 9, 0, 9, 7, 0, 0, 1, 1, 9, 0, 9, 7);[49.839999999999996, 49.839999999999996, 49.845, 49.845]
(1, 1.0, 0, 0, 1, 1, 9, 0, 9, 7, 0, 0, 1, 1, 9, 0, 9, 7);[49.855000000000004, 49.845000000000006, 49.852, 50]
(0, 0.0, 0, 0, 1, 1, 9, 0, 9, 7, 0, 0, 1, 1, 9, 0, 9, 7);[49.843, 49.845, 49.864999999999995, 50]
(0, 1.0, 0, 0, 1, 1, 9, 0, 9, 7, 0, 0, 1, 1, 9, 0, 9, 7);[49.845, 49.847, 50, 50]
(2, 0.0, 0, 0, 1, 1, 9, 0, 9, 7, 0, 0, 1, 1, 9, 0, 9, 7);[49.86, 49.86, 50, 50]
(2, 1.0, 0, 0, 1, 1, 9, 0, 9, 7, 0, 0, 1, 1, 9, 0, 9, 7);[49.86, 50, 50, 50]
(0, 0.0, 0, 0, 2, 1, 9, 0, 9, 7, 0, 0, 1, 1, 9, 0, 9, 7);[49.869, 50, 50, 50]
(0, 1.0, 0, 0, 2, 1, 9, 0, 9, 7, 0, 0, 1, 1, 9, 0, 9, 7);[49.87, 49.865, 50, 50]
(1, 0.0, 0, 0, 2, 1, 9, 0, 9, 8, 0, 0, 2, 1, 9, 0, 9, 7);[49.862, 50, 50, 50]
(1, 0.0, 0, 0, 2, 1, 9, 0, 9, 8, 0, 0, 2, 1, 9, 0, 9, 8);[49.861, 49.747099999999996, 49.864999999999995, 49.86]
(1, 1.0, 0, 0, 2, 1, 9, 0, 9, 8, 0, 0, 2, 1, 9, 0, 9, 8);[49.870000000000005, 49.864999999999995, 49.864999999999995, 50.857000000000006]
(0, 0.0, 0, 0, 2, 1, 9, 0, 9, 8, 0, 0, 2, 1, 9, 0, 9, 8);[49.872, 49.87, 49.864999999999995, 49.864999999999995]
(0, 1.0, 0, 0, 2, 1, 9, 0, 9, 8, 0, 0, 2, 1, 9, 0, 9, 8);[49.870000000000005, 49.87, 49.86500000000001, 50]
(2, 0.0, 0, 0, 2, 1, 9, 0, 9, 8, 0, 0, 2, 1, 9, 0, 9, 8);[49.86500000000001, 49.864999999999995, 49.85999999999999, 49.86]
(2, 1.0, 0, 0, 2, 1, 9, 0, 9, 8, 0, 0, 2, 1, 9, 0, 9, 8);[49.864999999999995, 49.86, 50, 50]
(3, 0.0, 0, 0, 3, 0, 9, 0, 9, 8, 0, 0, 2, 0, 9, 0, 9, 7);[52.38799999999999, 50, 50, 50]
(3, 0.0, 0, 0, 2, 0, 9, 0, 9, 7, 0, 0, 1, 0, 9, 0, 9, 4);[52.809000000000005, 50, 50, 50]
(3, 1.0, 0, 0, 2, 0, 9, 0, 9, 5, 0, 0, 1, 0, 9, 0, 9, 2);[49.917, 50, 50, 50]
(0, 0.0, 0, 0, 2, 0, 9, 0, 9, 5, 0, 0, 2, 0, 9, 0, 9, 0);[49.915, 50, 50, 50]
(0, 0.0, 0, 0, 2, 0, 9, 0, 9, 5, 0, 0, 2, 0, 9, 0, 9, 1);[49.897, 50, 50, 50]
(0, 1.0, 0, 0, 2, 0, 9, 0, 9, 5, 0, 0, 2, 0, 9, 0, 9, 3);[49.885000000000005, 50, 50, 50]
(0, 1.0, 0, 0, 2, 0, 9, 0, 9, 5, 0, 0, 2, 0, 9, 0, 9, 5);[49.869, 50, 50, 50]
(0, 1.0, 0, 0, 3, 1, 9, 0, 9, 5, 0, 0, 2, 0, 9, 0, 9, 5);[49.87, 49.867000000000004, 50, 50]
(1, 0.0, 0, 0, 3, 1, 9, 0, 9, 6, 0, 0, 3, 0, 9, 0, 9, 5);[49.857, 50, 50, 50]
(1, 0.0, 0, 0, 3, 1, 9, 0, 9, 6, 0, 0, 3, 1, 9, 0, 9, 5);[49.853, 50, 50, 50]
(1, 1.0, 0, 0, 3, 1, 9, 0, 9, 6, 0, 0, 3, 1, 9, 0, 9, 6);[49.855, 49.855000000000004, 49.855000000000004, 50]
(0, 0.0, 0, 0, 3, 1, 9, 0, 9, 6, 0, 0, 3, 1, 9, 0, 9, 6);[49.855000000000004, 49.855000000000004, 50, 50]
(0, 1.0, 0, 0, 3, 1, 9, 0, 9, 6, 0, 0, 3, 1, 9, 0, 9, 6);[49.855000000000004, 49.855000000000004, 50, 50]
(1, 0.0, 0, 0, 3, 1, 9, 0, 9, 6, 0, 0, 3, 1, 9, 0, 9, 6);[49.855, 49.855000000000004, 50, 50]
(2, 0.0, 0, 0, 3, 1, 9, 0, 9, 6, 0, 0, 3, 1, 9, 0, 9, 6);[49.855000000000004, 50, 50, 50]
(2, 0.0, 0, 0, 4, 1, 9, 0, 9, 6, 0, 0, 3, 1, 9, 0, 9, 6);[49.855, 50, 50, 50]
(2, 1.0, 0, 0, 4, 1, 9, 0, 9, 6, 0, 0, 3, 1, 9, 0, 9, 6);[49.85, 50, 50, 50]
(0, 0.0, 0, 0, 4, 1, 9, 0, 9, 6, 0, 0, 4, 1, 9, 0, 9, 6);[49.847, 49.845, 50, 50]
(0, 1.0, 0, 0, 4, 1, 9, 0, 9, 6, 0, 0, 4, 1, 9, 0, 9, 6);[49.845, 49.845000000000006, 50, 50]
(1, 0.0, 0, 0, 4, 1, 9, 0, 9, 6, 0, 0, 4, 1, 9, 0, 9, 6);[49.845, 50, 50, 50]
(1, 0.0, 0, 0, 4, 1, 9, 0, 9, 7, 0, 0, 4, 1, 9, 0, 9, 6);[49.845, 50, 50, 50]
(1, 1.0, 0, 0, 4, 1, 9, 0, 9, 7, 0, 0, 4, 1, 9, 0, 9, 6);[49.840999999999994, 50, 50, 50]
(0, 0.0, 0, 0, 4, 1, 9, 0, 9, 7, 0, 0, 4, 1, 9, 0, 9, 7);[49.835, 49.835, 50, 50]
(0, 1.0, 0, 0, 4, 1, 9, 0, 9, 7, 0, 0, 4, 1, 9, 0, 9, 7);[49.834999999999994, 49.851, 50, 50]
(1, 0.0, 0, 0, 4, 1, 9, 0, 9, 7, 0, 0, 4, 1, 9, 0, 9, 7);[49.835, 49.835, 50, 50]
(1, 1.0, 0, 0, 4, 1, 9, 0, 9, 8, 0, 0, 4, 1, 9, 0, 9, 7);[49.83, 50, 50, 50]
(0, 0.0, 0, 0, 4, 1, 9, 0, 9, 8, 0, 0, 4, 1, 9, 0, 9, 8);[49.83, 49.829, 49.82, 49.82]
(0, 1.0, 0, 0, 4, 1, 9, 0, 9, 8, 0, 0, 4, 1, 9, 0, 9, 8);[49.83, 49.83, 49.82000000000001, 50]
(1, 0.0, 0, 0, 4, 1, 9, 0, 9, 8, 0, 0, 4, 1, 9, 0, 9, 8);[49.823, 49.816, 50, 50]
(1, 1.0, 0, 0, 4, 1, 9, 0, 9, 8, 0, 0, 4, 1, 9, 0, 9, 8);[49.827, 50, 50, 50]
(2, 0.0, 0, 0, 4, 1, 9, 0, 9, 8, 0, 0, 4, 1, 9, 0, 9, 8);[49.82, 49.82, 50, 50]
(2, 1.0, 0, 0, 4, 1, 9, 0, 9, 8, 0, 0, 4, 1, 9, 0, 9, 8);[49.82, 50, 50, 50]
(0, 0.0, 0, 0, 4, 1, 9, 0, 9, 9, 0, 0, 4, 1, 9, 0, 9, 8);[49.818, 50, 50, 50]
(0, 0.0, 0, 0, 4, 1, 9, 0, 9, 9, 0, 0, 4, 1, 9, 0, 9, 9);[49.815000000000005, 49.81, 49.813, 49.835]
(0, 1.0, 0, 0, 4, 1, 9, 0, 9, 9, 0, 0, 4, 1, 9, 0, 9, 9);[49.815, 49.815, 49.827, 50]
(1, 0.0, 0, 0, 4, 1, 9, 0, 9, 9, 0, 0, 4, 1, 9, 0, 9, 9);[49.815, 49.812, 50, 50]
(1, 1.0, 0, 0, 4, 1, 9, 0, 9, 9, 0, 0, 4, 1, 9, 0, 9, 9);[49.81, 50, 50, 50]
(2, 0.0, 0, 0, 4, 1, 9, 0, 9, 9, 0, 0, 4, 1, 9, 0, 9, 9);[49.833000000000006, 49.835, 50, 50]
(2, 1.0, 0, 0, 4, 1, 9, 0, 9, 9, 0, 0, 4, 1, 9, 0, 9, 9);[49.834999999999994, 50, 50, 50]
(0, 0.0, 0, 0, 5, 1, 9, 0, 9, 9, 0, 0, 4, 1, 9, 0, 9, 9);[49.835, 50, 50, 50]
(0, 1.0, 0, 0, 5, 1, 9, 0, 9, 9, 0, 0, 4, 1, 9, 0, 9, 9);[49.83200000000001, 50, 50, 50]
(0, 1.0, 0, 0, 5, 1, 9, 0, 9, 9, 0, 0, 5, 1, 9, 0, 9, 9);[49.83, 49.83, 49.823, 51.161]
(1, 0.0, 0, 0, 5, 1, 9, 0, 9, 9, 0, 0, 5, 1, 9, 0, 9, 9);[49.830000000000005, 49.826, 50, 50]
(1, 1.0, 0, 0, 5, 1, 9, 0, 9, 9, 0, 0, 5, 1, 9, 0, 9, 9);[49.825, 50, 50, 50]
(0, 0.0, 0, 0, 5, 1, 9, 0, 9, 9, 0, 0, 5, 1, 9, 0, 9, 9);[49.825, 49.825, 49.825, 49.825]
(2, 0.0, 0, 0, 5, 1, 9, 0, 9, 9, 0, 0, 5, 1, 9, 0, 9, 9);[49.825, 49.825, 50, 50]
(2, 1.0, 0, 0, 5, 1, 9, 0, 9, 9, 0, 0, 5, 1, 9, 0, 9, 9);[49.827, 50, 50, 50]
(3, 0.0, 0, 0, 5, 0, 9, 0, 9, 9, 0, 0, 5, 0, 9, 0, 9, 8);[51.74789999999999, 50, 50, 50]
(3, 0.0, 0, 0, 5, 0, 9, 0, 9, 8, 0, 0, 5, 0, 9, 0, 9, 5);[51.792, 50, 50, 50]
(3, 1.0, 0, 0, 5, 0, 9, 0, 9, 7, 0, 0, 5, 0, 9, 0, 9, 3);[49.878, 50, 50, 50]
(0, 0.0, 0, 0, 5, 0, 9, 0, 9, 7, 0, 0, 5, 0, 9, 0, 9, 3);[49.882, 50, 50, 50]
(0, 0.0, 0, 0, 5, 0, 9, 0, 9, 7, 0, 0, 5, 0, 9, 0, 9, 2);[49.871, 50, 50, 50]
(0, 1.0, 0, 0, 5, 0, 9, 0, 9, 8, 0, 0, 5, 0, 9, 0, 9, 4);[49.855, 50, 50, 50]
(0, 1.0, 0, 0, 5, 0, 9, 0, 9, 8, 0, 0, 5, 0, 9, 0, 9, 6);[49.839000000000006, 50, 50, 50]
(0, 1.0, 0, 0, 5, 0, 9, 0, 9, 8, 0, 0, 5, 0, 9, 0, 9, 7);[49.826, 50, 50, 50]
(0, 1.0, 0, 0, 5, 0, 9, 0, 9, 8, 0, 0, 5, 0, 9, 0, 9, 8);[49.647175000000004, 49.701499999999996, 49.818, 49.823]
(1, 0.0, 0, 0, 5, 0, 9, 0, 9, 8, 0, 0, 5, 0, 9, 0, 9, 8);[49.660175, 49.66096700000001, 49.660170000000015, 49.67699999999999]
(1, 1.0, 0, 0, 5, 0, 9, 0, 9, 8, 0, 0, 5, 0, 9, 0, 9, 8);[49.821, 49.830000000000005, 49.83, 49.667266]
(0, 0.0, 0, 0, 5, 0, 9, 0, 9, 8, 0, 0, 5, 0, 9, 0, 9, 8);[49.82, 49.64018, 49.81999999999999, 49.64067500000001]
(2, 0.0, 0, 0, 5, 0, 9, 0, 9, 8, 0, 0, 5, 0, 9, 0, 9, 8);[49.815000000000005, 49.815, 49.667, 49.650169999999996]
(2, 1.0, 0, 0, 5, 0, 9, 0, 9, 8, 0, 0, 5, 0, 9, 0, 9, 8);[49.834, 49.81317, 49.825, 49.807279]
(3, 0.0, 0, 0, 5, 0, 9, 0, 9, 8, 0, 0, 5, 0, 9, 0, 9, 8);[49.875859000000005, 49.81999999999999, 49.65816599999999, 49.66700000000001]
(3, 1.0, 0, 0, 5, 0, 9, 0, 9, 8, 0, 0, 5, 0, 9, 0, 9, 8);[49.80218000000001, 49.823674999999994, 49.80317000000001, 50]
(3, 1.0, 0, 0, 5, 0, 9, 0, 9, 9, 0, 0, 5, 0, 9, 0, 9, 9);[28.39919509127313, 28.3779336957066, 28.38391076725664, 28.397886657089963]
(0, 0.0, 0, 0, 5, 0, 9, 0, 9, 9, 0, 0, 5, 0, 9, 0, 9, 9);[28.302901060611624, 28.306257458355088, 28.31815681922729, 28.31695879340677]
(0, 1.0, 0, 0, 5, 0, 9, 0, 9, 9, 0, 0, 5, 0, 9, 0, 9, 9);[28.3938182408169, 28.401570215488672, 28.37145058649702, 28.37822923224869]
(1, 0.0, 0, 0, 5, 0, 9, 0, 9, 9, 0, 0, 5, 0, 9, 0, 9, 9);[28.317375470822682, 28.32215244198725, 28.30446192215934, 28.310636914520753]
(1, 1.0, 0, 0, 5, 0, 9, 0, 9, 9, 0, 0, 5, 0, 9, 0, 9, 9);[28.375166331544722, 28.399876217164408, 28.395847030302047, 28.389978104986447]
(2, 0.0, 0, 0, 5, 0, 9, 0, 9, 9, 0, 0, 5, 0, 9, 0, 9, 9);[28.301182561737377, 28.311768887866855, 28.31488460537033, 28.30309269106833]
(2, 1.0, 0, 0, 5, 0, 9, 0, 9, 9, 0, 0, 5, 0, 9, 0, 9, 9);[28.386633445238623, 28.3898577281471, 28.37789876435661, 28.365771544166392]
(3, 0.0, 0, 0, 5, 0, 9, 0, 9, 9, 0, 0, 5, 0, 9, 0, 9, 9);[28.309308170641472, 28.30576112014789, 28.297634072501133, 28.29439121523073]
