(0, 0.0, 0, 0, 0, 0, 0, 0, 0, 0, 0, 0, 0, 0, 0, 0, 0, 0);[45.73606044077456, 0, 0, 0]
(0, 1.0, 0, 0, 0, 0, 0, 0, 0, 0, 0, 0, 0, 0, 0, 0, 0, 0);[46.08969212464807, 45.16999763452112, 45.212088962816104, 45.19314580930991]
(1, 0.0, 0, 0, 0, 0, 0, 0, 0, 0, 0, 0, 0, 0, 0, 0, 0, 0);[44.92661177666335, 44.914824177861874, 44.96256266336418, 44.94656616588509]
(1, 1.0, 0, 0, 0, 0, 0, 0, 0, 0, 0, 0, 0, 0, 0, 0, 0, 0);[44.32970634755681, 45.41663520264813, 44.941969399562595, 44.97099514736458]
(2, 0.0, 0, 0, 0, 0, 0, 0, 0, 0, 0, 0, 0, 0, 0, 0, 0, 0);[44.85418883371982, 44.86374908899557, 44.89146624589557, 44.85273571814612]
(2, 1.0, 0, 0, 0, 0, 0, 0, 0, 0, 0, 0, 0, 0, 0, 0, 0, 0);[45.51176393765398, 45.03207033010853, 45.01606356093785, 45.028066102394185]
(3, 0.0, 0, 0, 0, 0, 0, 0, 0, 0, 0, 0, 0, 0, 0, 0, 0, 0);[45.08230245451515, 45.09547605787561, 45.09232675244102, 45.16121581211237]
(3, 1.0, 0, 0, 0, 0, 0, 0, 0, 0, 0, 0, 0, 0, 0, 0, 0, 0);[45.49767376430906, 45.149649154034904, 45.10603941099352, 45.1355405512274]
(2, 1.0, 0, 0, 0, 0, 1, 0, 0, 0, 0, 0, 0, 0, 0, 0, 0, 0);[46.81968905450226, 49.70971755469428, 49.724565423294926, 49.71407923409826]
(0, 1.0, 1, 0, 0, 0, 0, 0, 0, 0, 0, 0, 0, 0, 0, 0, 0, 0);[49.81206113496638, 49.8111453675383, 49.8698188615531, 49.80735186827479]
(1, 0.0, 1, 0, 0, 0, 0, 0, 0, 0, 0, 0, 0, 0, 0, 0, 0, 0);[49.36362764338416, 49.374791401798674, 49.392820813179625, 49.19385715576854]
(1, 0.0, 1, 0, 0, 0, 0, 0, 0, 0, 1, 0, 0, 0, 0, 0, 0, 0);[47.84800400990781, 47.8416482474907, 47.819275056087854, 47.821513451285455]
(1, 1.0, 1, 0, 0, 0, 0, 0, 0, 0, 1, 0, 0, 0, 0, 0, 0, 0);[47.098906072378, 47.75012463012844, 47.72609005716349, 47.767055463863926]
(2, 1.0, 0, 0, 1, 0, 0, 0, 0, 0, 0, 0, 0, 0, 0, 0, 0, 0);[50.010572344013106, 50, 50, 50]
(0, 0.0, 0, 0, 1, 0, 0, 0, 0, 0, 0, 0, 0, 0, 0, 0, 0, 0);[49.830387407167734, 49.81770454686148, 49.76001661169858, 49.81682245781627]
(0, 1.0, 0, 0, 1, 0, 0, 0, 0, 0, 0, 0, 1, 0, 0, 0, 0, 0);[49.54134777220868, 49.54775916369184, 49.36283069746488, 49.534856017372434]
(1, 0.0, 0, 0, 1, 0, 0, 0, 0, 0, 0, 0, 1, 0, 0, 0, 0, 0);[49.618791732337456, 49.579886695608714, 49.57400630022738, 49.61819813138723]
(1, 1.0, 0, 0, 1, 0, 0, 0, 0, 0, 0, 0, 1, 0, 0, 0, 0, 0);[49.64228088482356, 49.67066931034993, 49.69719652045871, 49.6512796721278]
(2, 0.0, 0, 0, 1, 0, 0, 0, 0, 0, 0, 0, 0, 0, 0, 0, 0, 0);[49.311086161348086, 49.58872778123748, 49.59507992401369, 49.27922468306243]
(1, 0.0, 0, 0, 1, 0, 0, 0, 0, 0, 0, 0, 0, 0, 0, 0, 0, 0);[49.88207, 49.85857170932038, 49.9005, 49.883562]
(0, 0.0, 0, 0, 1, 0, 0, 0, 0, 0, 0, 0, 1, 0, 0, 0, 0, 0);[49.545160618578095, 49.56936476645835, 49.5597794983884, 49.50094283847669]
(1, 1.0, 1, 0, 0, 0, 0, 0, 0, 0, 0, 0, 0, 0, 0, 0, 0, 0);[47.444481029806674, 49.33200323986195, 49.384011726890265, 49.32004179434426]
(1, 0.0, 0, 0, 0, 0, 0, 0, 1, 0, 0, 0, 0, 0, 0, 0, 0, 0);[49.945, 49.94, 49.945, 49.920983184364914]
(1, 1.0, 0, 0, 0, 0, 0, 0, 1, 0, 0, 0, 0, 0, 0, 0, 0, 0);[49.887396959313165, 49.885055, 49.70320724227915, 49.94]
(0, 0.0, 0, 0, 0, 0, 0, 0, 1, 0, 0, 0, 0, 0, 0, 0, 1, 0);[49.43031975404149, 49.42945793165927, 49.47845216801877, 49.46112128693683]
(0, 1.0, 0, 0, 0, 0, 0, 0, 1, 0, 0, 0, 0, 0, 0, 0, 1, 0);[49.54286537141137, 49.52922171309429, 49.41419490216619, 49.52516786563839]
(1, 0.0, 0, 0, 0, 0, 0, 0, 1, 0, 0, 0, 0, 0, 0, 0, 1, 0);[49.553772675786234, 49.531398671264675, 49.55276124101184, 49.56440498058049]
(1, 1.0, 0, 0, 0, 0, 0, 0, 1, 0, 0, 0, 0, 0, 0, 0, 1, 0);[49.57301059059826, 49.55435274723867, 49.66175358856356, 49.601288837679206]
(3, 0.0, 0, 0, 0, 0, 1, 0, 0, 0, 0, 0, 0, 0, 0, 0, 0, 0);[49.73638102706724, 49.769835057461925, 49.7266391511666, 49.718843528571036]
(3, 1.0, 0, 0, 0, 0, 1, 0, 0, 0, 0, 0, 0, 0, 1, 0, 0, 0);[47.851453306247585, 48.993061024514944, 48.98064108605543, 48.99781747369423]
(3, 0.0, 0, 0, 1, 0, 0, 0, 0, 0, 0, 0, 0, 0, 0, 0, 0, 0);[49.935, 49.941, 49.93207, 50]
(3, 1.0, 0, 0, 1, 0, 0, 0, 0, 0, 0, 0, 0, 0, 0, 0, 0, 0);[49.961, 49.93706, 50, 50]
(3, 0.0, 0, 0, 1, 0, 0, 0, 0, 0, 0, 0, 1, 0, 0, 0, 0, 0);[49.621022128579085, 49.595408611940485, 49.619707389295606, 49.633269592032754]
(3, 1.0, 0, 0, 1, 0, 0, 0, 0, 0, 0, 0, 1, 0, 0, 0, 0, 0);[49.77998179243, 49.7893284772, 49.6110343540051, 49.802192935]
(2, 0.0, 1, 0, 0, 0, 0, 0, 0, 0, 0, 0, 0, 0, 0, 0, 0, 0);[49.44475485674375, 49.23900122687231, 49.31537016835529, 49.156567109029815]
(2, 1.0, 1, 0, 0, 0, 0, 0, 0, 0, 0, 0, 0, 0, 0, 0, 0, 0);[47.7897494176472, 49.54382497909099, 49.60916352096927, 49.68031957482585]
(1, 0.0, 1, 0, 0, 0, 1, 0, 0, 0, 0, 0, 0, 0, 0, 0, 0, 0);[49.948, 50, 50, 50]
(1, 1.0, 1, 0, 0, 0, 1, 0, 0, 0, 0, 0, 0, 0, 0, 0, 0, 0);[47.9930137414066, 50, 50, 50]
(3, 0.0, 1, 0, 0, 0, 0, 0, 0, 0, 0, 0, 0, 0, 0, 0, 0, 0);[49.61899114672819, 49.5721116899184, 49.4970515107559, 49.55593386812198]
(3, 1.0, 1, 0, 0, 0, 0, 0, 0, 0, 0, 0, 0, 0, 0, 0, 0, 0);[48.29640643494867, 49.55514821799712, 49.57142990204932, 49.475313194601874]
(3, 1.0, 0, 0, 0, 0, 1, 0, 0, 0, 0, 0, 0, 0, 0, 0, 0, 0);[48.49771195455357, 49.66613355471938, 49.74806526138629, 49.86749935652838]
(2, 0.0, 1, 0, 0, 0, 0, 0, 0, 0, 1, 0, 0, 0, 0, 0, 0, 0);[47.73060121591086, 47.706999885679, 47.70994221835639, 47.728284393443865]
(2, 1.0, 1, 0, 0, 0, 0, 0, 0, 0, 1, 0, 0, 0, 0, 0, 0, 0);[47.79321911972889, 47.75500306511803, 47.746309691021224, 47.761342930022]
(1, 0.0, 0, 0, 0, 0, 1, 0, 0, 0, 0, 0, 0, 0, 0, 0, 0, 0);[49.69381239860729, 49.60769501729878, 49.61585027439634, 49.718492779906455]
(1, 0.0, 0, 0, 0, 0, 1, 0, 0, 0, 0, 0, 0, 0, 1, 0, 0, 0);[49.03836927533754, 48.978635038182716, 49.03548116421108, 48.9753764354838]
(1, 1.0, 0, 0, 0, 0, 1, 0, 0, 0, 0, 0, 0, 0, 1, 0, 0, 0);[48.7602212517507, 48.97683896688887, 48.938175993214315, 48.97938020997777]
(0, 0.0, 1, 0, 0, 0, 0, 0, 0, 0, 0, 0, 0, 0, 0, 0, 0, 0);[49.30854163449495, 49.129318529551945, 49.313096362188105, 48.877191419670154]
(3, 0.0, 1, 0, 0, 0, 0, 0, 0, 0, 1, 0, 0, 0, 0, 0, 0, 0);[47.90252923578796, 47.88419840312205, 47.92954667149511, 47.89259262915153]
(3, 1.0, 1, 0, 0, 0, 0, 0, 0, 0, 1, 0, 0, 0, 0, 0, 0, 0);[48.189826409392225, 48.14531943638009, 48.20046709199708, 48.178475845170865]
(1, 1.0, 0, 0, 0, 0, 1, 0, 0, 0, 0, 0, 0, 0, 0, 0, 0, 0);[48.9699842875031, 49.68831313983408, 49.752027059102915, 49.7401303966006]
(1, 0.0, 1, 0, 0, 0, 1, 0, 0, 0, 1, 0, 0, 0, 0, 0, 0, 0);[49.935, 49.938, 49.931, 49.935]
(1, 1.0, 1, 0, 0, 0, 1, 0, 0, 0, 1, 0, 0, 0, 0, 0, 0, 0);[49.50205028274079, 49.933, 49.936, 49.931]
(1, 1.0, 1, 0, 0, 0, 1, 0, 0, 0, 1, 0, 0, 0, 1, 0, 0, 0);[49.41728787373466, 49.85007, 49.875273921894575, 49.93]
(3, 1.0, 1, 0, 0, 0, 1, 0, 0, 0, 1, 0, 0, 0, 0, 0, 0, 0);[51.25854, 50, 50, 50]
(0, 0.0, 0, 0, 0, 0, 1, 0, 0, 0, 0, 0, 0, 0, 0, 0, 0, 0);[49.02584259363681, 49.35033257056769, 49.143698034550376, 49.18146648347755]
(1, 1.0, 0, 0, 1, 0, 0, 0, 0, 0, 0, 0, 0, 0, 0, 0, 0, 0);[49.929565, 49.95, 49.7629606160249, 49.95]
(2, 1.0, 1, 0, 0, 0, 1, 0, 0, 0, 1, 0, 0, 0, 0, 0, 0, 0);[49.965139808405695, 49.93, 50, 50]
(2, 0.0, 0, 0, 0, 0, 1, 0, 0, 0, 0, 0, 0, 0, 0, 0, 0, 0);[49.682629552109375, 49.79345704165042, 49.77521570383431, 49.70101628231472]
(2, 0.0, 0, 0, 0, 0, 1, 0, 0, 0, 0, 0, 0, 0, 1, 0, 0, 0);[48.97694927986093, 48.98205504944443, 48.95457867168683, 48.928379328308026]
(2, 1.0, 0, 0, 0, 0, 1, 0, 0, 0, 0, 0, 0, 0, 1, 0, 0, 0);[49.11866417492195, 49.22407553513974, 49.29917693638279, 49.21687831248662]
(3, 0.0, 1, 0, 0, 0, 1, 0, 0, 0, 1, 0, 0, 0, 0, 0, 0, 0);[49.956136, 50, 50, 50]
(2, 0.0, 1, 0, 0, 0, 1, 0, 0, 0, 1, 0, 0, 0, 0, 0, 0, 0);[49.970739, 49.935, 49.935, 50]
(1, 0.0, 1, 0, 0, 0, 0, 0, 1, 0, 1, 0, 0, 0, 0, 0, 0, 0);[49.93, 50, 50, 50]
(1, 1.0, 1, 0, 0, 0, 0, 0, 1, 0, 1, 0, 0, 0, 0, 0, 0, 0);[50.15, 50, 50, 50]
(0, 0.0, 0, 0, 0, 0, 0, 0, 1, 0, 0, 0, 0, 0, 0, 0, 0, 0);[49.890132200000004, 49.95409658943289, 49.936, 49.879817652677154]
(3, 0.0, 0, 0, 0, 0, 0, 0, 1, 0, 0, 0, 0, 0, 0, 0, 1, 0);[49.5256303341891, 49.561212378243795, 49.561775286205844, 49.57990476193083]
(3, 1.0, 0, 0, 0, 0, 0, 0, 1, 0, 0, 0, 0, 0, 0, 0, 1, 0);[49.558016248428025, 49.60524384542439, 49.23546398752127, 49.61096373792264]
(2, 0.0, 0, 0, 0, 0, 0, 0, 1, 0, 0, 0, 0, 0, 0, 0, 0, 0);[49.8962962716627, 49.85106662737166, 49.530311621592915, 49.40949488342386]
(2, 0.0, 1, 0, 0, 0, 1, 0, 0, 0, 1, 0, 0, 0, 1, 0, 0, 0);[49.879694744496135, 49.93, 49.928, 49.867218666390706]
(2, 1.0, 1, 0, 0, 0, 1, 0, 0, 0, 1, 0, 0, 0, 1, 0, 0, 0);[50.43536415193944, 50, 50, 50]
(3, 0.0, 0, 0, 0, 0, 1, 0, 0, 0, 0, 0, 0, 0, 1, 0, 0, 0);[49.03586508631395, 49.04636466597559, 48.99594426278875, 49.0482151953371]
(1, 1.0, 1, 0, 0, 0, 1, 0, 0, 0, 0, 0, 0, 0, 1, 0, 0, 0);[50.48576581161537, 50, 50, 50]
(0, 0.0, 1, 0, 0, 0, 1, 0, 0, 0, 0, 0, 0, 0, 0, 0, 0, 0);[50.52528459632654, 50, 50, 50]
(2, 1.0, 1, 0, 0, 0, 1, 0, 0, 0, 0, 0, 0, 0, 0, 0, 0, 0);[49.81375178123298, 50, 50, 50]
(2, 0.0, 1, 0, 0, 0, 1, 0, 0, 0, 0, 0, 0, 0, 0, 0, 0, 0);[49.941, 50, 50, 50]
(2, 0.0, 1, 0, 0, 0, 1, 0, 0, 0, 0, 0, 0, 0, 1, 0, 0, 0);[49.879, 49.94, 49.94, 49.935]
(2, 1.0, 1, 0, 0, 0, 1, 0, 0, 0, 0, 0, 0, 0, 1, 0, 0, 0);[49.80119621381451, 49.933, 50, 50]
(2, 0.0, 0, 0, 0, 0, 0, 1, 0, 0, 0, 0, 0, 0, 0, 0, 0, 0);[49.944, 50, 50, 50]
(2, 1.0, 0, 0, 0, 0, 0, 1, 0, 0, 0, 0, 0, 0, 0, 0, 0, 0);[49.945, 50, 50, 50]
(0, 0.0, 0, 0, 0, 0, 0, 1, 0, 0, 0, 0, 0, 0, 0, 1, 0, 0);[49.88006, 49.881842, 49.94, 49.94]
(0, 1.0, 0, 0, 0, 0, 0, 1, 0, 0, 0, 0, 0, 0, 0, 1, 0, 0);[49.94, 49.79667050692101, 49.9002, 49.94]
(1, 0.0, 1, 0, 0, 0, 1, 0, 0, 0, 1, 0, 0, 0, 1, 0, 0, 0);[49.85407, 49.85007, 49.93, 49.93]
(0, 0.0, 0, 0, 0, 0, 0, 1, 0, 0, 0, 0, 0, 0, 0, 0, 0, 0);[49.9854, 50, 50, 50]
(0, 1.0, 0, 0, 0, 0, 0, 1, 0, 0, 0, 0, 0, 0, 0, 0, 0, 0);[49.935, 50, 50, 50]
(2, 0.0, 0, 0, 0, 0, 0, 1, 0, 0, 0, 0, 0, 0, 0, 1, 0, 0);[49.94, 49.94, 49.94, 49.94]
(2, 1.0, 0, 0, 0, 0, 0, 1, 0, 0, 0, 0, 0, 0, 0, 1, 0, 0);[49.94, 49.846384692974205, 50, 50]
(3, 0.0, 0, 0, 0, 0, 0, 1, 0, 0, 0, 0, 0, 0, 0, 1, 0, 0);[49.94, 49.94, 50, 50]
(3, 1.0, 0, 0, 0, 0, 0, 1, 0, 0, 0, 0, 0, 0, 0, 1, 0, 0);[49.93406, 50, 50, 50]
(3, 1.0, 0, 0, 1, 0, 1, 0, 0, 0, 0, 0, 0, 0, 1, 0, 0, 0);[50.399, 50, 50, 50]
(3, 0.0, 0, 0, 0, 0, 1, 0, 1, 0, 0, 0, 0, 0, 1, 0, 0, 0);[49.929, 50, 50, 50]
(3, 1.0, 0, 0, 0, 0, 2, 0, 1, 0, 0, 0, 0, 0, 1, 0, 0, 0);[50.201, 50, 50, 50]
(0, 0.0, 0, 0, 0, 0, 1, 0, 1, 0, 0, 0, 0, 0, 0, 0, 0, 0);[50.037905445999996, 50, 50, 50]
(1, 0.0, 1, 0, 1, 0, 0, 0, 0, 0, 0, 0, 1, 0, 0, 0, 0, 0);[49.934, 49.924, 50, 50]
(1, 1.0, 1, 0, 1, 0, 0, 0, 0, 0, 1, 0, 1, 0, 0, 0, 0, 0);[49.91969136620878, 50, 50, 50]
(0, 1.0, 0, 0, 1, 0, 0, 0, 0, 0, 0, 0, 0, 0, 0, 0, 0, 0);[49.838153948, 49.84667116233592, 49.5529255597039, 49.85869350632884]
(2, 1.0, 1, 0, 0, 0, 1, 0, 1, 0, 0, 0, 0, 0, 1, 0, 0, 0);[50.12, 50, 50, 50]
(1, 0.0, 0, 0, 1, 0, 0, 0, 1, 0, 0, 0, 0, 0, 0, 0, 1, 0);[49.94, 49.939, 49.92407, 50]
(1, 1.0, 0, 0, 1, 0, 0, 0, 1, 0, 0, 0, 0, 0, 0, 0, 1, 0);[49.931, 49.93, 49.96334728699586, 50]
(0, 0.0, 0, 0, 1, 0, 0, 0, 1, 0, 0, 0, 1, 0, 0, 0, 1, 0);[49.790333000000004, 49.797063, 49.86007, 49.86007]
(0, 1.0, 0, 0, 1, 0, 0, 0, 1, 0, 0, 0, 1, 0, 0, 0, 1, 0);[49.86007, 49.79837, 49.725822275561185, 49.864]
(1, 0.0, 0, 0, 1, 0, 0, 0, 1, 0, 0, 0, 1, 0, 0, 0, 1, 0);[49.85507, 49.87648769708703, 49.863, 49.93]
(1, 1.0, 0, 0, 1, 0, 0, 0, 1, 0, 0, 0, 1, 0, 0, 0, 1, 0);[49.93, 49.93, 50.16975660151042, 50]
(1, 0.0, 1, 0, 1, 0, 0, 0, 0, 0, 0, 0, 0, 0, 0, 0, 0, 0);[49.945, 50, 50, 50]
(1, 1.0, 1, 0, 1, 0, 0, 0, 0, 0, 0, 0, 0, 0, 0, 0, 0, 0);[49.97405, 50, 50, 50]
(3, 1.0, 1, 0, 0, 0, 1, 0, 0, 0, 0, 0, 0, 0, 0, 0, 0, 0);[49.73930723053453, 50, 50, 50]
(3, 0.0, 0, 0, 0, 0, 0, 0, 1, 0, 0, 0, 0, 0, 0, 0, 0, 0);[49.895300000000006, 49.943, 49.936, 49.850609011716]
(1, 0.0, 1, 0, 0, 0, 1, 0, 0, 0, 0, 0, 0, 0, 1, 0, 0, 0);[49.94, 50.02015, 50, 50]
(3, 1.0, 0, 0, 0, 0, 0, 0, 1, 0, 0, 0, 0, 0, 0, 0, 0, 0);[49.92888631376643, 50, 50, 50]
(3, 0.0, 1, 0, 0, 0, 1, 0, 0, 0, 1, 0, 0, 0, 1, 0, 0, 0);[49.93, 49.93, 49.928, 49.928]
(3, 1.0, 1, 0, 0, 0, 1, 0, 0, 0, 1, 0, 0, 0, 1, 0, 0, 0);[49.83467547844626, 49.92107, 50, 50]
(3, 1.0, 2, 0, 0, 0, 0, 0, 0, 0, 1, 0, 0, 0, 0, 0, 0, 0);[50.16256419054938, 50, 50, 50]
(1, 0.0, 0, 0, 0, 0, 1, 0, 1, 0, 0, 0, 0, 0, 1, 0, 0, 0);[49.935, 50, 50, 50]
(1, 1.0, 0, 0, 0, 0, 1, 0, 1, 0, 0, 0, 0, 0, 1, 0, 0, 0);[50.127045378860004, 50, 50, 50]
(3, 1.0, 1, 0, 0, 0, 0, 0, 1, 0, 1, 0, 0, 0, 0, 0, 0, 0);[50.24538184, 50, 50, 50]
(0, 1.0, 0, 0, 0, 0, 0, 0, 1, 0, 0, 0, 0, 0, 0, 0, 0, 0);[49.91483964395694, 49.945, 49.971000000000004, 49.940555]
(3, 1.0, 0, 0, 1, 0, 0, 0, 1, 0, 0, 0, 0, 0, 0, 0, 0, 0);[49.94, 50, 50, 50]
(0, 0.0, 0, 0, 1, 0, 0, 0, 1, 0, 0, 0, 0, 0, 0, 0, 0, 0);[49.93007, 50, 50, 50]
(3, 0.0, 0, 0, 1, 0, 0, 0, 1, 0, 0, 0, 1, 0, 0, 0, 1, 0);[49.927, 49.925, 49.925, 49.923]
(3, 1.0, 0, 0, 1, 0, 0, 0, 1, 0, 0, 0, 1, 0, 0, 0, 1, 0);[49.93307, 50, 50, 50]
(2, 1.0, 2, 0, 0, 0, 0, 0, 0, 0, 0, 0, 0, 0, 0, 0, 0, 0);[49.881971589677015, 50, 50, 50]
(3, 1.0, 0, 0, 1, 0, 0, 0, 1, 0, 0, 0, 1, 0, 0, 0, 0, 0);[49.949, 50, 50, 50]
(0, 0.0, 0, 0, 1, 0, 0, 0, 1, 0, 0, 0, 1, 0, 0, 0, 0, 0);[49.92507, 50, 50, 50]
(3, 1.0, 1, 0, 1, 0, 0, 0, 1, 0, 0, 0, 1, 0, 0, 0, 1, 0);[49.925, 50, 50, 50]
(0, 0.0, 1, 0, 1, 0, 0, 0, 1, 0, 0, 0, 1, 0, 0, 0, 1, 0);[49.913635, 49.91614693, 50, 50]
(0, 1.0, 0, 0, 1, 0, 0, 0, 1, 0, 0, 0, 0, 0, 0, 0, 1, 0);[49.935, 49.935, 50, 50]
(1, 1.0, 1, 0, 1, 0, 0, 0, 1, 0, 0, 0, 1, 0, 0, 0, 1, 0);[49.93, 50, 50, 50]
(0, 1.0, 0, 0, 2, 0, 0, 0, 1, 0, 0, 0, 1, 0, 0, 0, 1, 0);[49.925, 49.923, 50, 50]
(1, 0.0, 0, 0, 2, 0, 0, 0, 1, 0, 0, 0, 1, 0, 0, 0, 1, 0);[49.916, 50, 50, 50]
(1, 0.0, 0, 0, 2, 0, 0, 0, 1, 0, 0, 0, 2, 0, 0, 0, 1, 0);[49.915, 49.915, 49.913, 50]
(1, 1.0, 0, 0, 2, 0, 0, 0, 1, 0, 0, 0, 2, 0, 0, 0, 1, 0);[49.915, 50, 50, 50]
(0, 0.0, 0, 0, 2, 0, 0, 0, 1, 0, 0, 0, 2, 0, 0, 0, 1, 0);[49.915, 49.913, 50, 50]
(0, 1.0, 0, 0, 3, 0, 0, 0, 1, 0, 0, 0, 2, 0, 0, 0, 1, 0);[49.915, 49.911, 50, 50]
(1, 0.0, 0, 0, 3, 0, 0, 0, 1, 0, 0, 0, 3, 0, 0, 0, 1, 0);[49.905, 49.905, 49.905, 49.895]
(1, 1.0, 0, 0, 3, 0, 0, 0, 1, 0, 0, 0, 3, 0, 0, 0, 1, 0);[49.905, 49.895, 50, 50]
(0, 0.0, 0, 0, 4, 0, 0, 0, 1, 0, 0, 0, 3, 0, 0, 0, 1, 0);[49.903, 49.902, 50, 50]
(0, 0.0, 0, 0, 4, 0, 0, 0, 2, 0, 0, 0, 3, 0, 0, 0, 1, 0);[49.900999999999996, 50, 50, 50]
(0, 1.0, 0, 0, 4, 0, 0, 0, 2, 0, 0, 0, 4, 0, 0, 0, 1, 0);[49.896, 49.896, 50, 50]
(0, 1.0, 0, 0, 4, 0, 0, 0, 2, 0, 0, 0, 4, 0, 0, 0, 2, 0);[49.895, 49.893, 50.266, 50]
(1, 0.0, 0, 0, 4, 0, 0, 0, 2, 0, 0, 0, 4, 0, 0, 0, 2, 0);[49.895, 49.895, 49.893, 49.895]
(1, 1.0, 0, 0, 4, 0, 0, 0, 2, 0, 0, 0, 4, 0, 0, 0, 2, 0);[49.897, 49.894, 50.40149, 50]
(0, 0.0, 0, 0, 4, 0, 0, 0, 2, 0, 0, 0, 4, 0, 0, 0, 2, 0);[49.895, 49.895, 50, 50]
(2, 0.0, 0, 0, 3, 0, 0, 0, 1, 0, 0, 0, 2, 0, 0, 0, 0, 0);[51.022, 50, 50, 50]
(2, 0.0, 0, 0, 2, 0, 0, 0, 0, 0, 0, 0, 0, 0, 0, 0, 0, 0);[49.71323319436853, 49.718967807179396, 50, 50]
(1, 0.0, 0, 0, 1, 0, 1, 0, 0, 0, 0, 0, 1, 0, 0, 0, 0, 0);[49.935, 49.923, 49.915, 50]
(1, 1.0, 0, 0, 1, 0, 1, 0, 0, 0, 0, 0, 1, 0, 0, 0, 0, 0);[49.89927246734271, 50, 50, 50]
(3, 0.0, 0, 0, 1, 0, 0, 1, 0, 0, 0, 0, 1, 0, 0, 0, 0, 0);[49.93, 49.928, 50, 50]
(3, 1.0, 0, 0, 1, 0, 0, 1, 0, 0, 0, 0, 1, 0, 0, 0, 0, 0);[49.919, 50, 50, 50]
(0, 0.0, 1, 0, 1, 0, 0, 1, 0, 0, 0, 0, 1, 0, 0, 1, 0, 0);[49.92, 49.92, 50, 50]
(0, 1.0, 0, 0, 2, 0, 0, 1, 0, 0, 0, 0, 1, 0, 0, 1, 0, 0);[49.92, 49.948, 50, 50]
(1, 0.0, 0, 0, 2, 0, 0, 0, 0, 0, 0, 0, 2, 0, 0, 0, 0, 0);[49.944, 49.92, 50, 50]
(1, 1.0, 0, 0, 2, 0, 0, 0, 1, 0, 0, 0, 2, 0, 0, 0, 0, 0);[49.931, 50, 50, 50]
(0, 0.0, 0, 0, 2, 0, 0, 0, 1, 0, 0, 0, 2, 0, 0, 0, 0, 0);[49.925, 49.922, 50, 50]
(0, 1.0, 0, 0, 2, 0, 0, 0, 1, 0, 0, 0, 2, 0, 0, 0, 1, 0);[49.916, 49.915, 50, 50]
(1, 1.0, 0, 0, 3, 0, 0, 0, 1, 0, 0, 0, 2, 0, 0, 0, 1, 0);[49.915, 50, 50, 50]
(0, 0.0, 0, 0, 4, 0, 0, 0, 1, 0, 0, 0, 2, 0, 0, 0, 1, 0);[49.911, 50, 50, 50]
(0, 1.0, 0, 0, 4, 0, 0, 0, 1, 0, 0, 0, 4, 0, 0, 0, 1, 0);[49.898, 49.9, 50, 50]
(1, 0.0, 0, 0, 4, 0, 0, 1, 1, 0, 0, 0, 4, 0, 0, 0, 1, 0);[49.9, 49.895, 50, 50]
(1, 1.0, 0, 0, 4, 0, 0, 0, 1, 0, 0, 0, 4, 0, 0, 0, 1, 0);[49.907, 50, 50, 50]
(0, 0.0, 0, 0, 4, 0, 0, 0, 2, 0, 0, 0, 4, 0, 0, 0, 1, 0);[49.9, 49.9, 50, 50]
(0, 1.0, 0, 0, 0, 0, 1, 0, 0, 0, 0, 0, 0, 0, 0, 0, 0, 0);[49.95, 49.92490933679892, 49.95, 49.939855003857204]
(2, 0.0, 0, 0, 0, 0, 2, 0, 0, 0, 0, 0, 0, 0, 0, 0, 0, 0);[49.949, 49.941, 50, 50]
(2, 1.0, 0, 0, 0, 0, 2, 0, 0, 0, 0, 0, 0, 0, 1, 0, 0, 0);[49.90641026945312, 49.926, 49.935, 50]
(1, 0.0, 0, 0, 0, 0, 1, 0, 1, 0, 0, 0, 0, 0, 0, 0, 1, 0);[49.935, 50, 50, 50]
(1, 1.0, 0, 0, 0, 0, 1, 0, 1, 0, 0, 0, 0, 0, 0, 0, 1, 0);[49.90965052014404, 50, 50, 50]
(0, 0.0, 0, 0, 0, 0, 0, 1, 1, 0, 0, 0, 0, 0, 0, 0, 1, 0);[49.94, 50, 50, 50]
(0, 1.0, 0, 0, 0, 0, 0, 1, 1, 0, 0, 0, 0, 0, 0, 0, 1, 0);[49.934, 50, 50, 50]
(0, 1.0, 0, 0, 0, 0, 0, 1, 1, 0, 0, 0, 0, 0, 0, 1, 1, 0);[49.93, 49.9149858487892, 50, 50]
(1, 0.0, 0, 0, 0, 0, 0, 0, 2, 0, 0, 0, 0, 0, 0, 0, 1, 0);[49.931, 49.926, 50, 50]
(1, 1.0, 0, 0, 0, 0, 0, 0, 2, 0, 0, 0, 0, 0, 0, 0, 2, 0);[49.921, 49.915, 50.029373, 50]
(0, 0.0, 0, 0, 1, 0, 0, 0, 2, 0, 0, 0, 0, 0, 0, 0, 2, 0);[49.92, 49.918, 50, 50]
(0, 1.0, 0, 0, 1, 0, 0, 0, 2, 0, 0, 0, 1, 0, 0, 0, 2, 0);[49.915, 49.915, 50.387, 50]
(1, 0.0, 0, 0, 1, 0, 0, 0, 2, 0, 0, 0, 1, 0, 0, 0, 2, 0);[49.915, 49.915, 50, 50]
(1, 1.0, 0, 0, 1, 0, 0, 0, 2, 0, 0, 0, 1, 0, 0, 0, 2, 0);[49.915, 49.913, 50, 50]
(0, 0.0, 0, 0, 1, 0, 0, 0, 2, 0, 0, 0, 1, 0, 0, 0, 2, 0);[49.915, 49.915, 50, 50]
(2, 0.0, 0, 0, 0, 0, 0, 0, 2, 0, 0, 0, 0, 0, 0, 0, 1, 0);[50.371443925639355, 50, 50, 50]
(3, 1.0, 0, 0, 0, 0, 1, 0, 1, 0, 0, 0, 0, 0, 1, 0, 0, 0);[49.983, 50, 50, 50]
(3, 0.0, 0, 0, 0, 0, 1, 0, 1, 0, 0, 0, 0, 0, 0, 0, 1, 0);[49.93, 50, 50, 50]
(3, 1.0, 0, 0, 0, 0, 1, 0, 1, 0, 0, 0, 0, 0, 0, 0, 1, 0);[49.89869098073481, 50, 50, 50]
(0, 1.0, 0, 0, 0, 0, 0, 0, 2, 0, 0, 0, 0, 0, 0, 0, 1, 0);[49.933, 49.926, 50, 50]
(1, 0.0, 0, 0, 0, 0, 0, 0, 2, 0, 0, 0, 0, 0, 0, 0, 2, 0);[49.925, 49.917, 50, 50]
(0, 1.0, 0, 0, 0, 0, 0, 0, 1, 1, 0, 0, 0, 0, 0, 0, 1, 0);[49.935, 49.933, 50, 50]
(1, 0.0, 0, 0, 0, 0, 0, 0, 1, 1, 0, 0, 0, 0, 0, 0, 1, 1);[49.93, 49.93, 49.922, 50]
(1, 1.0, 0, 0, 0, 0, 0, 0, 1, 1, 0, 0, 0, 0, 0, 0, 1, 1);[49.93, 50, 50, 50]
(0, 0.0, 0, 0, 0, 0, 0, 0, 1, 1, 0, 0, 0, 0, 0, 0, 1, 1);[49.93, 49.928, 49.915, 49.913]
(0, 1.0, 0, 0, 0, 0, 0, 0, 1, 1, 0, 0, 0, 0, 0, 0, 1, 1);[49.923, 49.925, 50.022, 50]
(1, 0.0, 0, 0, 0, 0, 1, 0, 1, 1, 0, 0, 0, 0, 0, 0, 1, 1);[49.915, 50, 50, 50]
(1, 1.0, 0, 0, 0, 0, 1, 0, 1, 1, 0, 0, 0, 0, 0, 0, 1, 1);[49.917, 50, 50, 50]
(2, 0.0, 1, 0, 0, 0, 0, 0, 0, 1, 0, 0, 0, 0, 0, 0, 0, 1);[49.9238, 50, 50, 50]
(2, 1.0, 1, 0, 0, 0, 0, 0, 0, 1, 1, 0, 0, 0, 0, 0, 0, 1);[49.936, 50, 50, 50]
(0, 0.0, 0, 0, 0, 0, 0, 0, 0, 1, 0, 0, 0, 0, 0, 0, 0, 1);[49.936, 49.93, 50, 50]
(0, 1.0, 0, 0, 0, 0, 0, 0, 0, 1, 0, 0, 0, 0, 0, 0, 0, 1);[49.93, 49.928, 50, 50]
(1, 0.0, 0, 0, 0, 0, 0, 0, 0, 2, 0, 0, 0, 0, 0, 0, 0, 1);[49.93, 49.926, 50, 50]
(1, 1.0, 0, 0, 0, 0, 0, 0, 0, 2, 0, 0, 0, 0, 0, 0, 0, 2);[49.925, 49.922, 49.918, 50.583]
(0, 0.0, 0, 0, 0, 0, 0, 0, 0, 2, 0, 0, 0, 0, 0, 0, 0, 2);[49.925, 49.925, 49.925, 49.925]
(0, 1.0, 0, 0, 0, 0, 0, 0, 0, 2, 0, 0, 0, 0, 0, 0, 0, 2);[49.925, 49.925, 49.921733, 50]
(1, 0.0, 0, 0, 0, 0, 0, 0, 0, 2, 0, 0, 0, 0, 0, 0, 0, 2);[49.925, 49.925, 49.925, 49.925]
(2, 0.0, 0, 0, 0, 0, 0, 0, 0, 2, 0, 0, 0, 0, 0, 0, 0, 2);[49.92, 49.917, 49.892033, 49.853899999999996]
(2, 1.0, 0, 0, 1, 0, 0, 0, 0, 2, 0, 0, 0, 0, 0, 0, 0, 2);[49.946, 50, 50, 50]
(0, 0.0, 0, 0, 1, 0, 0, 0, 0, 2, 0, 0, 0, 0, 0, 0, 0, 2);[49.925, 49.916, 50, 50]
(0, 1.0, 0, 0, 1, 0, 0, 0, 0, 2, 0, 0, 1, 0, 0, 0, 0, 2);[49.915, 49.915, 49.962, 50]
(1, 0.0, 0, 0, 1, 0, 0, 0, 0, 2, 0, 0, 1, 0, 0, 0, 0, 2);[49.915, 49.915, 50, 50]
(1, 1.0, 0, 0, 1, 0, 0, 0, 0, 2, 0, 0, 1, 0, 0, 0, 0, 2);[49.913, 50, 50, 50]
(0, 0.0, 0, 0, 1, 0, 0, 0, 0, 2, 0, 0, 1, 0, 0, 0, 0, 2);[49.915, 49.917, 50, 50]
(2, 1.0, 0, 0, 0, 0, 0, 0, 0, 2, 0, 0, 0, 0, 0, 0, 0, 2);[49.931, 49.925, 50, 50]
(3, 0.0, 0, 0, 0, 0, 1, 0, 0, 1, 0, 0, 0, 0, 0, 0, 0, 0);[50.46330019240078, 50, 50, 50]
(2, 0.0, 0, 0, 0, 0, 2, 0, 0, 0, 0, 0, 0, 0, 1, 0, 0, 0);[49.94, 49.935, 50, 50]
(1, 0.0, 0, 0, 0, 0, 2, 0, 0, 0, 0, 0, 0, 0, 2, 0, 0, 0);[49.845074999999994, 49.8525, 49.915, 49.915]
(1, 1.0, 0, 0, 0, 0, 2, 0, 0, 0, 0, 0, 0, 0, 2, 0, 0, 0);[49.987, 49.915, 49.942, 50.104]
(0, 0.0, 0, 0, 0, 0, 2, 0, 0, 0, 0, 0, 0, 0, 0, 0, 0, 0);[49.94384252751177, 50.01436658276245, 50, 50]
(0, 1.0, 0, 1, 0, 0, 0, 0, 1, 0, 0, 0, 0, 0, 0, 0, 1, 0);[49.93, 49.91276986294041, 50, 50]
(1, 0.0, 0, 0, 0, 0, 1, 0, 2, 0, 0, 0, 0, 0, 0, 0, 1, 0);[49.935, 49.927, 50, 50]
(1, 1.0, 0, 0, 0, 0, 1, 0, 3, 0, 0, 0, 0, 0, 1, 0, 2, 0);[49.926, 50, 50, 50]
(0, 0.0, 0, 0, 0, 0, 0, 0, 4, 0, 0, 0, 0, 0, 0, 0, 2, 0);[49.924, 50, 50, 50]
(0, 0.0, 0, 0, 0, 0, 0, 0, 4, 0, 0, 0, 0, 0, 0, 0, 3, 0);[49.913, 50, 50, 50]
(0, 1.0, 0, 0, 0, 0, 0, 0, 4, 0, 0, 0, 0, 0, 0, 0, 4, 0);[49.91, 49.926, 50.043, 50]
(1, 0.0, 0, 0, 0, 0, 0, 0, 4, 0, 0, 0, 0, 0, 0, 0, 4, 0);[49.915, 49.915, 50, 50]
(1, 1.0, 0, 0, 0, 0, 0, 0, 4, 0, 0, 0, 0, 0, 0, 0, 4, 0);[49.913, 50, 50, 50]
(0, 0.0, 0, 0, 0, 0, 0, 0, 4, 0, 0, 0, 0, 0, 0, 0, 4, 0);[49.915, 49.914, 50, 50]
(2, 0.0, 0, 0, 1, 0, 0, 0, 4, 0, 0, 0, 0, 0, 0, 0, 2, 0);[50.175, 50, 50, 50]
(2, 0.0, 0, 0, 1, 0, 0, 0, 3, 0, 0, 0, 0, 0, 0, 0, 0, 0);[50.111, 50, 50, 50]
(2, 1.0, 0, 0, 0, 0, 0, 0, 1, 0, 0, 0, 0, 0, 0, 0, 0, 0);[49.933164542, 50, 50, 50]
(0, 0.0, 0, 0, 0, 0, 0, 0, 2, 0, 0, 0, 0, 0, 0, 0, 1, 0);[49.92, 50, 50, 50]
(0, 1.0, 0, 1, 0, 0, 0, 0, 2, 0, 0, 0, 0, 0, 0, 0, 1, 0);[49.92, 49.959, 50, 50]
(1, 0.0, 0, 0, 1, 0, 0, 0, 2, 0, 0, 0, 0, 0, 0, 0, 2, 0);[49.92, 49.915, 50, 50]
(1, 1.0, 0, 0, 2, 0, 0, 0, 2, 0, 0, 0, 1, 0, 0, 0, 2, 0);[49.915, 50, 50, 50]
(0, 0.0, 0, 0, 2, 0, 0, 0, 2, 0, 0, 0, 1, 0, 0, 0, 2, 0);[49.914, 50, 50, 50]
(0, 0.0, 0, 1, 2, 0, 0, 0, 2, 0, 0, 0, 1, 0, 0, 0, 2, 0);[49.902, 50, 50, 50]
(0, 1.0, 0, 1, 2, 0, 0, 0, 2, 0, 0, 0, 2, 0, 0, 0, 2, 0);[49.893, 49.906, 50, 50]
(0, 1.0, 0, 1, 2, 0, 0, 0, 2, 0, 0, 1, 2, 0, 0, 0, 2, 0);[49.889, 49.906, 50, 50]
(1, 0.0, 0, 1, 2, 0, 0, 0, 2, 0, 0, 0, 2, 0, 0, 0, 2, 0);[49.913, 50, 50, 50]
(1, 0.0, 0, 0, 2, 0, 0, 0, 2, 0, 0, 0, 2, 0, 0, 0, 2, 0);[49.9, 50, 50, 50]
(1, 1.0, 0, 0, 2, 0, 0, 0, 2, 0, 0, 0, 2, 0, 0, 0, 2, 0);[49.902, 50, 50, 50]
(0, 0.0, 0, 1, 2, 0, 0, 0, 2, 0, 0, 0, 2, 0, 0, 0, 2, 0);[49.894, 49.895, 50, 50]
(1, 0.0, 0, 0, 2, 1, 0, 0, 2, 0, 0, 0, 2, 0, 0, 0, 2, 0);[49.895, 49.893, 50, 50]
(1, 1.0, 0, 0, 2, 1, 0, 0, 2, 0, 0, 0, 2, 1, 0, 0, 2, 0);[49.89, 49.877, 50.229, 50]
(0, 0.0, 0, 0, 2, 1, 0, 0, 2, 0, 0, 0, 2, 1, 0, 0, 2, 0);[49.887, 49.883, 50, 50]
(0, 1.0, 0, 0, 2, 1, 0, 0, 2, 0, 0, 0, 2, 1, 0, 0, 2, 0);[49.882, 49.88, 50, 50]
(1, 0.0, 0, 0, 2, 1, 0, 0, 2, 0, 0, 0, 2, 1, 0, 0, 2, 0);[49.882, 49.88, 50, 50]
(2, 0.0, 0, 0, 2, 1, 0, 0, 2, 0, 0, 0, 1, 1, 0, 0, 1, 0);[50.443, 50, 50, 50]
(2, 0.0, 0, 0, 1, 1, 0, 0, 1, 0, 0, 0, 0, 1, 0, 0, 0, 0);[50.294, 50, 50, 50]
(2, 1.0, 0, 1, 0, 1, 0, 0, 0, 0, 0, 0, 0, 1, 0, 0, 0, 0);[49.945, 50, 50, 50]
(0, 0.0, 0, 1, 0, 1, 0, 0, 0, 0, 0, 0, 0, 1, 0, 0, 0, 0);[49.919, 50, 50, 50]
(0, 0.0, 0, 1, 0, 1, 1, 0, 0, 0, 0, 1, 0, 1, 0, 0, 0, 0);[49.918, 50, 50, 50]
(0, 1.0, 0, 1, 0, 2, 1, 0, 0, 0, 0, 1, 0, 1, 0, 0, 0, 0);[49.922, 50, 50, 50]
(0, 1.0, 0, 1, 0, 2, 0, 0, 0, 0, 0, 1, 0, 1, 0, 0, 0, 0);[49.918, 50, 50, 50]
(0, 1.0, 0, 1, 0, 2, 0, 0, 0, 0, 0, 1, 0, 2, 0, 0, 0, 0);[49.911, 49.947, 50, 50]
(1, 0.0, 0, 1, 0, 2, 0, 0, 0, 0, 0, 0, 0, 2, 0, 0, 0, 0);[49.945, 49.915, 49.934, 50]
(1, 0.0, 0, 0, 0, 2, 0, 0, 0, 0, 0, 0, 0, 2, 0, 0, 0, 0);[49.915, 49.915, 50, 50]
(1, 1.0, 0, 0, 0, 2, 0, 0, 0, 0, 0, 0, 0, 2, 0, 0, 0, 0);[49.915, 49.915, 50.109, 50]
(0, 0.0, 0, 0, 0, 2, 0, 0, 0, 0, 0, 0, 0, 2, 0, 0, 0, 0);[49.915, 49.915, 49.915, 50]
(0, 1.0, 0, 0, 0, 2, 0, 0, 0, 0, 0, 0, 0, 2, 0, 0, 0, 0);[49.915, 49.913, 49.913, 50]
(1, 1.0, 0, 1, 0, 2, 0, 0, 0, 0, 0, 0, 0, 2, 0, 0, 0, 0);[49.913, 50, 50, 50]
(0, 0.0, 0, 1, 0, 2, 1, 0, 0, 0, 0, 0, 0, 2, 0, 0, 0, 0);[49.915, 50, 50, 50]
(0, 0.0, 0, 2, 0, 2, 1, 0, 0, 0, 0, 0, 0, 2, 0, 0, 0, 0);[49.914, 50, 50, 50]
(0, 1.0, 0, 2, 0, 2, 0, 0, 0, 0, 0, 1, 0, 2, 0, 0, 0, 0);[49.9, 50, 50, 50]
(0, 1.0, 0, 2, 0, 2, 0, 0, 0, 0, 0, 2, 0, 2, 0, 0, 0, 0);[49.891, 49.912, 50, 50]
(1, 0.0, 0, 2, 0, 2, 0, 0, 0, 0, 0, 1, 0, 2, 0, 0, 0, 0);[49.941, 50, 50, 50]
(2, 0.0, 0, 0, 0, 2, 0, 0, 0, 0, 0, 0, 0, 2, 0, 0, 0, 0);[49.918, 49.913, 50, 50]
(2, 0.0, 0, 0, 0, 2, 1, 0, 0, 0, 0, 0, 0, 2, 0, 0, 0, 0);[49.92, 50, 50, 50]
(2, 1.0, 0, 0, 0, 2, 1, 0, 0, 0, 0, 0, 0, 2, 0, 0, 0, 0);[49.939, 50, 50, 50]
(0, 0.0, 0, 0, 0, 2, 1, 0, 0, 0, 0, 0, 0, 2, 0, 0, 0, 0);[49.924, 50, 50, 50]
(2, 0.0, 0, 1, 0, 2, 0, 1, 0, 0, 0, 0, 0, 2, 0, 0, 0, 0);[49.914, 50, 50, 50]
(2, 1.0, 0, 1, 0, 2, 0, 1, 0, 0, 0, 0, 0, 2, 0, 0, 0, 0);[49.907, 50, 50, 50]
(0, 0.0, 0, 1, 0, 2, 0, 1, 0, 0, 0, 1, 0, 2, 0, 0, 0, 0);[49.903, 50, 50, 50]
(0, 0.0, 0, 1, 0, 2, 0, 1, 0, 0, 0, 1, 0, 2, 0, 1, 0, 0);[49.898, 50, 50, 50]
(0, 1.0, 0, 1, 0, 2, 1, 1, 0, 0, 0, 1, 0, 2, 0, 1, 0, 0);[49.9, 50, 50, 50]
(0, 1.0, 0, 1, 0, 2, 2, 1, 0, 0, 0, 1, 0, 2, 0, 1, 0, 0);[49.897, 50, 50, 50]
(0, 1.0, 0, 1, 0, 2, 2, 1, 0, 0, 0, 1, 0, 2, 1, 1, 0, 0);[49.886, 50, 50, 50]
(0, 1.0, 0, 1, 1, 2, 2, 1, 0, 0, 0, 1, 0, 2, 2, 1, 0, 0);[49.885, 50, 50, 50]
(0, 1.0, 0, 1, 2, 2, 2, 1, 0, 0, 0, 1, 0, 2, 2, 1, 0, 0);[49.883, 50, 50, 50]
(0, 1.0, 0, 1, 2, 3, 2, 1, 0, 0, 0, 1, 0, 2, 2, 1, 0, 0);[49.938, 50, 50, 50]
(0, 1.0, 0, 1, 2, 3, 1, 1, 0, 0, 0, 1, 2, 2, 0, 1, 0, 0);[49.9, 50, 50, 50]
(0, 1.0, 0, 1, 2, 3, 1, 1, 0, 0, 0, 1, 2, 3, 0, 1, 0, 0);[49.893, 50.017, 50, 50]
(1, 0.0, 0, 1, 2, 3, 1, 0, 0, 0, 0, 0, 2, 3, 1, 0, 0, 0);[49.993, 49.882, 50, 50]
(1, 1.0, 0, 2, 2, 3, 1, 0, 0, 0, 0, 0, 2, 3, 1, 0, 0, 0);[49.882, 50, 50, 50]
(0, 0.0, 0, 2, 2, 3, 1, 0, 0, 0, 0, 0, 2, 3, 1, 0, 0, 0);[49.871, 50, 50, 50]
(0, 0.0, 1, 2, 2, 3, 1, 0, 0, 0, 0, 1, 2, 3, 1, 0, 0, 0);[49.861, 50, 50, 50]
(0, 1.0, 1, 2, 2, 3, 1, 0, 0, 0, 0, 2, 2, 3, 1, 0, 0, 0);[49.861, 50, 50, 50]
(0, 1.0, 0, 2, 2, 3, 1, 0, 0, 0, 0, 2, 2, 3, 1, 0, 0, 0);[49.855, 49.877, 50, 50]
(1, 0.0, 0, 2, 2, 3, 2, 0, 0, 0, 0, 1, 2, 3, 1, 0, 0, 0);[49.914, 50, 50, 50]
(1, 0.0, 0, 1, 2, 3, 2, 0, 0, 0, 0, 0, 2, 3, 1, 0, 0, 0);[49.897, 50, 50, 50]
(1, 1.0, 0, 0, 2, 3, 2, 0, 0, 0, 0, 0, 2, 3, 2, 0, 0, 0);[49.883, 49.871, 50.031, 50]
(0, 0.0, 0, 0, 2, 3, 2, 0, 0, 0, 0, 0, 2, 3, 2, 0, 0, 0);[49.87, 49.865, 49.865, 50]
(0, 0.0, 0, 1, 2, 3, 2, 0, 0, 0, 0, 0, 2, 3, 2, 0, 0, 0);[49.866, 50, 50, 50]
(0, 1.0, 0, 1, 2, 3, 2, 0, 0, 0, 0, 0, 2, 3, 2, 0, 0, 0);[49.863, 50, 50, 50]
(0, 1.0, 0, 1, 2, 3, 2, 0, 0, 0, 0, 1, 2, 3, 2, 0, 0, 0);[49.86, 49.883, 50, 50]
(1, 0.0, 0, 0, 2, 3, 2, 0, 0, 0, 0, 0, 2, 3, 2, 0, 0, 0);[49.876, 49.87, 49.87, 49.87]
(1, 1.0, 1, 0, 2, 3, 2, 0, 0, 0, 0, 0, 2, 3, 2, 0, 0, 0);[49.869, 50, 50, 50]
(0, 1.0, 0, 0, 2, 3, 2, 0, 0, 0, 0, 0, 2, 3, 2, 0, 0, 0);[49.865, 49.889, 50, 50]
(2, 0.0, 0, 0, 1, 3, 2, 0, 0, 0, 0, 0, 0, 3, 2, 0, 0, 0);[50.19, 50, 50, 50]
(2, 0.0, 0, 0, 0, 3, 2, 0, 0, 0, 0, 0, 0, 3, 2, 0, 0, 0);[50.036, 50, 50, 50]
(2, 1.0, 0, 0, 0, 3, 2, 0, 0, 0, 0, 0, 0, 3, 2, 0, 0, 0);[49.899, 50, 50, 50]
(0, 0.0, 0, 0, 0, 4, 2, 0, 0, 0, 0, 0, 0, 3, 2, 0, 0, 0);[49.89, 50.067, 50, 50]
(0, 1.0, 0, 0, 0, 4, 1, 0, 0, 0, 0, 0, 0, 4, 1, 0, 0, 0);[49.897999999999996, 49.885, 49.929, 51.059]
(0, 1.0, 0, 0, 0, 4, 1, 0, 0, 0, 0, 0, 0, 4, 0, 0, 0, 0);[49.889, 50, 50, 50]
(1, 0.0, 0, 0, 0, 4, 1, 0, 0, 0, 0, 0, 0, 4, 1, 0, 0, 0);[49.885, 49.885, 50, 50]
(1, 1.0, 0, 0, 0, 4, 1, 0, 0, 0, 0, 0, 0, 4, 1, 0, 0, 0);[49.885, 50, 50, 50]
(0, 0.0, 0, 0, 0, 4, 1, 0, 0, 0, 0, 0, 0, 4, 1, 0, 0, 0);[49.885, 49.89, 49.89, 50]
(0, 0.0, 1, 0, 0, 4, 1, 0, 0, 0, 0, 0, 0, 4, 1, 0, 0, 0);[49.885, 50, 50, 50]
(2, 0.0, 0, 0, 0, 4, 1, 0, 0, 0, 0, 0, 0, 4, 1, 0, 0, 0);[49.89, 49.89, 50, 50]
(2, 1.0, 0, 0, 0, 4, 1, 0, 0, 0, 0, 0, 0, 4, 1, 0, 0, 0);[49.89, 50, 50, 50]
(3, 0.0, 0, 0, 0, 3, 1, 0, 0, 0, 0, 0, 0, 2, 1, 0, 0, 0);[51.4, 50, 50, 50]
(3, 0.0, 0, 0, 0, 1, 1, 0, 0, 0, 0, 0, 0, 0, 1, 0, 0, 0);[50.432, 50, 50, 50]
(3, 1.0, 0, 0, 0, 0, 2, 0, 0, 0, 0, 0, 0, 0, 1, 0, 0, 0);[49.929, 50, 50, 50]
(0, 0.0, 0, 0, 0, 0, 2, 0, 0, 0, 0, 0, 0, 0, 1, 0, 0, 0);[49.917, 50, 50, 50]
(0, 0.0, 0, 0, 0, 0, 2, 0, 0, 0, 0, 0, 0, 0, 2, 0, 0, 0);[49.915, 49.92, 49.92, 50]
(0, 1.0, 0, 0, 0, 0, 2, 0, 0, 0, 0, 0, 0, 0, 2, 0, 0, 0);[49.915, 49.933, 49.92, 50]
(2, 0.0, 0, 0, 0, 0, 2, 0, 0, 0, 0, 0, 0, 0, 2, 0, 0, 0);[49.92, 49.92, 49.92, 49.92]
(2, 1.0, 0, 0, 0, 0, 2, 0, 0, 0, 0, 0, 0, 0, 2, 0, 0, 0);[49.92, 49.912575, 50, 50]
(3, 0.0, 0, 0, 0, 0, 2, 0, 0, 0, 0, 0, 0, 0, 2, 0, 0, 0);[49.921, 50, 50, 50]
(3, 0.0, 0, 0, 0, 0, 3, 0, 0, 0, 0, 0, 0, 0, 2, 0, 0, 0);[49.925, 50, 50, 50]
(3, 1.0, 0, 0, 0, 0, 3, 0, 0, 0, 0, 0, 0, 0, 2, 0, 0, 0);[49.922, 50, 50, 50]
(0, 0.0, 0, 0, 0, 0, 3, 0, 0, 0, 0, 0, 0, 0, 3, 0, 0, 0);[49.915, 50, 50, 50]
(0, 0.0, 0, 0, 0, 0, 3, 1, 0, 0, 0, 0, 0, 0, 3, 0, 0, 0);[49.915, 50, 50, 50]
(0, 1.0, 0, 0, 0, 0, 3, 1, 0, 0, 0, 0, 0, 0, 3, 0, 0, 0);[49.915, 49.914, 50, 50]
(1, 0.0, 0, 0, 0, 0, 3, 1, 0, 0, 0, 0, 0, 0, 3, 0, 0, 0);[49.916, 50, 50, 50]
(1, 0.0, 0, 0, 0, 0, 3, 0, 0, 0, 0, 0, 0, 0, 3, 0, 0, 0);[49.915, 50, 50, 50]
(1, 1.0, 0, 0, 0, 0, 3, 0, 0, 0, 0, 0, 0, 0, 3, 0, 0, 0);[49.915, 50, 50, 50]
(0, 0.0, 0, 0, 0, 0, 4, 0, 0, 0, 0, 0, 0, 0, 3, 0, 0, 0);[49.915, 49.91, 50, 50]
(0, 1.0, 0, 0, 0, 0, 4, 0, 0, 0, 0, 0, 0, 0, 4, 0, 0, 0);[49.905, 49.9, 49.935, 50]
(1, 0.0, 0, 0, 0, 0, 4, 0, 0, 0, 0, 0, 0, 0, 4, 0, 0, 0);[49.898, 50, 50, 50]
(1, 0.0, 1, 0, 0, 0, 4, 0, 0, 0, 0, 0, 0, 0, 4, 0, 0, 0);[49.9, 50, 50, 50]
(1, 1.0, 2, 0, 0, 0, 4, 0, 0, 0, 0, 0, 0, 0, 4, 0, 0, 0);[49.902, 50, 50, 50]
(0, 0.0, 2, 0, 0, 0, 4, 0, 0, 0, 0, 0, 0, 0, 4, 0, 0, 0);[49.9, 50, 50, 50]
(0, 0.0, 1, 0, 0, 0, 4, 0, 0, 0, 0, 0, 0, 0, 4, 0, 0, 0);[49.9, 50, 50, 50]
(2, 0.0, 0, 0, 0, 0, 4, 0, 0, 0, 0, 0, 0, 0, 4, 0, 0, 0);[49.905, 49.905, 50, 50]
(2, 1.0, 0, 0, 0, 0, 4, 0, 0, 0, 0, 0, 0, 0, 4, 0, 0, 0);[49.905, 50, 50, 50]
(0, 0.0, 0, 0, 0, 0, 5, 0, 0, 0, 0, 0, 0, 0, 4, 0, 0, 0);[49.903, 50, 50, 50]
(0, 0.0, 0, 0, 0, 0, 6, 0, 0, 0, 0, 0, 0, 0, 5, 0, 0, 0);[49.895, 50, 50, 50]
(0, 1.0, 0, 0, 0, 0, 6, 0, 0, 0, 0, 0, 0, 0, 6, 0, 0, 0);[49.89, 49.89, 49.905, 50]
(1, 0.0, 0, 0, 0, 0, 6, 0, 0, 0, 0, 0, 0, 0, 6, 0, 0, 0);[49.89, 49.888, 50, 50]
(1, 1.0, 0, 0, 0, 0, 6, 0, 0, 0, 0, 0, 0, 0, 6, 0, 0, 0);[49.885, 50, 50, 50]
(0, 0.0, 0, 0, 0, 0, 6, 0, 0, 0, 0, 0, 0, 0, 6, 0, 0, 0);[49.885, 49.885, 49.888, 50]
(2, 0.0, 0, 0, 0, 0, 6, 0, 0, 0, 0, 0, 0, 0, 6, 0, 0, 0);[49.89, 49.892, 50, 50]
(2, 1.0, 0, 0, 0, 0, 6, 0, 0, 0, 0, 0, 0, 0, 6, 0, 0, 0);[49.89, 50, 50, 50]
(0, 0.0, 1, 0, 0, 0, 6, 0, 0, 0, 0, 0, 0, 0, 6, 0, 0, 0);[49.889, 50, 50, 50]
(0, 1.0, 1, 0, 0, 0, 8, 0, 0, 0, 0, 0, 0, 0, 6, 0, 0, 0);[49.88, 50, 50, 50]
(0, 1.0, 0, 0, 0, 0, 8, 0, 0, 0, 0, 0, 0, 0, 8, 0, 0, 0);[49.875, 49.875, 49.888, 50]
(1, 0.0, 0, 0, 0, 0, 8, 0, 0, 0, 0, 0, 0, 0, 8, 0, 0, 0);[49.873, 49.875, 50, 50]
(1, 1.0, 0, 0, 0, 0, 8, 0, 0, 0, 0, 0, 0, 0, 8, 0, 0, 0);[49.874, 50, 50, 50]
(0, 0.0, 0, 0, 0, 0, 8, 0, 0, 0, 0, 0, 0, 0, 8, 0, 0, 0);[49.87, 49.87, 49.88, 49.88]
(2, 0.0, 0, 0, 0, 0, 8, 0, 0, 0, 0, 0, 0, 0, 8, 0, 0, 0);[49.875, 49.875, 50, 50]
(2, 1.0, 0, 0, 0, 0, 8, 0, 0, 0, 0, 0, 0, 0, 8, 0, 0, 0);[49.876, 50, 50, 50]
(0, 1.0, 0, 0, 0, 0, 9, 0, 0, 0, 0, 0, 0, 0, 8, 0, 0, 0);[49.871, 50, 50, 50]
(0, 1.0, 0, 0, 0, 0, 9, 0, 0, 0, 0, 0, 0, 0, 9, 0, 0, 0);[49.87, 49.868, 49.87, 50]
(1, 0.0, 0, 0, 1, 0, 9, 0, 0, 0, 0, 0, 0, 0, 9, 0, 0, 0);[49.87, 50, 50, 50]
(1, 0.0, 0, 0, 2, 0, 9, 0, 0, 0, 0, 0, 0, 0, 9, 0, 0, 0);[49.869, 50, 50, 50]
(1, 1.0, 0, 0, 2, 0, 9, 0, 0, 0, 0, 0, 0, 0, 9, 0, 0, 0);[49.857, 50, 50, 50]
(0, 0.0, 0, 0, 2, 0, 9, 0, 0, 0, 0, 0, 1, 0, 9, 0, 0, 0);[49.846000000000004, 50, 50, 50]
(0, 0.0, 0, 0, 2, 0, 9, 0, 0, 0, 0, 0, 2, 0, 9, 0, 0, 0);[49.845, 50, 50, 50]
(0, 1.0, 0, 0, 2, 0, 9, 0, 0, 0, 0, 0, 2, 0, 9, 0, 0, 0);[49.845, 49.845, 49.906, 50]
(1, 0.0, 0, 0, 2, 0, 9, 0, 0, 0, 0, 0, 2, 0, 9, 0, 0, 0);[49.845, 49.845, 50, 50]
(1, 1.0, 0, 0, 2, 0, 9, 0, 0, 0, 0, 0, 2, 0, 9, 0, 0, 0);[49.843, 50, 50, 50]
(0, 0.0, 1, 0, 2, 0, 9, 0, 0, 0, 0, 0, 2, 0, 9, 0, 0, 0);[49.845, 49.847, 50, 50]
(2, 0.0, 0, 0, 2, 0, 9, 0, 0, 0, 0, 0, 1, 0, 9, 0, 0, 0);[49.974000000000004, 50, 50, 50]
(2, 0.0, 0, 0, 1, 0, 9, 0, 0, 0, 0, 0, 0, 0, 9, 0, 0, 0);[49.968, 50, 50, 50]
(2, 1.0, 0, 0, 0, 0, 9, 0, 0, 0, 0, 0, 0, 0, 9, 0, 0, 0);[49.872, 49.872, 50, 50]
(0, 0.0, 0, 0, 0, 0, 9, 0, 0, 0, 0, 0, 0, 0, 9, 0, 0, 0);[49.87, 49.87, 50, 50]
(2, 0.0, 0, 0, 0, 0, 9, 0, 0, 0, 0, 0, 0, 0, 9, 0, 0, 0);[49.868, 49.87, 50, 50]
(1, 0.0, 0, 0, 0, 0, 9, 0, 0, 0, 0, 0, 0, 0, 9, 0, 0, 0);[49.87, 49.87, 50, 50]
(1, 1.0, 0, 0, 0, 0, 9, 0, 0, 0, 0, 0, 0, 0, 9, 0, 0, 0);[50.619, 50, 50, 50]
(0, 0.0, 0, 0, 0, 0, 8, 0, 0, 0, 0, 0, 0, 0, 7, 0, 0, 0);[51.336, 50, 50, 50]
(0, 0.0, 0, 0, 0, 0, 7, 0, 0, 0, 0, 0, 0, 0, 4, 0, 0, 0);[51.201, 50, 50, 50]
(0, 1.0, 0, 0, 0, 0, 5, 0, 0, 0, 0, 0, 0, 0, 1, 0, 0, 0);[50.637, 50, 50, 50]
(0, 1.0, 0, 0, 0, 0, 4, 0, 1, 0, 0, 0, 0, 0, 0, 0, 0, 0);[50.805, 50, 50, 50]
(0, 1.0, 0, 1, 0, 0, 2, 0, 1, 0, 0, 0, 0, 0, 0, 0, 0, 0);[50.598, 50, 50, 50]
(0, 1.0, 0, 1, 0, 0, 1, 0, 1, 0, 0, 0, 0, 0, 0, 0, 1, 0);[50.242, 50, 50, 50]
(0, 1.0, 0, 1, 0, 0, 0, 0, 1, 0, 0, 1, 0, 0, 0, 0, 1, 0);[49.934, 49.91073422913197, 50, 50]
(2, 1.0, 0, 0, 1, 0, 1, 0, 0, 0, 0, 0, 0, 0, 1, 0, 0, 0);[49.9805603459691, 50, 50, 50]
(3, 1.0, 0, 0, 1, 0, 1, 0, 0, 0, 0, 0, 1, 0, 0, 0, 0, 0);[49.94, 49.925, 50.037, 50]
(0, 0.0, 0, 0, 1, 0, 1, 0, 0, 0, 0, 0, 1, 0, 0, 0, 0, 0);[49.902742404242794, 50, 50, 50]
(1, 1.0, 0, 1, 2, 0, 1, 0, 0, 0, 0, 0, 1, 0, 1, 0, 0, 0);[49.979, 50, 50, 50]
(0, 0.0, 0, 1, 2, 0, 0, 0, 0, 0, 0, 0, 1, 0, 0, 0, 0, 0);[49.935, 50, 50, 50]
(0, 0.0, 0, 1, 2, 0, 0, 0, 0, 0, 0, 0, 2, 0, 0, 0, 0, 0);[49.917, 50, 50, 50]
(0, 1.0, 0, 1, 2, 0, 0, 0, 0, 0, 0, 1, 2, 0, 0, 0, 0, 0);[49.913, 49.925, 50, 50]
(1, 0.0, 0, 0, 3, 0, 0, 0, 0, 0, 0, 0, 2, 0, 0, 0, 0, 0);[49.931, 50, 50, 50]
(1, 0.0, 0, 0, 5, 0, 0, 0, 0, 0, 0, 0, 2, 0, 0, 0, 0, 0);[49.915, 50, 50, 50]
(1, 1.0, 0, 0, 5, 0, 0, 0, 0, 0, 0, 0, 2, 0, 0, 0, 0, 0);[49.906, 50, 50, 50]
(0, 0.0, 0, 0, 5, 0, 0, 0, 0, 0, 0, 0, 4, 0, 0, 0, 0, 0);[49.895, 50, 50, 50]
(0, 0.0, 0, 0, 5, 0, 0, 0, 0, 0, 0, 0, 5, 0, 0, 0, 0, 0);[49.895, 50, 50, 50]
(0, 1.0, 0, 0, 5, 0, 0, 0, 0, 0, 0, 0, 5, 0, 0, 0, 0, 0);[49.895, 49.895, 50, 50]
(1, 0.0, 0, 0, 5, 0, 0, 0, 0, 0, 0, 0, 5, 0, 0, 0, 0, 0);[49.895, 49.895, 50, 50]
(1, 1.0, 0, 0, 5, 0, 0, 0, 0, 1, 0, 0, 5, 0, 0, 0, 0, 0);[49.891, 50, 50, 50]
(0, 0.0, 0, 0, 6, 0, 1, 0, 0, 1, 0, 0, 5, 0, 0, 0, 0, 0);[49.893, 49.883, 50, 50]
(0, 1.0, 0, 0, 6, 0, 0, 0, 1, 1, 0, 0, 6, 0, 0, 0, 0, 1);[49.877, 50, 50, 50]
(0, 1.0, 0, 0, 6, 0, 0, 0, 2, 1, 0, 0, 6, 0, 0, 0, 0, 1);[49.875, 49.88, 50, 50]
(1, 0.0, 0, 0, 6, 0, 0, 0, 2, 1, 0, 0, 6, 0, 0, 0, 1, 1);[49.862, 50, 50, 50]
(1, 0.0, 0, 0, 6, 0, 0, 0, 2, 1, 0, 0, 6, 0, 0, 0, 2, 1);[49.868, 49.86, 49.853, 50]
(1, 1.0, 0, 0, 6, 0, 0, 0, 2, 1, 0, 0, 6, 0, 0, 0, 2, 1);[49.865, 49.848, 50, 50]
(0, 0.0, 0, 0, 6, 0, 0, 0, 2, 1, 0, 0, 6, 0, 0, 0, 2, 1);[49.847, 49.86, 49.86, 50]
(0, 1.0, 0, 0, 6, 0, 0, 0, 2, 1, 0, 0, 6, 0, 0, 0, 2, 1);[49.858, 49.859, 50, 50]
(1, 1.0, 0, 0, 6, 0, 1, 0, 2, 1, 0, 0, 6, 0, 0, 0, 2, 1);[49.88, 50, 50, 50]
(0, 0.0, 0, 0, 6, 0, 1, 0, 2, 1, 0, 0, 6, 0, 0, 0, 2, 1);[49.86, 50, 50, 50]
(0, 1.0, 0, 0, 6, 0, 0, 0, 2, 2, 0, 0, 6, 0, 0, 0, 2, 1);[49.857, 50, 50, 50]
(0, 1.0, 0, 0, 6, 0, 0, 0, 2, 3, 0, 0, 6, 0, 0, 0, 2, 1);[49.848, 50, 50, 50]
(0, 1.0, 0, 0, 6, 0, 0, 0, 2, 3, 0, 0, 6, 0, 0, 0, 2, 2);[49.842, 50, 50, 50]
(0, 1.0, 0, 0, 6, 0, 0, 0, 2, 3, 0, 0, 6, 0, 0, 0, 2, 3);[49.84, 49.838, 50.387, 50]
(1, 0.0, 0, 0, 6, 0, 1, 0, 2, 3, 0, 0, 6, 0, 0, 0, 2, 3);[49.838, 50, 50, 50]
(1, 0.0, 0, 0, 6, 0, 2, 0, 2, 3, 0, 0, 6, 0, 0, 0, 2, 3);[49.834, 50, 50, 50]
(1, 1.0, 0, 0, 6, 0, 3, 0, 2, 3, 0, 0, 6, 0, 1, 0, 2, 3);[49.844, 50, 50, 50]
(0, 0.0, 0, 0, 6, 0, 3, 0, 2, 3, 0, 0, 6, 0, 0, 0, 2, 3);[49.843, 50, 50, 50]
(0, 0.0, 0, 0, 6, 0, 2, 0, 2, 3, 0, 0, 6, 0, 0, 0, 2, 3);[49.835, 50, 50, 50]
(2, 0.0, 0, 0, 5, 0, 0, 0, 2, 3, 0, 0, 4, 0, 0, 0, 1, 3);[50.708, 50, 50, 50]
(2, 0.0, 0, 1, 4, 0, 0, 0, 1, 3, 0, 0, 1, 0, 0, 0, 0, 3);[50.734, 50, 50, 50]
(2, 1.0, 0, 1, 2, 0, 0, 0, 0, 3, 0, 0, 0, 0, 0, 0, 0, 3);[49.923, 50, 50, 50]
(0, 0.0, 0, 1, 2, 0, 0, 0, 0, 3, 0, 1, 0, 0, 0, 0, 0, 3);[49.896, 50, 50, 50]
(0, 0.0, 0, 1, 2, 0, 0, 0, 0, 3, 0, 1, 2, 0, 0, 0, 0, 3);[49.886, 50, 50, 50]
(0, 1.0, 0, 1, 2, 0, 0, 0, 0, 3, 0, 1, 2, 0, 0, 0, 0, 3);[49.885, 49.935, 50, 50]
(1, 0.0, 0, 0, 2, 0, 0, 0, 0, 3, 0, 0, 2, 0, 0, 0, 0, 3);[49.917, 49.895, 50, 50]
(1, 1.0, 0, 0, 2, 0, 0, 0, 0, 3, 0, 0, 2, 0, 0, 0, 0, 3);[49.895, 50, 50, 50]
(0, 0.0, 0, 0, 2, 0, 0, 0, 0, 3, 0, 0, 2, 0, 0, 0, 0, 3);[49.895, 49.895, 50, 50]
(0, 1.0, 0, 0, 2, 0, 0, 0, 0, 3, 0, 0, 2, 0, 0, 0, 0, 3);[49.895, 49.893, 50, 50]
(1, 0.0, 0, 0, 4, 0, 0, 0, 0, 3, 0, 0, 2, 0, 0, 0, 0, 3);[49.895, 49.89, 50, 50]
(1, 1.0, 0, 0, 4, 0, 0, 0, 0, 3, 0, 0, 3, 0, 0, 0, 0, 3);[49.886, 50, 50, 50]
(0, 0.0, 0, 0, 4, 0, 0, 0, 0, 3, 0, 0, 4, 0, 0, 0, 0, 3);[49.887, 49.885, 50, 50]
(0, 1.0, 0, 0, 4, 0, 0, 0, 0, 4, 0, 0, 4, 0, 0, 0, 0, 3);[49.885, 49.882, 50, 50]
(1, 0.0, 0, 0, 4, 0, 0, 0, 0, 4, 0, 0, 4, 0, 0, 0, 0, 4);[49.878, 49.88, 49.88, 49.88]
(1, 0.0, 0, 0, 4, 0, 1, 0, 0, 4, 0, 0, 4, 0, 0, 0, 0, 4);[49.88, 50, 50, 50]
(1, 1.0, 0, 0, 4, 0, 2, 0, 0, 4, 0, 0, 4, 0, 0, 0, 0, 4);[49.882, 50, 50, 50]
(0, 0.0, 0, 0, 4, 0, 1, 0, 0, 4, 0, 0, 4, 0, 0, 0, 0, 4);[49.878, 49.88, 49.884, 50]
(0, 0.0, 0, 1, 4, 0, 0, 0, 0, 4, 0, 0, 4, 0, 0, 0, 0, 4);[49.88, 50, 50, 50]
(0, 1.0, 0, 1, 4, 0, 0, 0, 0, 4, 0, 0, 4, 0, 0, 0, 0, 4);[49.878, 49.884, 50, 50]
(1, 0.0, 0, 1, 4, 0, 0, 0, 0, 4, 0, 0, 4, 0, 0, 0, 0, 4);[49.88, 50, 50, 50]
(1, 1.0, 0, 0, 4, 0, 0, 0, 0, 4, 0, 0, 4, 0, 0, 0, 0, 4);[49.876, 49.88, 50.251, 50]
(0, 1.0, 0, 0, 4, 0, 0, 0, 0, 4, 0, 0, 4, 0, 0, 0, 0, 4);[49.876, 49.884, 50.17104, 50]
(2, 0.0, 0, 0, 3, 0, 0, 0, 0, 4, 0, 0, 2, 0, 0, 0, 0, 4);[50.868, 50, 50, 50]
(2, 0.0, 0, 0, 1, 0, 1, 0, 0, 4, 0, 0, 0, 0, 0, 0, 0, 4);[50.358, 50, 50, 50]
(2, 1.0, 0, 0, 0, 0, 1, 0, 0, 4, 0, 0, 0, 0, 0, 0, 0, 4);[49.917, 50, 50, 50]
(0, 0.0, 0, 0, 0, 0, 0, 0, 0, 4, 0, 0, 0, 0, 0, 0, 0, 4);[49.91, 49.91, 49.8405, 49.838499999999996]
(0, 1.0, 0, 0, 0, 0, 0, 0, 0, 4, 0, 0, 0, 0, 0, 0, 0, 4);[49.908, 49.913, 49.913, 50.522]
(0, 1.0, 0, 0, 1, 0, 0, 0, 0, 4, 0, 0, 0, 0, 0, 0, 0, 4);[49.91, 50, 50, 50]
(0, 1.0, 0, 0, 2, 0, 0, 0, 0, 4, 0, 0, 0, 0, 0, 0, 0, 4);[49.908, 50, 50, 50]
(0, 1.0, 0, 0, 2, 0, 0, 0, 0, 4, 0, 0, 1, 0, 0, 0, 0, 4);[49.897, 50, 50, 50]
(0, 1.0, 0, 0, 2, 0, 0, 0, 0, 4, 0, 0, 2, 0, 0, 0, 0, 4);[49.89, 49.895, 49.95, 50]
(1, 0.0, 0, 0, 3, 0, 0, 0, 0, 4, 0, 0, 2, 0, 0, 0, 0, 4);[49.895, 49.89, 50, 50]
(1, 1.0, 0, 0, 4, 0, 0, 0, 0, 4, 0, 0, 3, 0, 0, 0, 0, 4);[49.889, 50, 50, 50]
(0, 0.0, 0, 0, 4, 0, 0, 0, 0, 4, 0, 0, 4, 0, 0, 0, 0, 4);[49.885, 49.885, 50, 50]
(2, 0.0, 0, 0, 2, 0, 0, 0, 0, 4, 0, 0, 0, 0, 0, 0, 0, 4);[49.998, 50, 50, 50]
(2, 1.0, 0, 0, 1, 0, 0, 0, 0, 4, 0, 0, 0, 0, 0, 0, 0, 4);[49.932, 50, 50, 50]
(0, 0.0, 0, 0, 2, 0, 0, 0, 0, 4, 0, 0, 0, 0, 0, 0, 0, 4);[49.923, 50, 50, 50]
(0, 0.0, 0, 0, 2, 0, 0, 0, 0, 4, 0, 0, 1, 0, 0, 0, 0, 4);[49.916, 50, 50, 50]
(2, 0.0, 0, 0, 1, 0, 0, 0, 0, 4, 0, 0, 0, 0, 0, 0, 0, 4);[49.885, 50, 50, 50]
(2, 0.0, 0, 0, 0, 0, 0, 0, 0, 4, 0, 0, 0, 0, 0, 0, 0, 4);[49.892, 50, 50, 50]
(2, 1.0, 0, 0, 0, 0, 0, 0, 0, 4, 0, 0, 0, 0, 0, 0, 0, 4);[49.915, 50, 50, 50]
(1, 0.0, 0, 0, 0, 0, 1, 0, 0, 4, 0, 0, 0, 0, 0, 0, 0, 4);[49.91, 50, 50, 50]
(1, 0.0, 0, 0, 0, 0, 2, 0, 0, 4, 0, 0, 0, 0, 0, 0, 0, 4);[49.908, 50, 50, 50]
(1, 1.0, 0, 0, 0, 0, 2, 0, 0, 4, 0, 0, 0, 0, 1, 0, 0, 4);[49.918, 50, 50, 50]
(0, 0.0, 0, 0, 0, 0, 1, 0, 0, 4, 0, 0, 0, 0, 0, 0, 0, 4);[49.915585, 50, 50, 50]
(2, 0.0, 1, 0, 0, 0, 0, 0, 0, 4, 0, 0, 0, 0, 0, 0, 0, 4);[49.915, 49.915, 50, 50]
(2, 1.0, 1, 0, 0, 0, 0, 0, 0, 4, 0, 0, 0, 0, 0, 0, 0, 4);[49.916, 50, 50, 50]
(0, 0.0, 1, 0, 0, 0, 0, 0, 0, 4, 0, 0, 0, 0, 0, 0, 0, 4);[49.907585, 50, 50, 50]
(3, 0.0, 0, 0, 0, 0, 0, 0, 0, 3, 0, 0, 0, 0, 0, 0, 0, 2);[50.936, 50, 50, 50]
(3, 0.0, 0, 0, 0, 0, 1, 0, 0, 2, 0, 0, 0, 0, 0, 0, 0, 0);[51.27051207964759, 50, 50, 50]
(3, 0.0, 0, 0, 1, 0, 2, 0, 0, 0, 0, 0, 0, 0, 1, 0, 0, 0);[49.935, 50, 50, 50]
(3, 1.0, 0, 0, 1, 0, 2, 0, 0, 0, 0, 0, 0, 0, 1, 0, 0, 0);[50.006, 50, 50, 50]
(0, 0.0, 0, 0, 1, 0, 2, 0, 0, 0, 0, 0, 0, 0, 0, 0, 0, 0);[50.013, 50, 50, 50]
(0, 0.0, 0, 1, 1, 0, 1, 0, 0, 0, 0, 0, 1, 0, 0, 0, 0, 0);[49.94, 50, 50, 50]
(0, 1.0, 0, 1, 1, 0, 0, 0, 0, 0, 0, 0, 1, 0, 0, 0, 0, 0);[49.936, 50, 50, 50]
(0, 1.0, 0, 1, 1, 0, 0, 0, 0, 0, 0, 1, 1, 0, 0, 0, 0, 0);[49.93, 49.90902765137388, 50, 50]
(3, 0.0, 0, 0, 1, 0, 1, 0, 0, 0, 0, 0, 1, 0, 0, 0, 0, 0);[49.938, 50, 50, 50]
(2, 0.0, 0, 0, 1, 0, 1, 0, 0, 0, 0, 0, 0, 0, 0, 0, 0, 0);[49.90926233137516, 50, 50, 50]
(2, 1.0, 0, 0, 0, 0, 3, 0, 0, 0, 0, 0, 0, 0, 1, 0, 0, 0);[50.007, 50, 50, 50]
(0, 1.0, 0, 0, 0, 0, 0, 0, 0, 1, 0, 0, 0, 0, 0, 0, 0, 0);[49.945, 49.944, 50, 50]
(1, 0.0, 0, 0, 0, 0, 0, 0, 0, 1, 0, 0, 0, 0, 0, 0, 0, 1);[49.938, 50, 50, 50]
(1, 0.0, 0, 0, 1, 0, 0, 0, 0, 1, 0, 0, 0, 0, 0, 0, 0, 1);[49.94, 50, 50, 50]
(1, 1.0, 0, 0, 2, 0, 0, 0, 0, 1, 0, 0, 0, 0, 0, 0, 0, 1);[49.939, 50, 50, 50]
(0, 0.0, 0, 0, 2, 0, 0, 0, 0, 1, 0, 0, 0, 0, 0, 0, 0, 1);[49.929, 50, 50, 50]
(0, 0.0, 0, 0, 2, 0, 0, 0, 0, 1, 0, 0, 1, 0, 0, 0, 0, 1);[49.914, 50, 50, 50]
(0, 1.0, 0, 0, 2, 0, 0, 0, 0, 1, 0, 0, 2, 0, 0, 0, 0, 1);[49.91, 49.91, 50, 50]
(1, 0.0, 0, 0, 2, 0, 0, 0, 0, 1, 0, 0, 2, 0, 0, 0, 0, 1);[49.908, 50, 50, 50]
(1, 0.0, 0, 0, 3, 0, 0, 0, 0, 2, 0, 0, 2, 0, 0, 0, 0, 1);[49.91, 50, 50, 50]
(1, 1.0, 0, 0, 3, 0, 1, 0, 0, 2, 0, 0, 2, 0, 0, 0, 0, 1);[49.902, 50, 50, 50]
(0, 0.0, 0, 0, 3, 0, 1, 0, 0, 2, 0, 0, 3, 0, 0, 0, 0, 1);[49.895, 50, 50, 50]
(0, 0.0, 0, 0, 3, 0, 0, 0, 0, 2, 0, 0, 3, 0, 0, 0, 0, 2);[49.895, 50, 50, 50]
(0, 1.0, 0, 0, 3, 0, 0, 0, 0, 2, 0, 0, 3, 0, 0, 0, 0, 2);[49.893, 50, 50, 50.038]
(3, 0.0, 0, 0, 3, 0, 0, 0, 0, 2, 0, 0, 3, 0, 0, 0, 0, 0);[50.012, 50, 50, 50]
(3, 0.0, 0, 0, 3, 0, 0, 0, 0, 1, 0, 0, 3, 0, 0, 0, 0, 0);[49.935, 50, 50, 50]
(3, 1.0, 0, 0, 3, 0, 0, 0, 1, 0, 0, 0, 3, 0, 0, 0, 0, 0);[49.915, 50, 50, 50]
(0, 0.0, 0, 0, 3, 0, 0, 0, 1, 0, 0, 0, 3, 0, 0, 0, 0, 0);[49.912, 50, 50, 50]
(0, 0.0, 0, 0, 3, 0, 0, 0, 1, 0, 0, 0, 3, 0, 0, 0, 1, 0);[49.905, 49.895, 50, 50]
(0, 1.0, 0, 0, 3, 0, 0, 0, 1, 0, 0, 0, 3, 0, 0, 0, 1, 0);[49.903, 49.905, 50.09, 50]
(1, 1.0, 0, 0, 3, 0, 1, 0, 1, 0, 0, 0, 3, 0, 0, 0, 1, 0);[49.895, 50, 50, 50]
(0, 0.0, 0, 0, 3, 0, 1, 0, 1, 0, 0, 0, 3, 0, 0, 0, 1, 0);[49.895, 50, 50, 50]
(2, 0.0, 0, 0, 2, 0, 0, 0, 1, 1, 0, 0, 1, 0, 0, 0, 0, 0);[50.254, 50, 50, 50]
(2, 0.0, 0, 0, 2, 0, 0, 0, 0, 1, 0, 0, 0, 0, 0, 0, 0, 0);[50.056, 50, 50, 50]
(2, 1.0, 0, 0, 3, 0, 0, 0, 0, 1, 0, 0, 0, 0, 0, 0, 0, 1);[49.924, 50, 50, 50]
(0, 0.0, 0, 0, 3, 1, 0, 0, 0, 1, 0, 0, 1, 0, 0, 0, 0, 1);[49.912, 50, 50, 50]
(0, 0.0, 0, 0, 3, 1, 0, 0, 0, 1, 0, 0, 3, 0, 0, 0, 0, 1);[49.905, 50, 50, 50]
(0, 1.0, 0, 0, 3, 1, 0, 0, 0, 1, 0, 0, 3, 0, 0, 0, 0, 1);[49.903, 50, 50, 50]
(0, 1.0, 0, 0, 3, 1, 0, 0, 0, 1, 0, 0, 3, 1, 0, 0, 0, 1);[49.9, 49.9, 50, 50]
(1, 0.0, 0, 0, 3, 1, 0, 0, 0, 1, 0, 0, 3, 1, 0, 0, 0, 1);[49.9, 49.896, 50, 50]
(1, 1.0, 0, 0, 3, 1, 0, 0, 0, 1, 0, 0, 3, 1, 0, 0, 0, 1);[49.9, 50, 50, 50]
(0, 0.0, 0, 0, 3, 1, 0, 0, 1, 1, 0, 0, 3, 1, 0, 0, 0, 1);[49.894, 49.887, 50, 50]
(0, 1.0, 0, 0, 3, 1, 0, 0, 1, 1, 0, 0, 3, 1, 0, 0, 0, 1);[49.881, 50, 50, 50]
(0, 1.0, 0, 0, 3, 1, 0, 0, 1, 1, 0, 0, 3, 1, 0, 0, 1, 1);[49.88, 49.878, 50, 50]
(1, 0.0, 0, 0, 3, 2, 0, 0, 1, 1, 0, 0, 3, 1, 0, 0, 1, 1);[49.88, 49.878, 50, 50]
(1, 1.0, 0, 0, 3, 2, 0, 0, 1, 1, 0, 0, 3, 2, 0, 0, 1, 1);[49.873, 50, 50, 50]
(0, 0.0, 0, 0, 3, 2, 0, 0, 2, 1, 0, 0, 3, 2, 0, 0, 1, 1);[49.875, 49.868, 50, 50]
(0, 1.0, 0, 0, 3, 2, 0, 0, 2, 1, 0, 0, 3, 2, 0, 0, 1, 1);[49.859, 50, 50, 50]
(0, 1.0, 0, 0, 3, 4, 0, 0, 2, 1, 0, 0, 3, 2, 0, 0, 2, 1);[49.86, 49.855, 50, 50]
(1, 0.0, 0, 0, 3, 4, 0, 0, 2, 1, 0, 0, 3, 4, 0, 0, 2, 1);[49.845, 49.845, 50, 50]
(1, 1.0, 0, 0, 3, 4, 0, 0, 2, 1, 0, 0, 3, 4, 0, 0, 2, 1);[49.845, 50, 50, 50]
(0, 0.0, 0, 0, 3, 4, 0, 0, 2, 1, 0, 0, 3, 4, 0, 0, 2, 1);[49.845, 49.845, 50, 50]
(0, 1.0, 0, 0, 3, 4, 0, 0, 2, 1, 0, 0, 3, 4, 0, 0, 2, 1);[49.845, 50, 50, 50]
(0, 1.0, 0, 0, 3, 5, 0, 0, 2, 1, 0, 0, 3, 4, 0, 0, 2, 1);[49.844, 50, 50, 50]
(0, 1.0, 0, 0, 3, 5, 0, 0, 2, 1, 0, 0, 3, 5, 0, 0, 2, 1);[49.84, 49.84, 49.983, 50]
(1, 0.0, 2, 0, 3, 5, 0, 0, 2, 1, 0, 0, 3, 5, 0, 0, 2, 1);[49.839, 50, 50, 50]
(1, 0.0, 3, 0, 3, 5, 0, 0, 2, 1, 0, 0, 3, 5, 0, 0, 2, 1);[49.833, 50, 50, 50]
(1, 1.0, 4, 0, 3, 5, 0, 0, 2, 1, 1, 0, 3, 5, 0, 0, 2, 1);[49.834, 50, 50, 50]
(0, 0.0, 4, 0, 3, 5, 0, 0, 2, 1, 1, 0, 3, 5, 0, 0, 2, 1);[49.844, 50, 50, 50]
(0, 0.0, 2, 0, 3, 5, 0, 0, 2, 1, 0, 0, 3, 5, 0, 0, 2, 1);[49.848, 50, 50, 50]
(0, 1.0, 1, 0, 3, 5, 0, 0, 2, 1, 0, 0, 3, 5, 0, 0, 2, 1);[49.842, 50, 50, 50]
(2, 0.0, 0, 0, 3, 5, 0, 0, 1, 1, 0, 0, 3, 5, 0, 0, 0, 1);[50.091, 50, 50, 50]
(2, 0.0, 0, 0, 3, 5, 0, 0, 0, 1, 0, 0, 3, 5, 0, 0, 0, 1);[49.954, 49.855000000000004, 49.855, 50]
(2, 1.0, 0, 0, 3, 5, 0, 0, 0, 1, 0, 0, 3, 5, 0, 0, 0, 1);[49.86, 49.855, 50, 50]
(0, 0.0, 0, 0, 3, 5, 0, 0, 0, 1, 0, 0, 3, 5, 0, 0, 0, 1);[49.858000000000004, 49.855, 49.853, 49.855]
(0, 1.0, 0, 0, 3, 5, 0, 0, 0, 1, 0, 0, 3, 5, 0, 0, 0, 1);[49.855, 49.855000000000004, 49.857, 50]
(1, 0.0, 0, 0, 3, 5, 0, 0, 0, 1, 0, 0, 3, 5, 0, 0, 0, 1);[49.855, 49.855000000000004, 49.855000000000004, 49.855]
(1, 1.0, 0, 0, 3, 5, 0, 0, 0, 1, 0, 0, 3, 5, 0, 0, 0, 1);[49.855, 49.854, 49.848, 50]
(2, 0.0, 0, 0, 3, 5, 0, 0, 1, 2, 0, 0, 3, 5, 0, 0, 0, 1);[49.85, 50, 50, 50]
(2, 0.0, 0, 0, 3, 6, 0, 0, 1, 2, 0, 0, 3, 5, 0, 0, 0, 1);[49.849, 50, 50, 50]
(2, 1.0, 0, 0, 3, 6, 0, 0, 0, 2, 0, 0, 3, 6, 0, 0, 0, 2);[49.855000000000004, 50, 50, 50]
(0, 0.0, 0, 0, 4, 8, 0, 0, 0, 2, 0, 0, 3, 6, 0, 0, 0, 2);[49.837, 50, 50, 50]
(0, 0.0, 0, 0, 5, 8, 0, 0, 0, 2, 0, 0, 3, 7, 0, 0, 0, 2);[49.826, 50, 50, 50]
(0, 1.0, 0, 0, 6, 8, 0, 0, 0, 2, 0, 0, 4, 8, 0, 0, 0, 2);[49.819, 50, 50, 50]
(0, 1.0, 0, 0, 6, 8, 0, 0, 0, 2, 0, 0, 5, 8, 0, 0, 0, 2);[49.806, 50, 50, 50]
(0, 1.0, 0, 0, 6, 8, 0, 0, 0, 2, 0, 0, 6, 8, 0, 0, 0, 2);[49.805, 49.805, 50.187, 50]
(1, 0.0, 0, 0, 6, 8, 0, 0, 0, 2, 0, 0, 6, 8, 0, 0, 0, 2);[49.805, 49.805, 50, 50]
(1, 1.0, 0, 0, 6, 8, 0, 0, 0, 2, 0, 0, 6, 8, 0, 0, 0, 2);[49.805, 50, 50, 50]
(0, 0.0, 0, 0, 6, 8, 0, 0, 0, 2, 0, 0, 6, 8, 0, 0, 0, 2);[49.805, 49.8, 50, 50]
(2, 0.0, 0, 0, 5, 8, 1, 0, 0, 2, 0, 0, 4, 8, 0, 0, 0, 2);[50.653, 50, 50, 50]
(2, 0.0, 0, 0, 4, 8, 1, 0, 0, 2, 0, 0, 2, 8, 0, 0, 0, 2);[50.923, 50, 50, 50]
(2, 1.0, 0, 0, 2, 8, 2, 0, 0, 2, 0, 0, 2, 8, 0, 0, 0, 2);[49.961, 50, 50, 50]
(0, 0.0, 0, 0, 2, 8, 4, 0, 0, 2, 0, 0, 2, 8, 0, 0, 0, 2);[49.855, 50, 50, 50]
(0, 0.0, 0, 0, 2, 8, 2, 0, 0, 2, 0, 0, 2, 8, 0, 0, 0, 2);[49.788, 50, 50, 50]
(0, 1.0, 0, 0, 2, 8, 1, 0, 0, 2, 0, 0, 2, 8, 0, 0, 0, 2);[49.832, 49.835, 50, 50]
(0, 1.0, 0, 0, 2, 8, 0, 0, 0, 2, 0, 0, 2, 8, 0, 0, 0, 2);[49.837, 49.825, 50, 50]
(1, 0.0, 0, 0, 2, 8, 1, 0, 0, 2, 0, 0, 2, 8, 0, 0, 0, 2);[49.832, 49.825, 50, 50]
(1, 1.0, 0, 0, 2, 8, 1, 0, 0, 2, 0, 0, 2, 8, 1, 0, 0, 2);[49.84, 50, 50, 50]
(0, 0.0, 0, 0, 2, 8, 0, 0, 0, 2, 0, 0, 2, 8, 0, 0, 0, 2);[49.83, 49.825, 50, 50]
(1, 0.0, 0, 0, 2, 8, 0, 0, 0, 2, 0, 0, 2, 8, 0, 0, 0, 2);[49.825, 49.823, 50, 50]
(1, 1.0, 0, 0, 2, 8, 0, 0, 0, 2, 0, 0, 2, 8, 0, 0, 0, 2);[49.825, 50, 50, 50]
(0, 0.0, 0, 0, 2, 8, 0, 0, 0, 3, 0, 0, 2, 8, 0, 0, 0, 2);[49.825, 50, 50, 50]
(0, 0.0, 0, 0, 2, 8, 0, 0, 0, 3, 0, 0, 2, 8, 0, 0, 0, 3);[49.866, 49.823, 50, 50]
(0, 1.0, 0, 0, 2, 8, 0, 0, 0, 3, 0, 0, 2, 8, 0, 0, 0, 3);[49.825, 49.825, 50, 50]
(1, 0.0, 0, 0, 2, 8, 0, 0, 0, 3, 0, 0, 2, 8, 0, 0, 0, 3);[49.825, 49.825, 50, 50]
(1, 1.0, 0, 0, 2, 8, 0, 0, 0, 3, 0, 0, 2, 8, 0, 0, 0, 3);[49.825, 50, 50, 50]
(0, 0.0, 0, 0, 2, 8, 1, 0, 0, 3, 0, 0, 2, 8, 0, 0, 0, 3);[49.825, 50, 50, 50]
(0, 1.0, 0, 0, 2, 8, 1, 0, 0, 3, 0, 0, 2, 8, 0, 0, 0, 3);[49.825, 50, 50, 50]
(0, 1.0, 0, 0, 2, 8, 0, 0, 0, 4, 0, 0, 2, 8, 0, 0, 0, 3);[49.823, 50, 50, 50]
(0, 1.0, 0, 0, 4, 8, 0, 0, 0, 4, 0, 0, 2, 8, 0, 0, 0, 3);[49.822, 50, 50, 50]
(0, 1.0, 0, 0, 4, 8, 0, 0, 0, 4, 0, 0, 4, 8, 0, 0, 0, 3);[49.81, 50, 50, 50]
(0, 1.0, 0, 0, 4, 8, 0, 0, 0, 4, 0, 0, 4, 8, 0, 0, 0, 4);[49.81, 49.81, 50, 50]
(1, 0.0, 0, 0, 4, 8, 0, 0, 1, 4, 0, 0, 4, 8, 0, 0, 0, 4);[49.81, 50, 50, 50]
(1, 0.0, 0, 0, 4, 8, 0, 0, 2, 4, 0, 0, 4, 8, 0, 0, 0, 4);[49.805, 50, 50, 50]
(1, 1.0, 0, 0, 4, 8, 0, 0, 2, 4, 0, 0, 4, 8, 0, 0, 1, 4);[49.796, 50, 50, 50]
(0, 0.0, 0, 0, 4, 8, 0, 0, 2, 4, 0, 0, 4, 8, 0, 0, 1, 4);[49.793, 50, 50, 50]
(0, 0.0, 0, 0, 4, 8, 0, 0, 2, 4, 0, 0, 4, 8, 0, 0, 2, 4);[49.79, 49.785000000000004, 50, 50]
(0, 1.0, 0, 0, 4, 8, 0, 0, 2, 4, 0, 0, 4, 8, 0, 0, 2, 4);[49.79, 49.786, 49.847, 50]
(1, 0.0, 0, 0, 4, 8, 1, 0, 2, 4, 0, 0, 4, 8, 0, 0, 2, 4);[49.79, 49.784, 50, 50]
(1, 1.0, 0, 0, 4, 8, 1, 0, 2, 4, 0, 0, 4, 8, 0, 0, 2, 4);[49.787, 50, 50, 50]
(0, 0.0, 0, 0, 4, 8, 1, 0, 2, 4, 0, 0, 4, 8, 0, 0, 2, 4);[49.786, 50, 50, 50]
(2, 0.0, 0, 0, 4, 8, 0, 0, 1, 4, 0, 0, 4, 8, 0, 0, 0, 4);[49.91, 49.852, 50, 50]
(2, 1.0, 0, 0, 4, 8, 0, 0, 1, 5, 0, 0, 4, 8, 0, 0, 0, 4);[49.805, 50, 50, 50]
(0, 0.0, 0, 0, 4, 8, 0, 0, 1, 5, 0, 0, 4, 8, 0, 0, 0, 5);[49.796, 50, 50, 50]
(0, 0.0, 0, 0, 4, 8, 0, 0, 1, 5, 0, 0, 4, 8, 0, 0, 1, 5);[49.79, 50, 50, 50]
(0, 1.0, 0, 0, 4, 8, 1, 0, 1, 5, 0, 0, 4, 8, 0, 0, 1, 5);[49.79, 49.79, 50, 50]
(1, 0.0, 0, 0, 4, 8, 0, 0, 1, 5, 0, 0, 4, 8, 0, 0, 1, 5);[49.783, 50, 50, 50]
(1, 0.0, 0, 0, 4, 8, 0, 0, 2, 5, 0, 0, 4, 8, 0, 0, 1, 5);[49.785, 50, 50, 50]
(1, 1.0, 0, 0, 4, 8, 0, 0, 3, 6, 0, 0, 4, 8, 0, 0, 1, 5);[49.797, 50, 50, 50]
(0, 0.0, 0, 0, 4, 8, 0, 0, 4, 5, 0, 0, 4, 8, 0, 0, 1, 5);[49.78, 50, 50, 50]
(0, 0.0, 0, 0, 4, 8, 0, 0, 4, 5, 0, 0, 4, 8, 0, 0, 2, 5);[49.769, 50, 50, 50]
(0, 1.0, 0, 0, 4, 8, 0, 0, 4, 5, 0, 0, 4, 8, 0, 0, 4, 5);[49.775, 50, 50, 50]
(0, 1.0, 0, 1, 4, 8, 0, 0, 4, 5, 0, 0, 4, 8, 0, 0, 4, 5);[49.775, 49.767, 50, 50]
(1, 0.0, 0, 1, 4, 8, 0, 0, 4, 5, 0, 0, 4, 8, 0, 0, 4, 5);[49.752, 50, 50, 50]
(1, 0.0, 0, 1, 4, 8, 0, 0, 4, 6, 0, 0, 4, 8, 0, 0, 4, 5);[49.765, 50, 50, 50]
(1, 1.0, 0, 1, 4, 8, 0, 0, 4, 6, 0, 1, 4, 8, 0, 0, 4, 6);[49.754999999999995, 49.757999999999996, 49.89, 50]
(0, 0.0, 0, 1, 4, 8, 0, 0, 4, 6, 0, 1, 4, 8, 0, 0, 4, 6);[49.755, 50, 50, 50]
(0, 0.0, 0, 1, 4, 8, 1, 0, 4, 6, 0, 1, 4, 8, 0, 0, 4, 6);[49.753, 50, 50, 50]
(0, 1.0, 0, 1, 4, 8, 1, 0, 4, 6, 0, 1, 4, 8, 0, 0, 4, 6);[49.748, 50, 50, 50]
(0, 1.0, 0, 1, 4, 8, 0, 0, 4, 6, 0, 1, 4, 8, 0, 0, 4, 6);[49.745000000000005, 49.748999999999995, 50, 50]
(1, 0.0, 0, 1, 4, 8, 0, 0, 4, 6, 0, 1, 4, 8, 0, 0, 4, 6);[49.753, 49.755, 50, 50]
(2, 0.0, 1, 2, 4, 8, 0, 0, 4, 6, 0, 1, 4, 8, 0, 0, 2, 6);[49.994, 50, 50, 50]
(2, 0.0, 0, 4, 4, 8, 0, 0, 2, 6, 0, 1, 4, 8, 0, 0, 0, 6);[50.043, 50, 50, 50]
(2, 1.0, 0, 4, 4, 8, 0, 0, 1, 6, 0, 1, 4, 8, 0, 0, 0, 6);[49.808, 50, 50, 50]
(0, 0.0, 0, 4, 5, 8, 0, 0, 1, 6, 0, 3, 4, 8, 0, 0, 0, 6);[49.774, 50, 50, 50]
(0, 0.0, 0, 4, 5, 8, 0, 0, 1, 6, 0, 4, 5, 8, 0, 0, 1, 6);[49.773, 49.775, 49.775, 50]
(0, 1.0, 0, 4, 5, 8, 0, 0, 1, 6, 0, 4, 5, 8, 0, 0, 1, 6);[49.775, 49.775, 49.909, 50]
(1, 0.0, 0, 4, 5, 8, 1, 0, 1, 6, 0, 4, 5, 8, 0, 0, 1, 6);[49.775, 49.775, 50, 50]
(1, 1.0, 0, 4, 5, 8, 1, 0, 1, 6, 0, 4, 5, 8, 0, 0, 1, 6);[49.775, 50, 50, 50]
(2, 0.0, 0, 4, 5, 8, 0, 0, 0, 6, 0, 4, 5, 8, 0, 0, 0, 6);[49.912, 49.781, 50, 50]
(2, 1.0, 0, 4, 5, 8, 0, 0, 0, 6, 0, 4, 5, 8, 0, 0, 0, 6);[49.789, 50, 50, 50]
(0, 0.0, 0, 4, 5, 8, 0, 0, 0, 6, 0, 4, 5, 8, 0, 0, 0, 6);[49.785, 49.785, 49.813, 50]
(0, 1.0, 0, 4, 5, 8, 0, 0, 0, 6, 0, 4, 5, 8, 0, 0, 0, 6);[49.791, 49.8, 50, 50]
(1, 0.0, 0, 4, 5, 8, 0, 0, 0, 6, 0, 4, 5, 8, 0, 0, 0, 6);[49.804, 50, 50, 50]
(1, 0.0, 0, 4, 5, 8, 1, 0, 0, 6, 0, 4, 5, 8, 0, 0, 0, 6);[49.805, 50, 50, 50]
(1, 1.0, 0, 4, 5, 8, 1, 0, 0, 6, 0, 4, 5, 8, 0, 0, 0, 6);[49.806, 50, 50, 50]
(0, 0.0, 0, 5, 5, 8, 0, 0, 0, 6, 0, 4, 5, 8, 0, 0, 0, 6);[49.825, 50, 50, 50]
(0, 1.0, 0, 6, 5, 8, 0, 0, 0, 6, 0, 4, 5, 8, 0, 0, 0, 6);[49.819, 50, 50, 50]
(0, 1.0, 0, 6, 5, 8, 0, 0, 0, 6, 0, 5, 5, 8, 0, 0, 0, 6);[49.806, 50, 50, 50]
(0, 1.0, 0, 6, 5, 8, 0, 0, 0, 6, 0, 6, 5, 8, 0, 0, 0, 6);[49.805, 49.805, 50, 50]
(1, 0.0, 0, 6, 5, 8, 0, 0, 0, 6, 0, 6, 5, 8, 0, 0, 0, 6);[49.806, 49.803, 50, 50]
(1, 1.0, 0, 6, 5, 8, 0, 0, 0, 7, 0, 6, 5, 8, 0, 0, 0, 6);[49.815, 50, 50, 50]
(0, 0.0, 0, 6, 5, 8, 0, 0, 0, 7, 0, 6, 5, 8, 0, 0, 0, 7);[49.805, 49.805, 50, 50]
(0, 1.0, 0, 6, 5, 8, 0, 0, 0, 7, 0, 6, 5, 8, 0, 0, 0, 7);[49.805, 49.805, 50, 50]
(1, 0.0, 0, 6, 5, 8, 1, 0, 0, 7, 0, 6, 5, 8, 0, 0, 0, 7);[49.809, 49.8, 50, 50]
(1, 1.0, 0, 5, 5, 8, 2, 0, 0, 8, 0, 5, 5, 8, 0, 0, 0, 7);[49.823, 50, 50, 50]
(0, 0.0, 0, 5, 5, 8, 2, 0, 0, 8, 0, 2, 5, 8, 0, 0, 0, 8);[49.828, 49.822, 50, 50]
(0, 1.0, 0, 5, 5, 8, 2, 0, 0, 8, 0, 4, 5, 8, 0, 0, 0, 8);[49.793, 50, 50, 50]
(0, 1.0, 0, 5, 5, 8, 2, 0, 0, 8, 0, 5, 5, 8, 2, 0, 0, 8);[49.772, 49.784, 49.791, 50]
(1, 0.0, 1, 5, 5, 8, 2, 0, 0, 8, 0, 5, 5, 8, 2, 0, 0, 8);[49.788, 50, 50, 50]
(1, 0.0, 2, 5, 5, 8, 2, 0, 0, 8, 0, 5, 5, 8, 2, 0, 0, 8);[49.792, 50, 50, 50]
(1, 1.0, 2, 5, 5, 8, 2, 0, 0, 8, 0, 5, 5, 8, 2, 0, 0, 8);[49.768, 50, 50, 50]
(0, 0.0, 2, 5, 5, 8, 2, 0, 0, 8, 0, 5, 5, 8, 2, 0, 0, 8);[49.732, 50, 50, 50]
(0, 0.0, 0, 5, 5, 8, 2, 0, 0, 8, 0, 5, 5, 8, 2, 0, 0, 8);[49.77, 50, 50, 50]
(2, 0.0, 0, 5, 5, 8, 2, 0, 0, 8, 0, 5, 5, 8, 2, 0, 0, 8);[49.799, 50, 50, 50]
(2, 0.0, 0, 5, 5, 8, 4, 0, 0, 8, 0, 5, 5, 8, 2, 0, 0, 8);[49.794, 50, 50, 50]
(2, 1.0, 0, 5, 5, 8, 4, 0, 0, 8, 0, 5, 5, 8, 3, 0, 0, 8);[49.781, 50, 50, 50]
(0, 0.0, 0, 5, 5, 8, 4, 0, 0, 8, 0, 5, 5, 8, 4, 0, 0, 8);[49.78, 49.775, 50, 50]
(0, 1.0, 0, 5, 5, 8, 4, 0, 0, 9, 0, 5, 5, 8, 4, 0, 0, 8);[49.769, 50, 50, 50]
(0, 1.0, 0, 5, 5, 8, 4, 0, 0, 9, 0, 5, 5, 8, 4, 0, 0, 9);[49.771, 49.771, 49.802, 50]
(1, 0.0, 0, 5, 5, 8, 4, 0, 0, 9, 0, 5, 5, 8, 4, 0, 0, 9);[49.779, 49.785, 50, 50]
(1, 1.0, 0, 5, 5, 8, 4, 0, 0, 9, 0, 5, 5, 8, 4, 0, 0, 9);[49.787, 50, 50, 50]
(0, 0.0, 0, 5, 5, 8, 4, 0, 0, 9, 0, 5, 5, 8, 4, 0, 0, 9);[49.79, 49.798, 50, 50]
(2, 0.0, 0, 5, 5, 8, 4, 0, 0, 9, 0, 5, 5, 8, 4, 0, 0, 9);[49.799, 50, 50, 50]
(2, 0.0, 0, 5, 5, 8, 5, 0, 0, 9, 0, 5, 5, 8, 4, 0, 0, 9);[49.794, 50, 50, 50]
(2, 1.0, 0, 5, 5, 8, 5, 0, 1, 9, 0, 5, 5, 8, 4, 0, 0, 9);[49.792, 50, 50, 50]
(0, 0.0, 0, 5, 5, 8, 5, 0, 1, 9, 0, 5, 5, 8, 5, 0, 0, 9);[49.784, 50, 50, 50]
(0, 0.0, 0, 5, 5, 8, 5, 0, 1, 9, 0, 5, 5, 8, 5, 0, 1, 9);[49.785, 49.782000000000004, 49.784, 50]
(0, 1.0, 0, 5, 5, 8, 5, 0, 1, 9, 0, 5, 5, 8, 5, 0, 1, 9);[49.785, 49.787, 49.79, 51.716]
(1, 0.0, 0, 5, 5, 8, 5, 0, 1, 9, 0, 5, 5, 8, 5, 0, 1, 9);[49.793, 49.795, 50, 50]
(1, 1.0, 0, 5, 5, 8, 5, 0, 1, 9, 0, 5, 5, 8, 5, 0, 1, 9);[49.79299999999999, 50, 50, 50]
(2, 0.0, 0, 5, 5, 8, 5, 0, 1, 9, 0, 5, 5, 8, 5, 0, 1, 9);[49.80200000000001, 50, 50, 50]
(2, 0.0, 2, 5, 5, 8, 5, 0, 1, 9, 0, 5, 5, 8, 5, 0, 1, 9);[49.80499999999999, 50, 50, 50]
(2, 1.0, 2, 5, 5, 8, 5, 0, 1, 9, 0, 5, 5, 8, 5, 0, 1, 9);[49.806, 50, 50, 50]
(0, 0.0, 2, 5, 5, 8, 5, 0, 1, 9, 0, 5, 5, 8, 5, 0, 1, 9);[49.805, 50, 50, 50]
(0, 0.0, 1, 5, 5, 8, 5, 0, 1, 9, 0, 5, 5, 8, 5, 0, 1, 9);[49.805, 50, 50, 50]
(3, 0.0, 0, 5, 5, 8, 5, 0, 1, 9, 0, 5, 5, 6, 5, 0, 1, 8);[51.798, 50, 50, 50]
(3, 0.0, 0, 5, 5, 7, 5, 0, 0, 8, 0, 5, 5, 4, 4, 0, 0, 5);[52.254999999999995, 50, 50, 50]
(3, 1.0, 1, 5, 5, 6, 5, 0, 0, 8, 0, 5, 2, 2, 2, 0, 0, 3);[51.01, 50, 50, 50]
(0, 0.0, 1, 5, 4, 7, 4, 0, 0, 8, 0, 5, 2, 1, 2, 0, 0, 1);[50.403, 50, 50, 50]
(0, 0.0, 0, 5, 4, 7, 3, 0, 0, 8, 0, 5, 1, 2, 0, 0, 0, 2);[50.539, 50, 50, 50]
(0, 1.0, 0, 5, 4, 7, 1, 0, 0, 8, 0, 5, 2, 5, 0, 0, 0, 4);[50.597, 50, 50, 50]
(0, 1.0, 0, 5, 4, 8, 0, 0, 0, 8, 0, 5, 2, 6, 0, 0, 0, 6);[49.995, 50, 50, 50]
(0, 1.0, 0, 5, 4, 8, 0, 0, 0, 8, 0, 5, 3, 6, 0, 0, 0, 8);[49.878, 50, 50, 50]
(0, 1.0, 0, 5, 4, 8, 0, 0, 0, 8, 0, 5, 4, 8, 0, 0, 0, 8);[49.870000000000005, 49.864999999999995, 50.158, 50]
(1, 0.0, 0, 5, 4, 8, 0, 0, 0, 8, 0, 4, 4, 8, 0, 0, 0, 8);[49.892, 50, 50, 50]
(1, 0.0, 0, 5, 4, 8, 0, 0, 0, 8, 0, 2, 4, 8, 0, 0, 0, 8);[49.894999999999996, 50, 50, 50]
(1, 1.0, 0, 5, 4, 8, 0, 0, 0, 8, 0, 2, 4, 8, 0, 0, 0, 8);[49.883, 50, 50, 50]
(0, 0.0, 1, 5, 4, 8, 0, 0, 0, 8, 0, 4, 4, 8, 0, 0, 0, 8);[49.876, 50, 50, 50]
(0, 0.0, 1, 5, 4, 8, 0, 0, 0, 8, 0, 5, 4, 8, 0, 0, 0, 8);[49.88, 50, 50, 50]
(0, 1.0, 0, 5, 4, 8, 0, 1, 0, 8, 0, 5, 4, 8, 0, 0, 0, 8);[49.875, 49.869, 50, 50]
(1, 0.0, 0, 5, 4, 8, 0, 0, 0, 8, 0, 5, 4, 8, 0, 0, 0, 8);[49.865, 49.86, 50, 50]
(1, 1.0, 0, 5, 4, 8, 0, 0, 0, 8, 0, 5, 4, 8, 0, 0, 0, 8);[49.849, 50, 50, 50]
(0, 0.0, 0, 5, 4, 8, 0, 0, 0, 8, 0, 5, 4, 8, 0, 0, 0, 8);[49.849000000000004, 49.848, 50, 50]
(2, 0.0, 0, 5, 3, 8, 0, 0, 0, 8, 0, 5, 2, 8, 0, 0, 0, 8);[50.653, 50, 50, 50]
(2, 0.0, 0, 5, 2, 8, 0, 0, 0, 8, 0, 5, 2, 8, 0, 0, 0, 8);[49.871, 50, 50, 50]
(2, 1.0, 0, 5, 2, 8, 0, 0, 0, 8, 0, 5, 2, 8, 0, 0, 0, 8);[49.878, 50, 50, 50]
(0, 0.0, 0, 5, 2, 8, 0, 0, 0, 8, 0, 5, 2, 8, 0, 0, 0, 8);[49.879, 49.867, 50, 50]
(0, 1.0, 0, 6, 2, 8, 0, 0, 0, 8, 0, 5, 2, 8, 0, 0, 0, 8);[49.856, 50, 50, 50]
(0, 1.0, 0, 6, 2, 8, 0, 1, 0, 8, 0, 6, 2, 8, 0, 0, 0, 8);[49.853, 50, 50, 50]
(0, 1.0, 0, 6, 2, 8, 0, 1, 0, 9, 0, 6, 2, 8, 0, 0, 0, 8);[49.846000000000004, 50, 50, 50]
(0, 1.0, 0, 6, 2, 8, 0, 1, 0, 9, 0, 6, 2, 8, 0, 1, 0, 9);[49.832, 49.862, 50, 50]
(1, 0.0, 0, 6, 2, 8, 0, 0, 0, 9, 0, 6, 2, 8, 0, 0, 0, 9);[49.855000000000004, 49.854, 49.86, 50]
(1, 1.0, 0, 6, 2, 8, 0, 0, 0, 9, 0, 6, 2, 8, 0, 0, 0, 9);[49.856, 50, 50, 50]
(0, 0.0, 0, 6, 2, 8, 0, 0, 0, 9, 0, 6, 2, 8, 0, 0, 0, 9);[49.86, 49.86, 49.856, 50]
(0, 1.0, 0, 6, 2, 8, 0, 0, 0, 9, 0, 6, 2, 8, 0, 0, 0, 9);[49.86, 49.86, 50, 50]
(1, 0.0, 0, 6, 2, 8, 0, 1, 0, 9, 0, 6, 2, 8, 0, 0, 0, 9);[49.86, 50, 50, 50]
(1, 1.0, 1, 6, 2, 8, 0, 0, 0, 9, 0, 6, 2, 8, 0, 0, 0, 9);[49.86, 50, 50, 50]
(0, 0.0, 1, 6, 2, 8, 0, 0, 0, 9, 0, 6, 2, 8, 0, 0, 0, 9);[49.858000000000004, 50, 50, 50]
(0, 1.0, 1, 6, 2, 8, 0, 0, 0, 9, 0, 6, 2, 8, 0, 0, 0, 9);[49.853, 50, 50, 50]
(0, 1.0, 1, 6, 2, 8, 0, 0, 1, 9, 0, 6, 2, 8, 0, 0, 0, 9);[49.857, 50, 50, 50]
(0, 1.0, 0, 6, 2, 8, 0, 0, 1, 9, 0, 6, 2, 8, 0, 0, 0, 9);[49.853, 50, 50, 50]
(0, 1.0, 0, 6, 2, 8, 0, 0, 1, 9, 0, 6, 2, 8, 0, 0, 1, 9);[49.85, 49.85, 49.929, 51.132999999999996]
(1, 0.0, 0, 6, 2, 8, 0, 0, 1, 9, 0, 6, 2, 8, 0, 0, 1, 9);[49.861, 49.865, 50, 50]
(1, 1.0, 0, 6, 2, 8, 0, 0, 1, 9, 0, 6, 2, 8, 0, 0, 1, 9);[49.865, 50, 50, 50]
(0, 0.0, 0, 6, 2, 8, 0, 0, 1, 9, 0, 6, 2, 8, 0, 0, 1, 9);[49.865, 49.865, 50, 50]
(2, 0.0, 0, 6, 2, 8, 0, 0, 0, 9, 0, 6, 2, 8, 0, 0, 0, 9);[49.924, 49.881, 50, 50]
(2, 1.0, 0, 6, 2, 8, 0, 0, 1, 9, 0, 6, 2, 8, 0, 0, 0, 9);[49.876999999999995, 50, 50, 50]
(0, 0.0, 0, 6, 2, 8, 0, 0, 1, 9, 0, 6, 2, 8, 0, 0, 0, 9);[49.866, 49.848, 50, 50]
(3, 0.0, 0, 6, 2, 7, 0, 0, 1, 8, 0, 6, 2, 6, 0, 0, 1, 7);[53.722, 50, 50, 50]
(3, 0.0, 0, 6, 2, 6, 0, 0, 1, 7, 0, 6, 1, 4, 0, 0, 1, 4);[54.15, 50, 50, 50]
(3, 1.0, 1, 6, 1, 5, 0, 0, 1, 5, 0, 6, 0, 0, 0, 0, 1, 2);[50.458999999999996, 50, 50, 50]
(0, 0.0, 1, 6, 1, 6, 0, 0, 2, 5, 0, 6, 1, 0, 0, 0, 1, 0);[50.296, 50, 50, 50]
(0, 0.0, 0, 6, 0, 6, 0, 0, 2, 5, 0, 6, 0, 2, 0, 0, 1, 2);[49.946, 50, 50, 50]
(0, 1.0, 0, 6, 0, 6, 0, 0, 2, 5, 0, 6, 0, 5, 0, 0, 2, 4);[49.911, 50, 50, 50]
(0, 1.0, 0, 6, 0, 6, 0, 0, 2, 5, 0, 6, 0, 6, 0, 0, 2, 5);[49.895, 49.895, 50.303, 50]
(1, 0.0, 0, 6, 0, 6, 0, 0, 2, 5, 0, 6, 0, 6, 0, 0, 2, 5);[49.895, 50, 50, 50]
(1, 0.0, 1, 6, 0, 6, 0, 0, 2, 5, 0, 6, 0, 6, 0, 0, 2, 5);[49.882, 50, 50, 50]
(1, 1.0, 1, 6, 0, 6, 0, 0, 2, 5, 0, 6, 0, 6, 0, 0, 2, 5);[49.884, 50, 50, 50]
(0, 0.0, 1, 6, 0, 6, 0, 0, 2, 5, 0, 6, 0, 6, 0, 0, 2, 5);[49.883, 50, 50, 50]
(0, 0.0, 0, 6, 0, 6, 0, 0, 2, 5, 0, 6, 0, 6, 0, 0, 2, 5);[49.89, 50, 50, 50]
(2, 0.0, 0, 6, 0, 6, 0, 0, 2, 5, 0, 6, 0, 6, 0, 0, 1, 5);[50.092, 50, 50, 50]
(2, 0.0, 0, 6, 0, 6, 0, 0, 0, 5, 0, 6, 0, 6, 0, 0, 0, 5);[49.935, 50, 50, 50]
(2, 1.0, 0, 6, 0, 6, 0, 0, 0, 5, 0, 6, 0, 6, 0, 0, 0, 5);[49.91, 50, 50, 50]
(0, 0.0, 0, 6, 0, 6, 0, 0, 2, 5, 0, 6, 0, 6, 0, 0, 0, 5);[49.913000000000004, 49.913, 50, 50]
(0, 1.0, 0, 6, 0, 6, 1, 0, 2, 5, 0, 6, 0, 6, 0, 0, 1, 5);[49.914, 50, 50, 50]
(0, 1.0, 0, 6, 0, 6, 2, 0, 2, 5, 0, 6, 0, 6, 0, 0, 2, 5);[49.896, 50, 49.87, 50]
(2, 0.0, 0, 6, 0, 6, 1, 0, 2, 5, 0, 6, 0, 6, 0, 0, 2, 5);[49.86, 50, 50, 50]
(2, 0.0, 0, 6, 0, 6, 1, 0, 2, 5, 0, 6, 0, 6, 1, 0, 2, 5);[49.86, 50, 50, 50]
(2, 1.0, 0, 6, 0, 6, 1, 0, 3, 5, 0, 6, 0, 6, 1, 0, 2, 5);[49.866, 50, 50, 50]
(0, 0.0, 1, 6, 0, 7, 1, 0, 3, 5, 0, 6, 0, 6, 1, 0, 2, 5);[49.867, 50, 50, 50]
(0, 0.0, 1, 6, 0, 7, 1, 0, 3, 5, 0, 6, 0, 7, 1, 0, 3, 5);[49.866, 50, 50, 50]
(0, 1.0, 0, 6, 0, 7, 1, 0, 4, 5, 0, 6, 0, 7, 1, 0, 3, 5);[49.871, 49.878, 50, 50]
(1, 0.0, 0, 6, 0, 7, 1, 0, 4, 5, 0, 6, 0, 7, 1, 0, 4, 5);[49.86, 49.857, 50, 50]
(1, 1.0, 0, 6, 0, 7, 1, 0, 4, 5, 0, 6, 0, 7, 1, 0, 4, 5);[49.858, 50, 50, 50]
(0, 0.0, 0, 6, 0, 7, 1, 0, 4, 5, 0, 6, 0, 7, 1, 0, 4, 5);[49.865, 49.865, 50, 50]
(0, 1.0, 0, 6, 0, 7, 1, 0, 4, 5, 0, 6, 0, 7, 1, 0, 4, 5);[49.866, 49.858000000000004, 50, 50]
(1, 0.0, 0, 6, 0, 7, 1, 0, 5, 5, 0, 6, 0, 7, 1, 0, 4, 5);[49.858, 50, 50, 50]
(1, 0.0, 0, 6, 0, 8, 1, 0, 6, 5, 0, 6, 0, 7, 1, 0, 5, 5);[49.85, 50, 50, 50]
(1, 1.0, 1, 6, 0, 8, 1, 0, 6, 5, 0, 6, 0, 8, 1, 0, 5, 5);[49.845, 50, 50, 50]
(0, 0.0, 1, 6, 0, 8, 1, 0, 6, 5, 0, 6, 0, 8, 1, 0, 6, 5);[49.861999999999995, 50, 50, 50]
(0, 0.0, 1, 6, 1, 8, 1, 0, 6, 5, 0, 6, 0, 8, 1, 0, 6, 5);[49.867000000000004, 50, 50, 50]
(0, 1.0, 2, 6, 1, 8, 1, 0, 6, 5, 0, 6, 0, 8, 1, 0, 6, 5);[49.82, 50, 50, 50]
(0, 1.0, 1, 6, 1, 8, 1, 0, 6, 5, 0, 6, 0, 8, 1, 0, 6, 5);[49.773, 50, 50, 50]
(0, 1.0, 0, 6, 1, 8, 1, 0, 7, 5, 0, 6, 1, 8, 1, 0, 6, 5);[49.778999999999996, 50, 50, 50]
(0, 1.0, 0, 6, 1, 8, 1, 0, 7, 5, 0, 6, 1, 8, 1, 0, 7, 5);[49.804, 49.828, 50, 50]
(1, 0.0, 0, 6, 1, 8, 1, 0, 7, 5, 0, 6, 1, 8, 1, 0, 7, 5);[49.83, 49.83, 50, 50]
(1, 1.0, 0, 6, 1, 8, 1, 0, 7, 5, 0, 6, 1, 8, 1, 0, 7, 5);[49.83, 50, 50, 50]
(0, 0.0, 0, 6, 1, 8, 1, 0, 7, 5, 0, 6, 1, 8, 1, 0, 7, 5);[49.83, 50, 50, 50]
(0, 0.0, 0, 6, 1, 8, 1, 0, 8, 5, 0, 6, 1, 8, 1, 0, 7, 5);[49.828, 50, 50, 50]
(0, 1.0, 1, 6, 1, 8, 1, 0, 8, 5, 0, 6, 1, 8, 1, 0, 7, 5);[49.825, 50, 50, 50]
(0, 1.0, 1, 6, 1, 8, 1, 0, 8, 5, 0, 6, 1, 8, 1, 0, 8, 5);[49.823, 50, 50, 50]
(0, 1.0, 0, 6, 1, 8, 1, 0, 8, 5, 0, 6, 1, 8, 1, 0, 8, 5);[49.808, 50, 50, 50]
(0, 1.0, 0, 6, 2, 8, 1, 0, 8, 5, 0, 6, 1, 8, 1, 0, 8, 5);[49.771, 49.772, 50, 50]
(1, 0.0, 0, 6, 2, 8, 1, 0, 9, 5, 0, 6, 1, 8, 1, 0, 8, 5);[49.754, 50, 50, 50]
(1, 0.0, 0, 6, 2, 8, 1, 0, 9, 5, 0, 6, 2, 8, 1, 0, 9, 5);[49.765, 49.8, 49.8, 50]
(1, 1.0, 0, 6, 2, 8, 1, 0, 9, 5, 0, 6, 2, 8, 1, 0, 9, 5);[49.783, 50, 50, 50]
(0, 0.0, 0, 6, 2, 8, 1, 0, 9, 5, 0, 6, 2, 8, 1, 0, 9, 5);[49.795, 49.8, 50, 50]
(0, 1.0, 0, 6, 2, 8, 1, 0, 9, 5, 0, 6, 2, 8, 1, 0, 9, 5);[49.8, 49.8, 50, 50]
(1, 1.0, 1, 6, 2, 8, 1, 0, 9, 5, 0, 6, 2, 8, 1, 0, 9, 5);[49.8, 50, 50, 50]
(0, 0.0, 1, 6, 2, 8, 1, 0, 9, 5, 0, 6, 2, 8, 1, 0, 9, 5);[49.796, 50, 50, 50]
(0, 0.0, 1, 6, 4, 8, 1, 0, 9, 5, 0, 6, 2, 8, 1, 0, 9, 5);[49.8, 50, 50, 50]
(0, 1.0, 1, 7, 5, 8, 1, 0, 9, 5, 0, 6, 2, 8, 1, 0, 9, 5);[49.785, 50, 50, 50]
(0, 1.0, 2, 7, 5, 8, 1, 0, 9, 6, 0, 6, 4, 8, 1, 0, 9, 5);[49.761, 50, 50, 50]
(0, 1.0, 2, 7, 5, 8, 1, 0, 9, 8, 1, 7, 5, 8, 1, 0, 9, 6);[49.728, 50, 50, 50]
(0, 1.0, 2, 7, 5, 8, 1, 0, 9, 9, 1, 7, 5, 8, 1, 0, 9, 8);[49.7, 50, 50, 50]
(0, 1.0, 2, 7, 5, 8, 1, 0, 9, 9, 2, 7, 5, 8, 1, 0, 9, 9);[49.703, 49.705, 49.691, 50]
(1, 0.0, 2, 7, 5, 8, 1, 0, 9, 9, 2, 7, 5, 8, 1, 0, 9, 9);[49.708, 49.705, 50, 50]
(1, 1.0, 2, 7, 5, 8, 1, 0, 9, 9, 2, 7, 5, 8, 1, 0, 9, 9);[49.705, 50, 50, 50]
(0, 0.0, 2, 7, 5, 8, 1, 0, 9, 9, 2, 7, 5, 8, 1, 0, 9, 9);[49.705, 49.699, 50, 50]
(2, 0.0, 3, 7, 5, 8, 1, 0, 9, 9, 2, 7, 5, 8, 1, 0, 9, 9);[49.876000000000005, 50, 50, 50]
(2, 0.0, 3, 7, 4, 8, 1, 0, 9, 9, 2, 7, 2, 8, 1, 0, 9, 9);[50.033, 50, 50, 50]
(2, 1.0, 3, 7, 2, 8, 1, 0, 9, 9, 3, 7, 0, 8, 1, 0, 9, 9);[49.744, 50, 50, 50]
(0, 0.0, 3, 7, 2, 8, 1, 0, 9, 9, 3, 7, 0, 8, 0, 0, 9, 9);[49.788, 50, 50, 50]
(0, 0.0, 3, 7, 2, 8, 0, 0, 9, 9, 3, 7, 2, 8, 0, 0, 9, 9);[49.708, 49.733000000000004, 50, 50]
(0, 1.0, 3, 7, 2, 8, 0, 0, 9, 9, 3, 7, 2, 8, 0, 0, 9, 9);[49.715, 49.71, 50, 50]
(0, 1.0, 3, 7, 2, 8, 1, 0, 9, 9, 3, 7, 2, 8, 0, 0, 9, 9);[49.733, 49.754, 50, 50]
(0, 1.0, 3, 7, 2, 8, 2, 1, 9, 9, 3, 7, 2, 8, 0, 0, 9, 9);[49.692, 50, 50, 50]
(1, 0.0, 3, 7, 2, 8, 1, 0, 9, 9, 3, 7, 2, 8, 0, 0, 9, 9);[49.723, 49.725, 50, 50]
(1, 1.0, 3, 7, 2, 8, 1, 0, 9, 9, 3, 7, 2, 8, 1, 0, 9, 9);[49.711, 50, 50, 50]
(0, 0.0, 3, 7, 2, 8, 1, 0, 9, 9, 3, 7, 2, 8, 0, 0, 9, 9);[49.708, 49.713, 50, 50]
(1, 0.0, 3, 7, 2, 8, 0, 0, 9, 9, 3, 7, 2, 8, 0, 0, 9, 9);[49.703, 49.722, 50, 50]
(1, 1.0, 3, 7, 2, 8, 0, 0, 9, 9, 3, 7, 2, 8, 0, 0, 9, 9);[49.745, 50, 50, 50]
(0, 0.0, 4, 7, 2, 8, 0, 0, 9, 9, 3, 7, 2, 8, 0, 0, 9, 9);[49.896, 50, 50, 50]
(0, 1.0, 4, 8, 2, 8, 0, 0, 9, 9, 2, 7, 2, 8, 0, 0, 9, 9);[49.906, 50, 50, 50]
(0, 1.0, 4, 8, 2, 8, 0, 0, 9, 9, 1, 7, 2, 8, 0, 0, 9, 9);[50.038000000000004, 50, 50, 50]
(0, 1.0, 3, 8, 2, 8, 0, 0, 9, 9, 2, 8, 2, 8, 0, 0, 9, 9);[49.732, 50, 50, 50]
(0, 1.0, 3, 8, 2, 8, 0, 0, 9, 9, 3, 8, 2, 8, 0, 0, 9, 9);[49.73, 49.730000000000004, 49.745, 50]
(1, 0.0, 3, 8, 2, 8, 0, 0, 9, 9, 3, 8, 2, 8, 0, 0, 9, 9);[49.47326700000001, 49.498084, 49.4978, 49.730000000000004]
(1, 1.0, 3, 8, 2, 8, 0, 0, 9, 9, 3, 8, 2, 8, 0, 0, 9, 9);[49.735, 49.73, 49.77340000000001, 50.594]
(0, 0.0, 3, 8, 2, 8, 0, 0, 9, 9, 3, 8, 2, 8, 0, 0, 9, 9);[49.730000000000004, 49.723, 49.739999999999995, 49.742000000000004]
(0, 1.0, 3, 8, 2, 8, 1, 0, 9, 9, 3, 8, 2, 8, 0, 0, 9, 9);[49.733000000000004, 49.737, 50, 50]
(2, 0.0, 3, 8, 2, 8, 0, 0, 9, 9, 3, 8, 1, 8, 0, 0, 9, 9);[49.9482, 50, 50, 50]
(2, 0.0, 3, 8, 1, 8, 0, 0, 9, 9, 3, 8, 0, 8, 0, 0, 9, 9);[50.2, 50, 50, 50]
(2, 1.0, 3, 8, 0, 8, 0, 0, 9, 9, 3, 8, 0, 8, 0, 0, 9, 9);[49.788, 50, 50, 50]
(0, 0.0, 3, 8, 0, 8, 0, 0, 9, 9, 3, 8, 0, 8, 0, 0, 9, 9);[49.760000000000005, 49.760000000000005, 50, 50]
(0, 1.0, 3, 8, 0, 8, 1, 0, 9, 9, 3, 8, 0, 8, 0, 0, 9, 9);[49.757999999999996, 50, 50, 50]
(0, 1.0, 3, 8, 1, 8, 1, 0, 9, 9, 3, 8, 0, 8, 0, 0, 9, 9);[49.76, 50, 50, 50]
(0, 1.0, 3, 8, 2, 8, 0, 0, 9, 9, 3, 8, 0, 8, 0, 0, 9, 9);[49.759, 49.751, 50, 50]
(1, 0.0, 3, 8, 2, 8, 0, 0, 9, 9, 3, 8, 1, 8, 0, 0, 9, 9);[49.709765000000004, 50, 50, 50]
(2, 0.0, 3, 8, 3, 8, 0, 0, 9, 9, 3, 8, 1, 8, 0, 0, 9, 9);[49.805592, 50, 50, 50]
(2, 1.0, 3, 8, 2, 8, 0, 0, 9, 9, 3, 8, 2, 8, 0, 0, 9, 9);[49.74, 49.718567, 50, 50]
(2, 0.0, 3, 8, 2, 8, 0, 0, 9, 9, 3, 8, 2, 8, 0, 0, 9, 9);[49.745, 49.745, 50, 50]
(3, 0.0, 3, 8, 2, 8, 0, 0, 9, 9, 3, 8, 2, 6, 0, 0, 9, 8);[52.230000000000004, 50, 50, 50]
(3, 0.0, 3, 8, 2, 6, 0, 0, 9, 8, 3, 8, 1, 4, 0, 0, 9, 5);[53.867, 50, 50, 50]
(3, 1.0, 3, 8, 1, 6, 0, 0, 9, 6, 3, 8, 0, 1, 0, 0, 9, 4);[49.892, 50, 50, 50]
(0, 0.0, 3, 8, 1, 6, 0, 0, 9, 6, 3, 8, 0, 0, 0, 0, 9, 4);[49.856, 50, 50, 50]
(0, 0.0, 3, 8, 0, 6, 0, 0, 9, 6, 3, 8, 0, 1, 0, 0, 9, 5);[49.769, 50, 50, 50]
(0, 1.0, 3, 8, 0, 6, 0, 0, 9, 6, 3, 8, 0, 3, 0, 0, 9, 6);[49.762, 50, 50, 50]
(0, 1.0, 3, 8, 1, 6, 0, 0, 9, 6, 3, 8, 0, 5, 0, 0, 9, 6);[49.754999999999995, 50, 50, 50]
(0, 1.0, 3, 8, 1, 6, 0, 0, 9, 6, 3, 8, 0, 6, 0, 0, 9, 6);[49.751000000000005, 50, 50, 50]
(0, 1.0, 3, 8, 1, 6, 0, 0, 9, 6, 3, 8, 1, 6, 0, 0, 9, 6);[49.728, 49.725, 49.869, 50]
(1, 0.0, 3, 8, 1, 6, 0, 0, 9, 6, 3, 8, 1, 6, 0, 0, 9, 6);[49.738, 49.749, 50, 50]
(1, 1.0, 3, 8, 1, 6, 0, 0, 9, 6, 3, 8, 1, 6, 0, 0, 9, 6);[49.748, 50, 50, 50]
(0, 0.0, 3, 8, 1, 6, 0, 0, 9, 6, 3, 8, 1, 6, 0, 0, 9, 6);[49.75, 49.749, 50, 50]
(2, 0.0, 3, 8, 1, 6, 0, 0, 9, 6, 3, 8, 0, 6, 0, 0, 9, 6);[49.80800000000001, 50, 50, 50]
(2, 0.0, 3, 8, 0, 6, 0, 0, 9, 6, 3, 8, 0, 6, 0, 0, 9, 6);[49.76, 49.805, 49.802, 50]
(2, 1.0, 3, 8, 0, 6, 0, 0, 9, 6, 3, 8, 0, 6, 0, 0, 9, 6);[49.760000000000005, 49.80200000000001, 50, 50]
(0, 0.0, 3, 8, 0, 6, 0, 0, 9, 6, 3, 8, 0, 6, 0, 0, 9, 6);[49.755, 49.751, 49.785000000000004, 49.785000000000004]
(0, 1.0, 3, 8, 0, 6, 0, 0, 9, 6, 3, 8, 0, 6, 0, 0, 9, 6);[49.759, 49.757, 49.797999999999995, 50]
(1, 0.0, 3, 8, 0, 6, 0, 0, 9, 6, 3, 8, 0, 6, 0, 0, 9, 6);[49.763, 49.774, 49.803, 50]
(1, 1.0, 3, 8, 0, 6, 0, 0, 9, 6, 3, 8, 0, 6, 0, 0, 9, 6);[49.783, 50, 50, 50]
(1, 0.0, 3, 8, 0, 7, 0, 0, 9, 6, 3, 8, 0, 6, 0, 0, 9, 6);[49.809000000000005, 50, 50, 50]
(1, 1.0, 3, 8, 1, 8, 0, 0, 9, 6, 3, 8, 0, 7, 0, 0, 9, 6);[49.807, 50, 50, 50]
(0, 0.0, 3, 8, 2, 8, 0, 0, 9, 6, 3, 8, 0, 8, 0, 0, 9, 6);[49.799, 50, 50, 50]
(0, 0.0, 3, 8, 2, 8, 0, 0, 9, 6, 3, 8, 1, 8, 0, 0, 9, 6);[49.795, 50, 50, 50]
(0, 1.0, 3, 8, 2, 8, 0, 0, 9, 6, 3, 8, 2, 8, 0, 0, 9, 6);[49.795, 49.795, 50, 50]
(1, 0.0, 3, 8, 2, 8, 0, 0, 9, 6, 3, 8, 2, 8, 0, 0, 9, 6);[49.795, 49.794, 50, 50]
(1, 1.0, 3, 8, 2, 8, 0, 0, 9, 6, 3, 8, 2, 8, 0, 0, 9, 6);[49.79600000000001, 50, 50, 50]
(0, 0.0, 3, 8, 2, 8, 0, 0, 9, 6, 3, 8, 2, 8, 0, 0, 9, 6);[49.795, 49.811, 50, 50]
(0, 1.0, 4, 8, 2, 9, 0, 0, 9, 6, 3, 8, 2, 8, 0, 0, 9, 6);[49.809999999999995, 50, 50, 50]
(0, 1.0, 5, 8, 2, 9, 0, 0, 9, 6, 4, 8, 2, 9, 0, 0, 9, 6);[49.795, 50, 50, 50]
(0, 1.0, 6, 8, 2, 9, 0, 0, 9, 6, 5, 8, 2, 9, 0, 0, 9, 6);[49.777, 50, 50, 50]
(0, 1.0, 6, 8, 2, 9, 0, 0, 9, 6, 6, 8, 2, 9, 0, 0, 9, 6);[49.778, 50, 50, 50]
(0, 1.0, 6, 8, 4, 9, 0, 0, 9, 6, 6, 8, 2, 9, 0, 0, 9, 6);[49.782000000000004, 50, 50, 50]
(0, 1.0, 6, 8, 5, 9, 0, 0, 9, 6, 6, 8, 2, 9, 0, 0, 9, 6);[49.778, 50, 50, 50]
(0, 1.0, 6, 8, 5, 9, 0, 0, 9, 6, 6, 8, 4, 9, 0, 0, 9, 6);[49.767, 50, 50, 50]
(0, 1.0, 6, 8, 5, 9, 0, 0, 9, 6, 6, 8, 5, 9, 0, 0, 9, 6);[49.765, 49.765, 50, 50]
(1, 0.0, 6, 8, 5, 9, 0, 0, 9, 6, 6, 8, 5, 9, 0, 0, 9, 6);[49.765, 49.763, 50, 50]
(1, 1.0, 6, 8, 6, 9, 0, 0, 9, 6, 6, 8, 5, 9, 0, 0, 9, 6);[49.767, 50, 50, 50]
(0, 0.0, 6, 8, 6, 9, 0, 0, 9, 6, 6, 8, 5, 9, 0, 0, 9, 6);[49.76, 49.779999999999994, 50, 50]
(0, 0.0, 6, 8, 6, 9, 0, 0, 9, 6, 6, 8, 6, 9, 0, 0, 9, 6);[49.760000000000005, 49.702, 49.72, 49.773]
(0, 1.0, 6, 8, 6, 9, 0, 0, 9, 6, 6, 8, 6, 9, 0, 0, 9, 6);[49.760000000000005, 49.75599999999999, 49.918, 51.429]
(1, 0.0, 6, 8, 6, 9, 0, 0, 9, 6, 6, 8, 6, 9, 0, 0, 9, 6);[49.745000000000005, 49.721, 50, 50]
(1, 1.0, 6, 8, 6, 9, 0, 0, 9, 6, 6, 8, 6, 9, 0, 0, 9, 6);[49.697, 50, 50, 50]
(2, 0.0, 6, 8, 5, 9, 0, 0, 9, 6, 6, 8, 5, 9, 0, 0, 9, 6);[49.936, 49.785, 50, 50]
(2, 1.0, 6, 8, 5, 9, 0, 0, 9, 6, 6, 8, 5, 9, 0, 0, 9, 6);[49.783, 50, 50, 50]
(3, 0.0, 6, 8, 6, 8, 0, 0, 9, 5, 6, 8, 6, 7, 0, 0, 9, 4);[53.172999999999995, 50, 50, 50]
(3, 0.0, 6, 8, 5, 7, 0, 0, 9, 4, 6, 8, 5, 5, 0, 0, 9, 4);[50.882000000000005, 50, 50, 50]
(3, 1.0, 6, 8, 4, 7, 0, 0, 9, 4, 6, 8, 3, 2, 0, 0, 9, 4);[49.971, 50, 50, 50]
(0, 0.0, 6, 8, 4, 8, 0, 0, 9, 4, 6, 8, 3, 2, 0, 0, 9, 4);[49.795, 50, 50, 50]
(0, 0.0, 6, 8, 4, 8, 0, 0, 9, 4, 6, 8, 4, 5, 0, 0, 9, 4);[49.899, 50, 50, 50]
(0, 1.0, 6, 8, 3, 8, 0, 0, 9, 4, 6, 8, 3, 6, 0, 0, 9, 4);[49.757, 50, 50, 50]
(0, 1.0, 6, 8, 3, 8, 0, 0, 9, 4, 6, 8, 3, 8, 0, 0, 9, 4);[49.769, 50, 50, 50]
(0, 1.0, 6, 8, 4, 8, 0, 0, 9, 4, 6, 8, 3, 8, 0, 0, 9, 4);[49.788, 50, 50, 50]
(0, 1.0, 6, 8, 4, 8, 0, 0, 9, 4, 6, 8, 4, 8, 0, 0, 9, 4);[49.801, 49.843, 49.815000000000005, 50]
(1, 0.0, 6, 8, 4, 8, 0, 0, 9, 4, 6, 8, 4, 8, 0, 0, 9, 4);[49.805, 49.801, 50, 50]
(1, 1.0, 6, 8, 4, 8, 0, 0, 9, 4, 6, 8, 4, 8, 0, 0, 9, 4);[49.802, 50, 50, 50]
(0, 0.0, 6, 8, 4, 8, 0, 0, 9, 4, 6, 8, 4, 8, 0, 0, 9, 4);[49.809000000000005, 49.815, 49.819, 49.819]
(2, 0.0, 6, 8, 4, 8, 0, 0, 9, 4, 6, 8, 4, 8, 0, 0, 9, 4);[49.813, 49.815, 50, 50]
(2, 1.0, 6, 8, 4, 8, 0, 0, 9, 4, 6, 8, 4, 8, 0, 0, 9, 4);[49.815000000000005, 50, 50, 50]
(0, 1.0, 7, 8, 4, 8, 0, 0, 9, 4, 6, 8, 4, 8, 0, 0, 9, 4);[49.82, 50, 50, 50]
(0, 1.0, 7, 8, 4, 8, 0, 0, 9, 4, 7, 8, 4, 8, 0, 0, 9, 4);[49.824, 49.814, 50, 50]
(1, 0.0, 7, 8, 4, 8, 0, 0, 9, 4, 7, 8, 4, 8, 0, 0, 9, 4);[49.803, 50, 50, 50]
(1, 0.0, 7, 8, 4, 9, 0, 0, 9, 4, 7, 8, 4, 8, 0, 0, 9, 4);[49.812, 50, 50, 50]
(1, 1.0, 7, 8, 4, 9, 0, 0, 9, 4, 7, 8, 4, 9, 0, 0, 9, 4);[49.828, 50, 50, 50]
(0, 0.0, 7, 8, 4, 9, 0, 0, 9, 4, 7, 8, 4, 9, 0, 0, 9, 4);[49.824, 49.797, 50, 50]
(0, 1.0, 7, 8, 4, 9, 0, 0, 9, 4, 7, 8, 4, 9, 0, 0, 9, 4);[49.790000000000006, 49.809999999999995, 50, 50]
(1, 0.0, 7, 8, 4, 9, 0, 0, 9, 4, 7, 8, 4, 9, 0, 0, 9, 4);[49.819, 50, 50, 50]
(1, 0.0, 7, 8, 5, 9, 0, 0, 9, 4, 7, 8, 4, 9, 0, 0, 9, 4);[49.807, 50, 50, 50]
(1, 1.0, 7, 8, 5, 9, 0, 0, 9, 4, 7, 8, 5, 9, 0, 0, 9, 4);[49.795, 49.81, 50.56699999999999, 50]
(0, 0.0, 7, 8, 5, 9, 0, 0, 9, 4, 7, 8, 5, 9, 0, 0, 9, 4);[49.803999999999995, 49.813, 49.839, 49.821000000000005]
(0, 1.0, 7, 8, 5, 9, 1, 0, 9, 4, 7, 8, 5, 9, 0, 0, 9, 4);[49.817, 49.813, 50, 50]
(1, 0.0, 7, 8, 5, 9, 1, 0, 9, 4, 7, 8, 5, 9, 0, 0, 9, 4);[49.806, 50, 50, 50]
(1, 0.0, 7, 8, 5, 9, 1, 0, 9, 4, 7, 8, 5, 9, 1, 0, 9, 4);[49.815, 50, 50, 50]
(1, 1.0, 7, 8, 5, 9, 1, 0, 9, 4, 7, 8, 5, 9, 1, 0, 9, 4);[49.835, 50, 50, 50]
(0, 1.0, 7, 8, 5, 9, 0, 0, 9, 4, 7, 8, 5, 9, 0, 0, 9, 4);[49.791999999999994, 49.792, 50, 50]
(1, 0.0, 7, 8, 5, 9, 0, 0, 9, 4, 7, 8, 5, 9, 0, 0, 9, 4);[49.789, 49.799, 50, 50]
(2, 0.0, 7, 8, 5, 9, 0, 0, 9, 4, 7, 8, 5, 9, 0, 0, 8, 4);[51.358000000000004, 50, 50, 50]
(2, 0.0, 7, 8, 5, 9, 0, 0, 8, 4, 7, 8, 5, 9, 0, 0, 5, 2);[52.373, 50, 50, 50]
(2, 1.0, 7, 8, 5, 9, 0, 0, 6, 4, 7, 8, 5, 9, 0, 0, 2, 0);[52.186, 50, 50, 50]
(0, 0.0, 7, 8, 5, 9, 0, 0, 8, 2, 7, 8, 5, 9, 0, 0, 1, 0);[49.902, 50, 50, 50]
(0, 0.0, 7, 8, 5, 9, 0, 0, 8, 2, 7, 8, 5, 9, 0, 0, 3, 0);[49.873, 50, 50, 50]
(0, 1.0, 7, 8, 5, 9, 0, 0, 8, 3, 7, 8, 5, 9, 0, 0, 4, 2);[49.862, 50, 50, 50]
(0, 1.0, 7, 8, 5, 9, 0, 0, 8, 4, 7, 8, 5, 9, 0, 0, 5, 2);[49.811, 50, 50, 50]
(0, 1.0, 7, 8, 5, 9, 0, 0, 8, 4, 7, 8, 5, 9, 0, 0, 7, 4);[49.762, 50, 50, 50]
(0, 1.0, 7, 8, 5, 9, 0, 0, 8, 4, 7, 8, 5, 9, 0, 0, 8, 4);[49.768, 49.794, 50, 50]
(1, 0.0, 7, 8, 5, 9, 0, 0, 8, 4, 7, 8, 5, 9, 0, 0, 8, 4);[49.81699999999999, 49.828, 50, 50]
(1, 1.0, 7, 8, 5, 9, 0, 0, 8, 4, 7, 8, 5, 9, 0, 0, 8, 4);[49.829, 50, 50, 50]
(0, 0.0, 7, 8, 5, 9, 0, 0, 8, 5, 7, 8, 5, 9, 0, 0, 8, 4);[49.827999999999996, 50, 50, 50]
(0, 0.0, 7, 8, 5, 9, 0, 0, 8, 5, 7, 8, 5, 9, 0, 0, 8, 5);[49.825, 49.818, 49.826, 50]
(0, 1.0, 7, 8, 5, 9, 0, 0, 8, 5, 7, 8, 5, 9, 0, 0, 8, 5);[49.822, 49.82, 50.817, 50]
(1, 0.0, 7, 8, 5, 9, 0, 0, 8, 5, 7, 8, 5, 9, 0, 0, 8, 5);[49.82, 49.821, 50, 50]
(1, 1.0, 7, 8, 5, 9, 0, 0, 8, 5, 7, 8, 5, 9, 0, 0, 8, 5);[49.817, 50, 50, 50]
(2, 0.0, 7, 8, 5, 9, 0, 0, 8, 5, 7, 8, 5, 9, 0, 0, 6, 5);[51.471, 50, 50, 50]
(2, 0.0, 7, 8, 5, 9, 0, 0, 7, 5, 7, 8, 5, 9, 0, 0, 4, 4);[50.582, 50, 50, 50]
(2, 1.0, 7, 9, 5, 9, 0, 0, 6, 4, 7, 8, 5, 9, 0, 0, 3, 2);[50.679, 50, 50, 50]
(0, 0.0, 7, 9, 5, 9, 0, 0, 6, 4, 7, 9, 5, 9, 0, 0, 2, 0);[50.78, 50, 50, 50]
(0, 0.0, 7, 9, 5, 9, 1, 0, 8, 2, 7, 9, 5, 9, 0, 0, 4, 1);[49.934999999999995, 50, 50, 50]
(0, 1.0, 7, 9, 5, 9, 1, 0, 8, 2, 7, 9, 5, 9, 0, 0, 5, 1);[49.846000000000004, 50, 50, 50]
(0, 1.0, 7, 9, 5, 9, 0, 0, 8, 2, 7, 9, 5, 9, 0, 0, 6, 2);[49.82299999999999, 50, 50, 50]
(0, 1.0, 7, 9, 5, 9, 0, 0, 8, 2, 7, 9, 5, 9, 0, 0, 8, 2);[49.82600000000001, 49.836999999999996, 50, 50]
(1, 0.0, 7, 9, 5, 9, 0, 0, 8, 2, 7, 9, 5, 9, 0, 0, 8, 2);[49.854, 49.863, 50, 50]
(1, 1.0, 7, 9, 5, 9, 0, 0, 9, 2, 7, 9, 5, 9, 0, 0, 8, 2);[49.86, 50, 50, 50]
(0, 0.0, 7, 9, 5, 9, 0, 0, 9, 2, 7, 9, 5, 9, 0, 0, 9, 2);[49.858999999999995, 49.855000000000004, 49.86, 49.873]
(0, 1.0, 7, 9, 5, 9, 0, 0, 9, 2, 7, 9, 5, 9, 0, 0, 9, 2);[49.849000000000004, 49.846999999999994, 49.859, 50]
(1, 0.0, 7, 9, 5, 9, 0, 0, 9, 2, 7, 9, 5, 9, 0, 0, 9, 2);[49.835, 49.848, 50, 50]
(1, 1.0, 7, 9, 5, 9, 0, 0, 9, 2, 7, 9, 5, 9, 0, 0, 9, 2);[49.858, 50, 50, 50]
(0, 1.0, 7, 9, 5, 9, 1, 0, 9, 2, 7, 9, 5, 9, 0, 0, 9, 2);[49.857, 50, 50, 50]
(2, 0.0, 7, 9, 5, 9, 0, 0, 8, 2, 7, 9, 5, 9, 0, 0, 7, 2);[49.864, 50, 50, 50]
(2, 0.0, 7, 9, 5, 9, 1, 0, 7, 2, 7, 9, 5, 9, 0, 0, 4, 1);[51.608999999999995, 50, 50, 50]
(2, 1.0, 7, 9, 5, 9, 1, 0, 6, 1, 7, 9, 5, 9, 0, 0, 4, 1);[50.067, 50, 50, 50]
(0, 0.0, 7, 9, 5, 9, 0, 0, 6, 1, 7, 9, 5, 9, 0, 0, 2, 1);[50.064, 50, 50, 50]
(0, 0.0, 7, 9, 5, 9, 0, 0, 7, 0, 7, 9, 5, 9, 0, 0, 2, 0);[49.865, 50, 50, 50]
(0, 1.0, 7, 9, 5, 9, 0, 0, 7, 0, 7, 9, 5, 9, 0, 0, 4, 0);[49.834999999999994, 50, 50, 50]
(0, 1.0, 7, 9, 5, 9, 0, 0, 7, 0, 7, 9, 5, 9, 0, 0, 6, 0);[49.834, 50, 50, 50]
(0, 1.0, 7, 9, 5, 9, 0, 0, 7, 0, 7, 9, 5, 9, 0, 0, 7, 0);[49.846999999999994, 49.859, 50.683, 50]
(1, 0.0, 7, 9, 5, 9, 0, 0, 7, 0, 7, 9, 5, 9, 0, 0, 7, 0);[49.86, 49.86, 50, 50]
(1, 1.0, 7, 9, 5, 9, 0, 0, 7, 0, 7, 9, 5, 9, 0, 0, 7, 0);[49.86, 50, 50, 50]
(0, 0.0, 7, 9, 5, 9, 0, 0, 7, 0, 7, 9, 5, 9, 0, 0, 7, 0);[49.86, 49.86, 50, 50]
(2, 0.0, 7, 9, 5, 9, 0, 0, 6, 0, 7, 9, 5, 9, 0, 0, 5, 0);[50.879000000000005, 50, 50, 50]
(2, 0.0, 7, 9, 5, 9, 0, 0, 5, 0, 7, 9, 5, 9, 0, 0, 2, 0);[51.513, 50, 50, 50]
(2, 1.0, 7, 9, 5, 9, 0, 0, 4, 0, 7, 9, 5, 9, 0, 0, 0, 0);[49.902, 50, 50, 50]
(0, 0.0, 7, 9, 5, 9, 0, 0, 4, 0, 7, 9, 5, 9, 0, 0, 0, 0);[49.893, 50, 50, 50]
(0, 0.0, 7, 9, 5, 9, 1, 0, 4, 0, 7, 9, 5, 9, 0, 0, 1, 0);[49.882, 50, 50, 50]
(0, 1.0, 7, 9, 5, 9, 1, 0, 4, 0, 7, 9, 5, 9, 0, 0, 3, 0);[49.866, 50, 50, 50]
(0, 1.0, 7, 9, 5, 9, 1, 0, 4, 0, 7, 9, 5, 9, 0, 0, 4, 0);[49.86, 50, 50, 50]
(0, 1.0, 7, 9, 5, 9, 1, 0, 4, 0, 7, 9, 5, 9, 1, 0, 4, 0);[49.862, 49.865, 50.806999999999995, 50]
(1, 0.0, 7, 9, 5, 9, 1, 0, 4, 0, 7, 9, 5, 9, 1, 0, 4, 0);[49.864999999999995, 49.864999999999995, 50, 50]
(1, 1.0, 7, 9, 5, 9, 1, 0, 4, 0, 7, 9, 5, 9, 1, 0, 4, 0);[49.865, 50, 50, 50]
(0, 0.0, 7, 9, 5, 9, 1, 0, 4, 0, 7, 9, 5, 9, 1, 0, 4, 0);[49.864999999999995, 49.865, 50, 50]
(2, 0.0, 7, 9, 5, 9, 1, 0, 3, 0, 7, 9, 5, 9, 1, 0, 2, 0);[50.856, 50, 50, 50]
(2, 0.0, 7, 9, 5, 9, 1, 0, 2, 0, 7, 9, 5, 9, 1, 0, 0, 0);[51.111000000000004, 50, 50, 50]
(2, 1.0, 7, 9, 5, 9, 2, 0, 0, 0, 7, 9, 5, 9, 1, 0, 0, 0);[49.842, 50, 50, 50]
(0, 0.0, 7, 9, 5, 9, 2, 0, 0, 0, 7, 9, 5, 9, 1, 0, 0, 0);[49.848, 50, 50, 50]
(0, 0.0, 7, 9, 5, 9, 2, 0, 0, 0, 7, 9, 5, 9, 2, 0, 0, 0);[49.851, 49.851, 49.851, 49.785]
(0, 1.0, 7, 9, 5, 9, 2, 0, 0, 0, 7, 9, 5, 9, 2, 0, 0, 0);[49.837, 49.835, 50.099000000000004, 50]
(1, 0.0, 7, 9, 5, 9, 2, 0, 0, 0, 7, 9, 5, 9, 2, 0, 0, 0);[49.844, 49.856, 50, 50]
(1, 1.0, 7, 9, 5, 9, 2, 0, 0, 0, 7, 9, 5, 9, 2, 0, 0, 0);[49.849000000000004, 50, 50, 50]
(2, 0.0, 7, 9, 5, 9, 2, 0, 0, 0, 7, 9, 5, 9, 2, 0, 0, 0);[49.876, 49.883, 50, 50]
(2, 1.0, 7, 9, 5, 9, 2, 0, 0, 0, 7, 9, 5, 9, 2, 0, 0, 0);[49.884, 50, 50, 50]
(0, 1.0, 7, 9, 5, 9, 4, 0, 0, 0, 7, 9, 5, 9, 2, 0, 0, 0);[49.907, 49.878, 50, 50]
(0, 1.0, 7, 9, 5, 9, 5, 0, 0, 0, 7, 9, 5, 9, 2, 0, 0, 0);[49.899, 50, 50, 50]
(0, 1.0, 7, 9, 5, 9, 6, 0, 0, 0, 7, 9, 5, 9, 4, 0, 0, 0);[49.882, 50, 50, 50]
(0, 1.0, 7, 9, 5, 9, 6, 0, 0, 0, 7, 9, 5, 9, 6, 0, 0, 0);[49.88, 49.88, 50, 50]
(1, 0.0, 7, 9, 5, 9, 6, 0, 0, 0, 7, 9, 5, 9, 6, 0, 0, 0);[49.879999999999995, 49.88, 50, 50]
(1, 1.0, 7, 9, 5, 9, 6, 0, 0, 0, 7, 9, 5, 9, 6, 0, 0, 0);[50.146, 50, 50, 50]
(0, 0.0, 7, 9, 5, 9, 5, 0, 0, 0, 7, 9, 5, 9, 4, 0, 0, 0);[50.080000000000005, 50, 50, 50]
(0, 0.0, 7, 9, 5, 9, 4, 0, 0, 0, 7, 9, 5, 9, 1, 0, 0, 0);[49.93, 50, 50, 50]
(0, 1.0, 7, 9, 5, 9, 4, 0, 0, 0, 7, 9, 5, 9, 1, 0, 0, 0);[49.916, 50, 50, 50]
(1, 0.0, 7, 9, 5, 9, 4, 0, 0, 0, 7, 9, 5, 9, 4, 0, 0, 0);[49.86, 49.868, 50, 50]
(1, 1.0, 7, 9, 5, 9, 5, 0, 0, 0, 7, 9, 5, 9, 4, 0, 0, 0);[49.909800000000004, 50, 50, 50]
(0, 0.0, 7, 9, 5, 9, 5, 0, 0, 0, 7, 9, 5, 9, 5, 0, 0, 0);[49.7602, 49.893, 49.89, 49.857]
(0, 1.0, 7, 9, 5, 9, 5, 0, 0, 0, 7, 9, 5, 9, 5, 0, 0, 0);[49.886, 49.862, 49.89, 50.518]
(1, 0.0, 7, 9, 5, 9, 5, 0, 0, 0, 7, 9, 5, 9, 5, 0, 0, 0);[49.857, 49.873, 50, 50]
(1, 1.0, 7, 9, 5, 9, 5, 0, 0, 0, 7, 9, 5, 9, 5, 0, 0, 0);[49.887, 50, 50, 50]
(2, 0.0, 7, 9, 5, 9, 5, 0, 0, 0, 7, 9, 5, 9, 5, 0, 0, 0);[49.894999999999996, 49.9, 50, 50]
(2, 1.0, 7, 9, 5, 9, 5, 0, 0, 0, 7, 9, 5, 9, 5, 0, 0, 0);[49.889, 50, 50, 50]
(3, 0.0, 7, 9, 5, 8, 5, 0, 0, 0, 7, 9, 5, 7, 5, 0, 0, 0);[51.185, 50, 50, 50]
(3, 0.0, 7, 9, 5, 8, 5, 0, 0, 0, 7, 9, 5, 4, 5, 0, 0, 0);[49.91, 50, 50, 50]
(3, 1.0, 7, 9, 5, 8, 5, 0, 0, 0, 7, 9, 5, 5, 5, 0, 0, 0);[50.479, 50, 50, 50]
(0, 0.0, 7, 9, 4, 8, 5, 0, 0, 0, 7, 9, 4, 6, 5, 0, 0, 0);[50.485, 50, 50, 50]
(0, 0.0, 7, 9, 4, 9, 5, 0, 0, 0, 7, 9, 2, 6, 5, 0, 0, 0);[50.47, 50, 50, 50]
(0, 1.0, 7, 9, 3, 9, 5, 0, 0, 0, 7, 9, 0, 6, 5, 0, 0, 0);[49.931, 50, 50, 50]
(0, 1.0, 7, 9, 3, 9, 5, 0, 0, 0, 7, 9, 1, 8, 5, 0, 0, 0);[49.21, 50, 50, 50]
(0, 1.0, 7, 9, 3, 9, 5, 0, 0, 0, 7, 9, 3, 9, 5, 0, 0, 0);[49.895, 49.893, 50, 50]
(1, 0.0, 7, 9, 3, 9, 6, 0, 1, 0, 7, 9, 3, 9, 5, 0, 0, 0);[49.893, 50, 50, 50]
(1, 0.0, 7, 9, 3, 9, 6, 0, 2, 0, 7, 9, 3, 9, 6, 0, 0, 0);[49.895, 50, 50, 50]
(1, 1.0, 7, 9, 3, 9, 6, 0, 3, 0, 7, 9, 3, 9, 6, 0, 0, 0);[49.888, 50, 50, 50]
(0, 0.0, 7, 9, 3, 9, 6, 0, 3, 0, 7, 9, 3, 9, 6, 0, 1, 0);[49.868, 50, 50, 50]
(0, 0.0, 7, 9, 3, 9, 6, 0, 3, 0, 7, 9, 3, 9, 6, 0, 3, 0);[49.86, 50, 50, 50]
(0, 1.0, 7, 9, 3, 9, 6, 0, 3, 0, 7, 9, 3, 9, 6, 0, 3, 0);[49.86, 49.888, 50, 50]
(1, 0.0, 7, 9, 3, 9, 6, 0, 4, 0, 7, 8, 3, 9, 6, 0, 3, 0);[49.882, 50, 50, 50]
(1, 0.0, 7, 9, 3, 9, 6, 0, 5, 0, 7, 6, 3, 9, 6, 0, 3, 0);[49.884, 50, 50, 50]
(1, 1.0, 7, 9, 3, 9, 6, 0, 6, 0, 7, 6, 3, 9, 6, 0, 4, 0);[49.866, 50, 50, 50]
(0, 0.0, 7, 9, 3, 9, 6, 0, 6, 0, 7, 6, 3, 9, 6, 0, 6, 0);[49.845, 50, 50, 50]
(0, 0.0, 7, 9, 3, 9, 6, 0, 6, 0, 7, 8, 3, 9, 6, 0, 6, 0);[49.831, 50, 50, 50]
(0, 1.0, 7, 9, 3, 9, 6, 0, 6, 0, 7, 9, 3, 9, 6, 0, 6, 0);[49.828, 49.825, 50.879, 50]
(1, 0.0, 7, 9, 3, 9, 6, 0, 6, 0, 7, 9, 3, 9, 6, 0, 6, 0);[49.821, 49.825, 50, 50]
(1, 1.0, 7, 9, 3, 9, 6, 0, 6, 0, 7, 9, 3, 9, 6, 0, 6, 0);[49.828, 50, 50, 50]
(0, 0.0, 7, 9, 3, 9, 6, 0, 6, 0, 7, 9, 3, 9, 6, 0, 6, 0);[49.829, 49.816, 50, 50]
(2, 0.0, 7, 9, 2, 9, 6, 0, 6, 0, 7, 9, 2, 9, 6, 0, 5, 0);[50.011, 50, 50, 50]
(2, 0.0, 7, 9, 2, 9, 6, 0, 5, 0, 7, 9, 2, 9, 6, 0, 2, 0);[50.126999999999995, 50, 50, 50]
(2, 1.0, 7, 9, 2, 9, 6, 0, 3, 0, 7, 9, 2, 9, 6, 0, 0, 0);[49.956, 50, 50, 50]
(0, 0.0, 7, 9, 2, 9, 6, 0, 2, 0, 7, 9, 2, 9, 6, 0, 0, 0);[49.885, 50, 50, 50]
(0, 0.0, 7, 9, 2, 9, 6, 0, 2, 0, 7, 9, 2, 9, 6, 0, 1, 0);[49.875, 50, 50, 50]
(0, 1.0, 7, 9, 2, 9, 6, 0, 2, 0, 7, 9, 2, 9, 6, 0, 2, 0);[49.876000000000005, 49.885, 50.001000000000005, 50]
(1, 0.0, 7, 9, 2, 9, 6, 0, 2, 0, 7, 9, 2, 9, 6, 0, 2, 0);[49.89, 49.888, 50, 50]
(1, 1.0, 7, 9, 2, 9, 6, 0, 2, 0, 7, 9, 2, 9, 6, 0, 2, 0);[49.882, 50, 50, 50]
(0, 0.0, 7, 9, 2, 9, 6, 0, 2, 0, 7, 9, 2, 9, 6, 0, 2, 0);[49.88, 49.879999999999995, 50, 50]
(2, 0.0, 7, 9, 2, 9, 6, 0, 2, 0, 7, 9, 2, 9, 6, 0, 1, 0);[50.116, 50, 50, 50]
(2, 0.0, 7, 9, 2, 9, 6, 0, 1, 0, 7, 9, 2, 9, 6, 0, 0, 0);[50.114, 50, 50, 50]
(2, 1.0, 7, 9, 2, 9, 6, 0, 0, 0, 7, 9, 2, 9, 6, 0, 0, 0);[49.905, 49.905, 50, 50]
(0, 0.0, 7, 9, 2, 9, 6, 0, 0, 0, 7, 9, 2, 9, 6, 0, 0, 0);[49.905, 49.908, 49.916, 49.92]
(0, 1.0, 7, 9, 2, 9, 6, 0, 0, 0, 7, 9, 2, 9, 6, 0, 0, 0);[49.914, 49.915, 49.92, 50]
(1, 0.0, 7, 9, 2, 9, 6, 0, 0, 0, 7, 9, 2, 9, 6, 0, 0, 0);[49.912, 49.91, 49.914, 49.933]
(1, 1.0, 7, 9, 2, 9, 6, 0, 0, 0, 7, 9, 2, 9, 6, 0, 0, 0);[49.915, 50, 50, 50]
(2, 0.0, 7, 9, 2, 9, 6, 0, 0, 0, 7, 9, 2, 9, 6, 0, 0, 0);[49.919, 49.906, 50, 50]
(1, 1.0, 7, 9, 2, 9, 8, 0, 0, 0, 7, 9, 2, 9, 6, 0, 0, 0);[49.946, 50, 50, 50]
(0, 0.0, 7, 9, 2, 9, 8, 1, 0, 0, 7, 9, 2, 9, 8, 0, 0, 0);[49.94, 49.926, 50, 50]
(0, 1.0, 7, 9, 2, 9, 8, 1, 0, 0, 7, 9, 2, 9, 8, 1, 0, 0);[49.92, 49.92, 49.92, 49.94]
(1, 0.0, 7, 9, 2, 9, 8, 1, 0, 0, 7, 9, 2, 9, 8, 1, 0, 0);[49.917, 49.917, 49.925, 49.93]
(1, 1.0, 7, 9, 2, 9, 8, 1, 0, 0, 7, 9, 2, 9, 8, 1, 0, 0);[49.92, 49.935, 50, 50]
(0, 0.0, 7, 9, 2, 9, 8, 1, 0, 0, 7, 9, 2, 9, 8, 1, 0, 0);[49.92, 49.92, 49.92, 49.92]
(2, 0.0, 7, 9, 2, 9, 8, 1, 0, 0, 7, 9, 2, 9, 8, 1, 0, 0);[49.92, 49.92, 50, 50]
(2, 1.0, 7, 9, 2, 9, 8, 1, 0, 0, 7, 9, 2, 9, 8, 1, 0, 0);[49.92, 50, 50, 50]
(3, 0.0, 7, 9, 2, 9, 8, 1, 0, 0, 7, 9, 2, 8, 8, 1, 0, 0);[49.95, 50, 50, 50]
(3, 0.0, 7, 9, 2, 9, 8, 1, 0, 0, 7, 9, 1, 7, 8, 1, 0, 0);[49.962, 50, 50, 50]
(3, 1.0, 7, 9, 2, 9, 8, 1, 0, 0, 7, 9, 2, 5, 8, 1, 0, 0);[49.962, 50, 50, 50]
(0, 0.0, 7, 9, 2, 9, 8, 1, 0, 0, 7, 9, 2, 4, 8, 1, 0, 0);[49.963, 49.959, 50, 50]
(0, 0.0, 7, 9, 2, 9, 8, 1, 0, 0, 7, 9, 2, 5, 8, 1, 0, 0);[49.949, 50.513999999999996, 50, 50]
(0, 1.0, 7, 9, 3, 9, 8, 1, 0, 0, 7, 9, 3, 7, 8, 1, 0, 0);[49.926, 50, 50, 50]
(0, 1.0, 7, 9, 3, 9, 8, 1, 0, 0, 7, 9, 3, 9, 8, 1, 0, 0);[49.92, 49.92, 49.92, 50.52842]
(1, 0.0, 7, 9, 3, 9, 8, 1, 0, 0, 7, 9, 3, 9, 8, 1, 0, 0);[49.92, 49.92, 50, 50]
(1, 1.0, 7, 9, 3, 9, 8, 1, 0, 0, 7, 9, 3, 9, 8, 1, 0, 0);[49.92, 50, 50, 50]
(0, 0.0, 7, 9, 3, 9, 8, 1, 0, 0, 7, 9, 3, 9, 8, 1, 0, 0);[49.860432632000006, 49.9187062, 49.92, 49.92]
(2, 0.0, 7, 9, 3, 9, 8, 1, 0, 0, 7, 9, 3, 9, 8, 1, 0, 0);[49.918, 50, 50, 50]
(2, 0.0, 7, 9, 3, 9, 8, 1, 1, 0, 7, 9, 3, 9, 8, 1, 0, 0);[49.92999999999999, 50, 50, 50]
(2, 1.0, 7, 9, 3, 9, 8, 1, 1, 0, 7, 9, 3, 9, 8, 1, 0, 0);[49.92700000000001, 50, 50, 50]
(0, 0.0, 7, 9, 3, 9, 8, 1, 1, 0, 7, 9, 3, 9, 8, 1, 0, 0);[49.916999999999994, 50, 50, 50]
(0, 0.0, 7, 9, 3, 9, 8, 1, 1, 0, 7, 9, 3, 9, 8, 1, 1, 0);[49.915000000000006, 50, 50, 50]
(0, 1.0, 7, 9, 3, 9, 8, 1, 1, 0, 7, 9, 3, 9, 8, 1, 1, 0);[49.915, 49.915000000000006, 50, 50]
(1, 0.0, 7, 9, 3, 9, 8, 1, 1, 0, 7, 9, 3, 9, 8, 1, 1, 0);[49.91, 49.903000000000006, 50, 50]
(1, 1.0, 7, 9, 3, 9, 8, 1, 2, 0, 7, 9, 3, 9, 8, 1, 1, 0);[49.913, 50, 50, 50]
(0, 0.0, 7, 9, 3, 9, 8, 1, 4, 0, 7, 9, 3, 9, 8, 1, 1, 0);[49.911, 49.904999999999994, 50, 50]
(0, 0.0, 7, 9, 3, 9, 8, 1, 4, 0, 7, 9, 3, 9, 8, 1, 2, 0);[49.897, 50, 50, 50]
(0, 1.0, 7, 9, 3, 9, 8, 1, 4, 0, 7, 9, 3, 9, 8, 1, 4, 0);[49.886, 49.885, 49.998, 50]
(1, 0.0, 7, 9, 3, 9, 8, 1, 4, 0, 7, 9, 3, 9, 8, 1, 4, 0);[49.885000000000005, 49.882999999999996, 50, 50]
(1, 1.0, 7, 9, 3, 9, 8, 1, 6, 0, 7, 9, 3, 9, 8, 1, 4, 0);[49.883, 50, 50, 50]
(0, 0.0, 7, 9, 3, 9, 8, 1, 6, 0, 7, 9, 3, 9, 8, 1, 5, 0);[49.873999999999995, 50, 50, 50]
(0, 0.0, 7, 9, 3, 9, 8, 1, 6, 0, 7, 9, 3, 9, 8, 1, 6, 0);[49.870000000000005, 49.87, 49.87, 50]
(0, 1.0, 7, 9, 3, 9, 8, 1, 6, 0, 7, 9, 3, 9, 8, 1, 6, 0);[49.87, 49.87, 49.993, 50]
(1, 0.0, 7, 9, 3, 9, 8, 1, 6, 0, 7, 9, 3, 9, 8, 1, 6, 0);[49.87, 49.87, 50, 50]
(1, 1.0, 7, 9, 3, 9, 8, 1, 6, 0, 7, 9, 3, 9, 8, 1, 6, 0);[49.870000000000005, 50, 50, 50]
(2, 0.0, 7, 9, 3, 9, 8, 1, 5, 0, 7, 9, 3, 9, 8, 1, 4, 0);[49.96, 50, 50, 50]
(2, 0.0, 7, 9, 3, 9, 8, 1, 4, 0, 7, 9, 3, 9, 8, 1, 1, 0);[50.076, 50, 50, 50]
(2, 1.0, 7, 9, 3, 9, 8, 1, 3, 0, 7, 9, 3, 9, 8, 1, 0, 0);[49.999, 50, 50, 50]
(0, 0.0, 7, 9, 3, 9, 8, 1, 2, 0, 7, 9, 3, 9, 8, 1, 0, 0);[49.913, 50, 50, 50]
(0, 1.0, 7, 9, 3, 9, 8, 1, 4, 0, 7, 9, 3, 9, 8, 1, 2, 0);[49.902, 50, 50, 50]
(2, 0.0, 7, 9, 3, 9, 8, 1, 3, 0, 7, 9, 3, 9, 8, 1, 2, 0);[50.092, 50, 50, 50]
(2, 0.0, 7, 9, 3, 9, 8, 1, 2, 0, 7, 9, 3, 9, 8, 1, 0, 0);[50.054, 50, 50, 50]
(2, 1.0, 7, 9, 3, 9, 8, 1, 0, 0, 7, 9, 3, 9, 8, 1, 0, 0);[49.922, 50, 50, 50]
(3, 0.0, 7, 9, 3, 9, 8, 1, 0, 0, 7, 9, 3, 8, 8, 1, 0, 0);[51.341, 50, 50, 50]
(3, 0.0, 7, 9, 2, 9, 8, 1, 0, 0, 7, 9, 1, 6, 8, 1, 0, 0);[49.963, 50, 50, 50]
(3, 1.0, 7, 9, 2, 9, 8, 1, 0, 0, 7, 9, 1, 5, 8, 1, 0, 0);[49.963, 50, 50, 50]
(0, 1.0, 7, 9, 1, 9, 8, 1, 0, 0, 7, 9, 1, 8, 8, 1, 0, 0);[49.819, 50, 50, 50]
(0, 1.0, 7, 9, 2, 9, 8, 1, 0, 0, 7, 9, 1, 9, 8, 1, 0, 0);[49.931, 49.93, 50, 50]
(1, 1.0, 7, 9, 3, 9, 8, 1, 0, 0, 7, 9, 2, 9, 8, 1, 0, 0);[49.932, 50, 50, 50]
(0, 0.0, 7, 9, 3, 9, 8, 1, 0, 0, 7, 9, 2, 9, 8, 1, 0, 0);[49.92008, 50, 50, 50]
(3, 0.0, 7, 9, 3, 9, 8, 1, 0, 0, 7, 9, 3, 9, 8, 1, 0, 0);[49.925, 49.925, 49.925, 49.938]
(3, 1.0, 7, 9, 3, 9, 8, 1, 0, 0, 7, 9, 3, 9, 8, 1, 0, 0);[49.918601432, 50, 50, 50]
(3, 1.0, 7, 9, 4, 9, 8, 1, 0, 0, 7, 9, 3, 9, 8, 1, 0, 0);[49.952, 50, 50, 50]
(0, 0.0, 7, 9, 5, 9, 8, 1, 0, 0, 7, 9, 4, 9, 8, 1, 0, 0);[49.95, 50, 50, 50]
(0, 0.0, 7, 9, 6, 9, 8, 1, 0, 0, 7, 9, 5, 9, 8, 1, 0, 0);[49.937, 50, 50, 50]
(0, 1.0, 7, 9, 6, 9, 8, 1, 0, 0, 7, 9, 5, 9, 8, 1, 0, 0);[49.931, 50, 50, 50]
(0, 1.0, 7, 9, 6, 9, 8, 1, 0, 0, 7, 9, 6, 9, 8, 1, 0, 0);[49.93, 49.948, 50, 50]
(1, 0.0, 7, 9, 6, 9, 9, 2, 0, 0, 7, 9, 6, 9, 8, 1, 0, 0);[49.956, 50, 50, 50]
(1, 0.0, 7, 9, 6, 9, 9, 4, 0, 0, 7, 9, 6, 9, 9, 1, 0, 0);[49.953, 50, 50, 50]
(1, 1.0, 7, 9, 6, 9, 9, 4, 0, 0, 7, 9, 6, 9, 9, 2, 0, 0);[49.934, 50, 50, 50]
(0, 0.0, 7, 9, 6, 9, 9, 4, 0, 0, 7, 9, 6, 9, 9, 4, 0, 0);[49.93, 49.93, 49.864, 49.891]
(0, 1.0, 7, 9, 6, 9, 9, 4, 0, 0, 7, 9, 6, 9, 9, 4, 0, 0);[49.93, 49.931, 50.839, 50]
(1, 0.0, 7, 9, 6, 9, 9, 4, 0, 0, 7, 9, 6, 9, 9, 4, 0, 0);[49.929, 49.903, 50, 50]
(1, 1.0, 7, 9, 6, 9, 9, 4, 0, 0, 7, 9, 6, 9, 9, 4, 0, 0);[49.88, 50, 50, 50]
(2, 0.0, 7, 9, 5, 9, 9, 4, 0, 0, 7, 9, 4, 9, 9, 4, 0, 0);[50.733, 50, 50, 50]
(2, 0.0, 7, 9, 4, 9, 9, 4, 0, 0, 7, 9, 4, 9, 9, 4, 0, 0);[49.93, 50, 50, 50]
(2, 1.0, 7, 9, 4, 9, 9, 4, 0, 0, 7, 9, 4, 9, 9, 4, 0, 0);[49.93, 50, 50, 50]
(0, 0.0, 7, 9, 4, 9, 9, 4, 0, 0, 7, 9, 4, 9, 9, 4, 0, 0);[49.934, 49.92, 50, 50]
(0, 1.0, 7, 9, 4, 9, 9, 4, 0, 0, 7, 9, 4, 9, 9, 4, 0, 0);[49.905, 49.915, 50, 50]
(1, 0.0, 7, 9, 4, 9, 9, 4, 0, 0, 7, 9, 4, 9, 9, 4, 0, 0);[49.937, 49.937, 50, 50]
(1, 1.0, 7, 9, 4, 9, 9, 5, 0, 0, 7, 9, 4, 9, 9, 4, 0, 0);[49.934, 50, 50, 50]
(0, 0.0, 7, 9, 4, 9, 9, 5, 0, 0, 7, 9, 4, 9, 9, 5, 0, 0);[49.943, 50, 50, 50]
(0, 0.0, 7, 9, 5, 9, 9, 5, 0, 0, 7, 9, 4, 9, 9, 5, 0, 0);[49.949, 50, 50, 50]
(0, 1.0, 7, 9, 6, 9, 9, 5, 0, 0, 7, 9, 5, 9, 9, 5, 0, 0);[49.955, 50, 50, 50]
(0, 1.0, 7, 9, 7, 9, 9, 5, 0, 0, 7, 9, 6, 9, 9, 5, 0, 0);[49.936, 50, 50, 50]
(0, 1.0, 7, 9, 7, 9, 9, 5, 0, 0, 7, 9, 7, 9, 9, 5, 0, 0);[49.935, 49.935, 49.936, 50]
(1, 0.0, 7, 9, 7, 9, 9, 5, 0, 0, 7, 9, 7, 9, 9, 5, 0, 0);[49.935, 49.935, 50, 50]
(1, 1.0, 7, 9, 7, 9, 9, 5, 0, 0, 7, 9, 7, 9, 9, 5, 0, 0);[49.935, 50, 50, 50]
(0, 0.0, 7, 9, 7, 9, 9, 5, 0, 0, 7, 9, 7, 9, 9, 5, 0, 0);[49.935, 49.935, 50, 50]
(2, 0.0, 7, 9, 7, 9, 9, 5, 0, 0, 7, 9, 7, 9, 9, 5, 0, 0);[49.94, 49.94, 50, 50]
(2, 1.0, 7, 9, 7, 9, 9, 5, 0, 0, 7, 9, 7, 9, 9, 5, 0, 0);[49.94, 50, 50, 50]
(0, 0.0, 7, 9, 7, 9, 9, 5, 1, 0, 7, 9, 7, 9, 9, 5, 0, 0);[49.935, 50, 50, 50]
(0, 0.0, 7, 9, 7, 9, 9, 5, 2, 0, 7, 9, 7, 9, 9, 5, 0, 0);[49.934, 50, 50, 50]
(0, 1.0, 7, 9, 7, 9, 9, 5, 2, 0, 7, 9, 7, 9, 9, 5, 0, 0);[49.921, 50, 50, 50]
(0, 1.0, 7, 9, 7, 9, 9, 5, 2, 0, 7, 9, 7, 9, 9, 5, 1, 0);[49.905, 50, 50, 50]
(0, 1.0, 7, 9, 7, 9, 9, 5, 2, 0, 7, 9, 7, 9, 9, 5, 2, 0);[49.896, 49.903, 50, 50]
(1, 0.0, 7, 9, 7, 9, 9, 5, 2, 0, 7, 9, 7, 9, 9, 5, 2, 0);[49.894, 50, 50, 50]
(1, 0.0, 7, 9, 8, 9, 9, 5, 4, 0, 7, 9, 8, 9, 9, 5, 2, 0);[49.893, 50, 50, 50]
(1, 1.0, 7, 9, 8, 9, 9, 5, 5, 0, 7, 9, 8, 9, 9, 5, 2, 0);[49.909, 50, 50, 50]
(0, 0.0, 7, 9, 8, 9, 9, 5, 6, 0, 7, 9, 8, 9, 9, 5, 4, 0);[49.902, 50, 50, 50]
(0, 0.0, 7, 9, 8, 9, 9, 5, 6, 0, 7, 9, 8, 9, 9, 5, 5, 0);[49.889, 50, 50, 50]
(0, 1.0, 7, 9, 8, 9, 9, 5, 6, 0, 7, 9, 8, 9, 9, 5, 6, 0);[49.885, 49.885, 49.954, 50]
(1, 0.0, 7, 9, 8, 9, 9, 5, 6, 0, 7, 9, 8, 9, 9, 5, 6, 0);[49.887, 49.89, 50, 50]
(1, 1.0, 7, 9, 8, 9, 9, 5, 6, 0, 7, 9, 8, 9, 9, 5, 6, 0);[49.89, 50, 50, 50]
(0, 0.0, 7, 9, 8, 9, 9, 5, 6, 0, 7, 9, 8, 9, 9, 5, 6, 0);[49.887, 50, 49.89, 50]
(2, 0.0, 7, 9, 8, 9, 9, 5, 5, 0, 7, 9, 8, 9, 9, 5, 4, 0);[49.864000000000004, 50, 50, 50]
(2, 0.0, 7, 9, 8, 9, 9, 5, 5, 0, 7, 9, 8, 9, 9, 5, 2, 0);[49.876999999999995, 50, 50, 50]
(2, 1.0, 7, 9, 8, 9, 9, 5, 5, 0, 7, 9, 8, 9, 9, 5, 2, 0);[49.887, 50, 50, 50]
(0, 0.0, 7, 9, 8, 9, 9, 5, 5, 0, 7, 9, 8, 9, 9, 5, 4, 0);[49.898, 50, 50, 50]
(0, 0.0, 7, 9, 8, 9, 9, 5, 5, 0, 7, 9, 8, 9, 9, 5, 5, 0);[49.31549257907126, 49.318753532650966, 49.27219160784787, 49.24669712970781]
(0, 1.0, 7, 9, 8, 9, 9, 5, 5, 0, 7, 9, 8, 9, 9, 5, 5, 0);[49.48906594052489, 49.44246345841292, 49.440683205707344, 49.49268746420543]
(1, 0.0, 7, 9, 8, 9, 9, 5, 5, 0, 7, 9, 8, 9, 9, 5, 5, 0);[49.302266193551404, 49.31339643544924, 49.295215317400434, 49.31398826487668]
(1, 1.0, 7, 9, 8, 9, 9, 5, 5, 0, 7, 9, 8, 9, 9, 5, 5, 0);[49.45360296877149, 49.455553836669324, 49.42006056629474, 49.40604588989891]
(2, 0.0, 7, 9, 8, 9, 9, 5, 5, 0, 7, 9, 8, 9, 9, 5, 5, 0);[49.30399078584598, 49.29608550389061, 49.28423656761732, 49.283051253025036]
(2, 1.0, 7, 9, 8, 9, 9, 5, 5, 0, 7, 9, 8, 9, 9, 5, 5, 0);[49.4697089309183, 49.438657524135806, 49.50534631143492, 49.48992181611198]
(3, 0.0, 7, 9, 8, 9, 9, 5, 5, 0, 7, 9, 8, 9, 9, 5, 5, 0);[49.3213419361783, 49.322897369371, 49.291900536388084, 49.28532509497039]
(3, 1.0, 7, 9, 8, 9, 9, 5, 5, 0, 7, 9, 8, 9, 9, 5, 5, 0);[49.45452644500402, 49.4431503431731, 49.398579898376475, 49.426044385668796]
(2, 1.0, 7, 9, 8, 9, 9, 6, 5, 0, 7, 9, 8, 9, 9, 5, 5, 0);[49.973, 50, 50, 50]
(0, 0.0, 7, 9, 8, 9, 9, 8, 5, 0, 7, 9, 8, 9, 9, 7, 5, 0);[49.951, 50, 50, 50]
(0, 0.0, 7, 9, 8, 9, 9, 8, 5, 0, 7, 9, 8, 9, 9, 8, 5, 0);[33.32014182788143, 33.325232663702444, 33.30641904047467, 33.31081928356238]
(0, 1.0, 7, 9, 8, 9, 9, 8, 5, 0, 7, 9, 8, 9, 9, 8, 5, 0);[33.40886790881266, 33.384293394861864, 33.4185532266262, 33.40201502278537]
(1, 0.0, 7, 9, 8, 9, 9, 8, 5, 0, 7, 9, 8, 9, 9, 8, 5, 0);[33.30558275393541, 33.314716307849814, 33.31717722673364, 33.298868684093]
(1, 1.0, 7, 9, 8, 9, 9, 8, 5, 0, 7, 9, 8, 9, 9, 8, 5, 0);[33.40495575373299, 33.426834131638564, 33.39113016873328, 33.38811846457951]
(2, 0.0, 7, 9, 8, 9, 9, 8, 5, 0, 7, 9, 8, 9, 9, 8, 5, 0);[33.308008461391886, 33.32218871233739, 33.3110737193594, 33.32328806795782]
(2, 1.0, 7, 9, 8, 9, 9, 8, 5, 0, 7, 9, 8, 9, 9, 8, 5, 0);[33.391045403932445, 33.39967996038913, 33.40944748492369, 33.418256621073326]
(3, 0.0, 7, 9, 8, 9, 9, 8, 5, 0, 7, 9, 8, 9, 9, 8, 5, 0);[33.31724052863701, 33.31478559835051, 33.318425782415524, 33.30557083027938]
(3, 1.0, 7, 9, 8, 9, 9, 8, 5, 0, 7, 9, 8, 9, 9, 8, 5, 0);[33.37668604021254, 33.41122074320078, 33.40668138379303, 33.40886790881266]
