(0, 0.0, 0, 0, 0, 0, 0, 0, 0, 0, 0, 0, 0, 0, 0, 0, 0, 0);[30.172065738616826, 0, 0, 0]
(0, 1.0, 0, 0, 0, 0, 0, 0, 0, 0, 0, 0, 0, 0, 0, 0, 0, 0);[49.89605, 49.8572, 49.890057, 49.8909]
(1, 0.0, 0, 0, 0, 0, 0, 0, 0, 0, 0, 0, 0, 0, 0, 0, 0, 0);[49.844060000000006, 49.871359999999996, 49.824761035, 49.830169945]
(1, 1.0, 0, 0, 0, 0, 0, 0, 0, 0, 0, 0, 0, 0, 0, 0, 0, 0);[45.49005, 49.864900000000006, 49.922, 49.887708499999995]
(2, 0.0, 0, 0, 0, 0, 1, 0, 0, 0, 0, 0, 0, 0, 0, 0, 0, 0);[49.937, 49.929, 50, 50]
(2, 1.0, 0, 0, 0, 0, 1, 0, 0, 0, 0, 0, 0, 0, 0, 0, 0, 0);[45.918802555, 50, 50, 50]
(3, 0.0, 0, 0, 0, 0, 0, 0, 0, 0, 0, 0, 0, 0, 0, 0, 0, 0);[49.880065, 49.857677545, 49.881202, 49.879065999999995]
(3, 1.0, 0, 0, 0, 0, 0, 0, 0, 0, 0, 0, 0, 0, 0, 0, 0, 0);[46.3082535772005, 50.005399945, 49.975, 50]
(2, 0.0, 0, 0, 0, 0, 0, 0, 0, 0, 0, 0, 0, 0, 0, 0, 0, 0);[49.888, 49.94, 49.939, 49.888056999999996]
(2, 1.0, 0, 0, 0, 0, 0, 0, 0, 0, 0, 0, 0, 0, 0, 0, 0, 0);[46.72948554226097, 49.92005, 49.94, 50.022466]
(2, 0.0, 1, 0, 0, 0, 0, 0, 0, 0, 0, 0, 0, 0, 0, 0, 0, 0);[49.94, 49.947, 50, 50]
(2, 1.0, 1, 0, 0, 0, 0, 0, 0, 0, 0, 0, 0, 0, 0, 0, 0, 0);[47.01069010104684, 50, 50, 50]
(0, 1.0, 1, 0, 0, 0, 0, 0, 0, 0, 0, 0, 0, 0, 0, 0, 0, 0);[49.937, 49.979, 50, 50]
(1, 0.0, 1, 0, 0, 0, 0, 0, 0, 0, 0, 0, 0, 0, 0, 0, 0, 0);[49.936, 49.948, 50, 50]
(1, 0.0, 1, 0, 0, 0, 0, 0, 0, 0, 1, 0, 0, 0, 0, 0, 0, 0);[49.935, 49.935, 50, 50]
(1, 1.0, 1, 0, 0, 0, 0, 0, 0, 0, 1, 0, 0, 0, 0, 0, 0, 0);[49.947, 49.93, 49.94, 50]
(0, 0.0, 1, 0, 0, 0, 0, 0, 0, 0, 0, 0, 0, 0, 0, 0, 0, 0);[47.28957126985121, 49.966, 50, 50]
(0, 1.0, 0, 0, 0, 0, 0, 0, 1, 0, 0, 0, 0, 0, 0, 0, 0, 0);[49.935, 49.946, 50, 50]
(1, 0.0, 0, 0, 0, 0, 0, 0, 1, 0, 0, 0, 0, 0, 0, 0, 1, 0);[49.935, 49.935, 50, 50]
(1, 1.0, 0, 0, 1, 0, 0, 0, 1, 0, 0, 0, 0, 0, 0, 0, 1, 0);[49.935, 50, 50, 50]
(0, 0.0, 0, 0, 1, 0, 0, 0, 1, 0, 0, 0, 0, 0, 0, 0, 1, 0);[49.931, 49.935, 50, 50]
(0, 1.0, 0, 0, 1, 0, 0, 0, 1, 0, 0, 0, 1, 0, 0, 0, 1, 0);[49.93, 49.929, 50, 50]
(1, 0.0, 0, 0, 1, 0, 0, 0, 1, 0, 0, 0, 1, 0, 0, 0, 1, 0);[49.925, 50, 50, 50]
(1, 0.0, 0, 0, 2, 0, 0, 0, 1, 0, 0, 0, 1, 0, 0, 0, 1, 0);[49.925, 50, 50, 50]
(1, 1.0, 0, 0, 2, 0, 0, 0, 1, 0, 0, 0, 1, 0, 0, 0, 1, 0);[49.925, 50, 50, 50]
(0, 0.0, 0, 0, 2, 0, 0, 0, 1, 0, 0, 0, 1, 0, 0, 0, 1, 0);[49.92, 50, 50, 50]
(0, 0.0, 0, 0, 3, 0, 0, 0, 1, 0, 0, 0, 2, 0, 0, 0, 1, 0);[49.919, 50, 50, 50]
(0, 1.0, 0, 1, 3, 0, 0, 0, 1, 0, 0, 0, 2, 0, 0, 0, 1, 0);[49.915, 50, 50, 50]
(0, 1.0, 0, 1, 3, 0, 0, 0, 1, 0, 0, 0, 3, 0, 0, 0, 1, 0);[49.91, 49.909, 50, 50]
(1, 0.0, 0, 1, 3, 0, 0, 0, 1, 0, 0, 0, 3, 0, 0, 0, 1, 0);[49.911, 50, 50, 50]
(1, 0.0, 0, 0, 3, 0, 0, 0, 1, 0, 0, 0, 3, 0, 0, 0, 1, 0);[49.91, 49.898, 49.902, 50]
(1, 1.0, 0, 0, 3, 0, 0, 0, 1, 0, 0, 0, 3, 0, 0, 0, 1, 0);[49.91, 49.9, 50.232, 50]
(0, 0.0, 0, 0, 3, 0, 0, 0, 1, 0, 0, 0, 3, 0, 0, 0, 1, 0);[49.905, 49.905, 50, 50]
(0, 1.0, 0, 0, 3, 0, 0, 0, 1, 0, 0, 0, 3, 0, 0, 0, 1, 0);[49.905, 49.905, 50, 50]
(2, 0.0, 0, 0, 2, 0, 0, 0, 0, 0, 0, 0, 1, 0, 0, 0, 0, 0);[50.257, 50, 50, 50]
(2, 0.0, 0, 0, 1, 0, 0, 0, 0, 0, 0, 0, 0, 0, 0, 0, 0, 0);[50.144, 50, 50, 50]
(1, 1.0, 1, 0, 0, 0, 0, 0, 0, 0, 0, 0, 0, 0, 0, 0, 0, 0);[50.016, 50, 50, 50]
(0, 0.0, 0, 0, 0, 0, 0, 0, 0, 1, 0, 0, 0, 0, 0, 0, 0, 0);[49.935, 50, 50, 50]
(0, 1.0, 0, 0, 0, 0, 0, 0, 0, 1, 0, 0, 0, 0, 0, 0, 0, 0);[49.932, 50, 50, 50]
(0, 1.0, 0, 0, 0, 0, 0, 0, 0, 1, 0, 0, 0, 0, 0, 0, 0, 1);[49.929, 49.927, 49.986, 50.230126]
(1, 0.0, 0, 0, 0, 0, 0, 0, 0, 1, 0, 0, 0, 0, 0, 0, 0, 1);[49.925, 49.925, 50, 50]
(1, 1.0, 0, 0, 0, 0, 0, 0, 0, 1, 0, 0, 0, 0, 0, 0, 0, 1);[49.925, 50, 50, 50]
(0, 0.0, 0, 0, 0, 0, 0, 0, 0, 1, 0, 0, 0, 0, 0, 0, 0, 1);[49.878598, 49.92, 49.92, 49.922]
(2, 0.0, 0, 0, 0, 0, 0, 0, 0, 1, 0, 0, 0, 0, 0, 0, 0, 1);[49.924, 49.92, 50, 50]
(2, 1.0, 0, 0, 0, 0, 0, 0, 0, 1, 0, 0, 0, 0, 0, 0, 0, 1);[49.918, 50, 50, 50]
(3, 0.0, 0, 0, 0, 0, 0, 0, 0, 1, 0, 0, 0, 0, 0, 0, 0, 0);[50.180165, 50, 50, 50]
(3, 0.0, 0, 0, 0, 0, 0, 0, 1, 1, 0, 0, 0, 0, 0, 0, 0, 0);[49.942, 50, 50, 50]
(3, 1.0, 0, 0, 0, 0, 0, 0, 1, 1, 0, 0, 0, 0, 0, 0, 0, 0);[49.935, 50, 50, 50]
(0, 0.0, 0, 0, 0, 0, 0, 0, 1, 1, 0, 0, 0, 0, 0, 0, 1, 0);[49.918, 50, 50, 50]
(0, 0.0, 0, 0, 0, 0, 0, 0, 1, 1, 0, 0, 0, 0, 0, 0, 1, 1);[49.915, 49.92, 50, 50]
(0, 1.0, 0, 0, 0, 0, 0, 0, 1, 1, 0, 0, 0, 0, 0, 0, 1, 1);[49.915, 49.992, 50, 50]
(1, 0.0, 0, 0, 0, 0, 0, 0, 1, 1, 0, 0, 0, 0, 0, 0, 1, 1);[49.979, 49.92, 50, 50]
(1, 1.0, 0, 0, 0, 0, 0, 0, 1, 1, 0, 0, 0, 0, 0, 0, 1, 1);[49.92, 50, 50, 50]
(0, 0.0, 0, 0, 0, 0, 0, 0, 2, 1, 0, 0, 0, 0, 0, 0, 1, 1);[49.919, 50, 50, 50]
(0, 1.0, 0, 0, 0, 0, 0, 0, 2, 1, 0, 0, 0, 0, 0, 0, 1, 1);[49.911, 50, 50, 50]
(0, 1.0, 0, 0, 0, 0, 0, 0, 2, 1, 0, 0, 0, 0, 0, 0, 2, 1);[49.908, 49.91, 50.078, 50]
(1, 0.0, 0, 0, 0, 0, 0, 0, 2, 1, 0, 0, 0, 0, 0, 0, 2, 1);[49.912, 49.91, 50, 50]
(1, 1.0, 0, 0, 0, 0, 0, 0, 2, 1, 0, 0, 0, 0, 0, 0, 2, 1);[49.91, 50, 50, 50]
(0, 0.0, 0, 0, 0, 0, 0, 0, 2, 1, 0, 0, 0, 0, 0, 0, 2, 1);[49.91, 49.91, 50, 50]
(2, 0.0, 0, 0, 0, 0, 0, 0, 1, 1, 0, 0, 0, 0, 0, 0, 0, 1);[50.108, 50, 50, 50]
(2, 0.0, 1, 0, 0, 0, 0, 0, 0, 1, 0, 0, 0, 0, 0, 0, 0, 1);[49.974000000000004, 50, 50, 50]
(2, 1.0, 1, 0, 0, 0, 0, 0, 0, 1, 0, 0, 0, 0, 0, 0, 0, 1);[49.93, 50, 50, 50]
(0, 0.0, 1, 0, 0, 0, 0, 0, 0, 1, 0, 0, 0, 0, 0, 0, 0, 1);[49.920476, 50, 50, 50]
(2, 1.0, 1, 1, 0, 0, 0, 0, 0, 0, 0, 0, 0, 0, 0, 0, 0, 0);[49.994, 50, 50, 50]
(0, 0.0, 0, 1, 0, 0, 0, 0, 0, 0, 0, 0, 0, 0, 0, 0, 0, 0);[49.943, 49.933, 50, 50]
(0, 1.0, 1, 1, 0, 0, 0, 0, 0, 0, 0, 1, 0, 0, 0, 0, 0, 0);[49.935, 49.952, 50, 50]
(2, 0.0, 1, 0, 0, 0, 0, 0, 0, 0, 1, 0, 0, 0, 0, 0, 0, 0);[49.935, 49.935, 50, 50]
(2, 1.0, 1, 0, 0, 0, 0, 0, 0, 0, 1, 0, 0, 0, 0, 0, 0, 0);[47.57107614286609, 50, 50, 50]
(3, 0.0, 1, 0, 0, 0, 0, 0, 0, 0, 0, 0, 0, 0, 0, 0, 0, 0);[49.945, 49.943, 50, 50]
(3, 1.0, 1, 0, 0, 0, 0, 0, 0, 0, 1, 0, 0, 0, 0, 0, 0, 0);[47.8286918030509, 50, 50, 50]
(1, 0.0, 0, 0, 1, 0, 0, 0, 0, 0, 0, 0, 0, 0, 0, 0, 0, 0);[49.94, 49.94, 50, 50]
(1, 1.0, 0, 0, 1, 0, 0, 0, 0, 0, 0, 0, 0, 0, 0, 0, 0, 0);[49.937, 50, 50, 50]
(0, 0.0, 0, 0, 1, 0, 0, 0, 0, 0, 0, 0, 1, 0, 0, 0, 0, 0);[49.935, 49.935, 50, 50]
(0, 1.0, 0, 0, 1, 0, 0, 0, 0, 0, 0, 0, 1, 0, 0, 0, 0, 0);[49.93, 49.94, 50, 50]
(1, 0.0, 0, 0, 1, 0, 0, 0, 0, 0, 0, 0, 1, 0, 0, 0, 0, 0);[49.931, 49.93, 50, 50]
(1, 1.0, 0, 0, 2, 0, 0, 0, 0, 0, 0, 0, 1, 0, 0, 0, 0, 0);[49.944, 50, 50, 50]
(0, 0.0, 0, 0, 2, 0, 0, 0, 1, 0, 0, 0, 1, 0, 0, 0, 0, 0);[49.932, 50, 50, 50]
(0, 0.0, 0, 0, 2, 0, 0, 0, 2, 0, 0, 0, 1, 0, 0, 0, 0, 0);[49.924, 50, 50, 50]
(0, 1.0, 0, 0, 2, 0, 0, 0, 3, 0, 0, 0, 2, 0, 0, 0, 1, 0);[49.916, 50, 50, 50]
(0, 1.0, 0, 0, 2, 0, 0, 0, 3, 0, 0, 0, 2, 0, 0, 0, 2, 0);[49.903999999999996, 49.893, 50, 50]
(1, 0.0, 0, 0, 3, 0, 0, 0, 3, 0, 0, 0, 2, 0, 0, 0, 3, 0);[49.895, 49.893, 50, 50]
(1, 1.0, 0, 0, 3, 0, 0, 0, 3, 0, 0, 0, 3, 0, 0, 0, 3, 0);[49.887, 50, 50, 50]
(0, 0.0, 0, 0, 3, 0, 0, 0, 3, 0, 0, 0, 3, 0, 0, 0, 3, 0);[49.885, 50, 50, 50]
(0, 0.0, 0, 0, 4, 0, 0, 0, 3, 0, 0, 0, 3, 0, 0, 0, 3, 0);[49.883, 50, 50, 50]
(0, 1.0, 0, 0, 4, 0, 0, 0, 4, 0, 0, 0, 3, 0, 0, 0, 3, 0);[49.88, 50, 50, 50]
(0, 1.0, 0, 0, 4, 0, 0, 0, 4, 0, 0, 0, 4, 0, 0, 0, 3, 0);[49.875, 50, 50, 50]
(0, 1.0, 0, 0, 4, 0, 0, 0, 4, 0, 0, 0, 4, 0, 0, 0, 4, 0);[49.875, 49.873, 50, 50]
(1, 0.0, 0, 0, 4, 0, 0, 0, 4, 0, 0, 0, 4, 0, 0, 0, 4, 0);[49.875, 50, 50, 50]
(1, 0.0, 1, 0, 4, 0, 0, 0, 4, 0, 0, 0, 4, 0, 0, 0, 4, 0);[49.875, 50, 50, 50]
(1, 1.0, 1, 1, 4, 0, 0, 0, 4, 0, 0, 0, 4, 0, 0, 0, 4, 0);[49.877, 50, 50, 50]
(0, 0.0, 1, 1, 4, 0, 0, 0, 4, 0, 0, 0, 4, 0, 0, 0, 4, 0);[49.87, 50, 50, 50]
(0, 0.0, 0, 1, 4, 0, 0, 0, 4, 0, 0, 0, 4, 0, 0, 0, 4, 0);[49.863, 50, 50, 50]
(0, 1.0, 0, 1, 4, 0, 0, 0, 5, 0, 0, 1, 4, 0, 0, 0, 4, 0);[49.858, 49.869, 50, 50]
(1, 0.0, 0, 0, 4, 0, 0, 0, 5, 0, 0, 0, 4, 0, 0, 0, 5, 0);[49.868, 49.855, 50, 50]
(1, 1.0, 0, 0, 4, 0, 0, 0, 5, 0, 0, 0, 4, 0, 0, 0, 5, 0);[49.853, 50, 50, 50]
(0, 0.0, 0, 0, 4, 0, 0, 0, 5, 0, 0, 0, 4, 0, 0, 0, 5, 0);[49.855, 49.855, 50, 50]
(0, 1.0, 0, 0, 4, 0, 0, 0, 5, 0, 0, 0, 4, 0, 0, 0, 5, 0);[49.853, 49.857, 50, 50]
(1, 0.0, 0, 0, 4, 0, 0, 0, 6, 0, 0, 0, 4, 0, 0, 0, 5, 0);[49.855, 49.852, 50, 50]
(1, 1.0, 0, 0, 4, 0, 0, 0, 6, 0, 0, 0, 4, 0, 0, 0, 6, 0);[49.848, 50, 50, 50]
(0, 0.0, 0, 0, 4, 0, 0, 0, 6, 0, 0, 0, 4, 0, 0, 0, 6, 0);[49.845, 50, 50, 50]
(0, 0.0, 0, 0, 5, 0, 0, 0, 6, 0, 0, 0, 4, 0, 0, 0, 6, 0);[49.844, 50, 50, 50]
(0, 1.0, 0, 0, 5, 0, 0, 0, 6, 0, 0, 0, 5, 0, 0, 0, 6, 0);[49.838, 50, 50, 50]
(0, 1.0, 1, 0, 5, 0, 0, 0, 6, 0, 0, 0, 5, 0, 0, 0, 6, 0);[49.84, 49.839, 50, 50]
(1, 0.0, 1, 0, 5, 0, 0, 0, 6, 1, 0, 0, 5, 0, 0, 0, 6, 0);[49.832, 50, 50, 50]
(1, 0.0, 1, 0, 5, 0, 0, 0, 6, 1, 1, 0, 5, 0, 0, 0, 6, 0);[49.83, 50, 50, 50]
(1, 1.0, 1, 0, 6, 0, 0, 0, 6, 1, 1, 0, 5, 0, 0, 0, 6, 0);[49.841, 50, 50, 50]
(0, 0.0, 0, 0, 6, 0, 0, 0, 6, 1, 0, 0, 5, 0, 0, 0, 6, 1);[49.838, 50, 50, 50]
(0, 0.0, 0, 0, 6, 0, 0, 0, 6, 1, 0, 0, 6, 0, 0, 0, 6, 1);[49.825, 49.82, 49.82, 50]
(0, 1.0, 0, 0, 6, 0, 0, 0, 6, 1, 0, 0, 6, 0, 0, 0, 6, 1);[49.825, 49.825, 50.434, 50]
(1, 0.0, 0, 0, 6, 0, 0, 0, 6, 1, 0, 0, 6, 0, 0, 0, 6, 1);[49.825, 49.825, 50, 50]
(1, 1.0, 0, 0, 6, 0, 0, 0, 6, 1, 0, 0, 6, 0, 0, 0, 6, 1);[49.821, 50, 50, 50]
(2, 0.0, 0, 0, 6, 0, 0, 0, 5, 1, 0, 0, 4, 0, 0, 0, 4, 1);[50.864, 50, 50, 50]
(2, 0.0, 0, 0, 5, 0, 0, 0, 4, 1, 0, 0, 2, 0, 0, 0, 1, 1);[51.288, 50, 50, 50]
(2, 1.0, 0, 0, 3, 0, 0, 0, 2, 1, 0, 0, 0, 0, 0, 0, 0, 1);[49.928, 50, 50, 50]
(0, 0.0, 0, 1, 3, 0, 0, 0, 2, 1, 0, 0, 0, 0, 0, 0, 0, 1);[49.91, 50, 50, 50]
(0, 0.0, 0, 1, 3, 0, 0, 0, 2, 1, 0, 0, 1, 0, 0, 0, 1, 1);[49.878, 50, 50, 50]
(0, 1.0, 0, 1, 4, 0, 0, 0, 2, 1, 0, 0, 3, 0, 0, 0, 2, 1);[49.863, 50, 50, 50]
(0, 1.0, 0, 1, 4, 0, 0, 0, 2, 1, 0, 1, 3, 0, 0, 0, 2, 1);[49.857, 50, 50, 50]
(0, 1.0, 0, 1, 4, 0, 0, 0, 2, 1, 0, 1, 4, 0, 0, 0, 2, 1);[49.855, 49.881, 50, 50]
(1, 0.0, 0, 0, 4, 0, 0, 0, 2, 1, 0, 0, 4, 0, 0, 0, 2, 1);[49.876, 50, 50, 50]
(1, 0.0, 0, 0, 6, 0, 0, 0, 2, 1, 0, 0, 4, 0, 0, 0, 2, 1);[49.86, 50, 50, 50]
(1, 1.0, 0, 0, 6, 0, 0, 0, 2, 1, 0, 0, 4, 0, 0, 0, 2, 1);[49.852, 50, 50, 50]
(0, 0.0, 0, 0, 6, 0, 0, 0, 2, 1, 0, 0, 6, 0, 0, 0, 2, 1);[49.846000000000004, 49.845, 50, 50]
(0, 1.0, 0, 0, 6, 0, 0, 0, 2, 1, 0, 0, 6, 0, 0, 0, 2, 1);[49.845, 49.845, 50, 50]
(1, 0.0, 0, 0, 6, 0, 0, 0, 2, 1, 0, 0, 6, 0, 0, 0, 2, 1);[49.843, 50, 50, 50]
(1, 0.0, 0, 0, 6, 0, 0, 0, 3, 1, 0, 0, 6, 0, 0, 0, 2, 1);[49.845, 50, 50, 50]
(1, 1.0, 0, 0, 7, 0, 0, 0, 3, 1, 0, 0, 6, 0, 0, 0, 2, 1);[49.842, 50, 50, 50]
(0, 0.0, 0, 0, 7, 0, 0, 0, 3, 2, 0, 0, 6, 0, 0, 0, 3, 1);[49.835, 50, 50, 50]
(0, 0.0, 0, 0, 7, 0, 0, 0, 3, 2, 0, 0, 7, 0, 0, 0, 3, 1);[49.835, 50, 50, 50]
(0, 1.0, 0, 0, 7, 0, 0, 0, 3, 2, 0, 0, 7, 0, 0, 0, 3, 1);[49.831, 50, 50, 50]
(0, 1.0, 0, 0, 7, 0, 0, 0, 3, 2, 0, 0, 7, 0, 0, 0, 3, 2);[49.83, 49.83, 50, 50]
(1, 0.0, 0, 0, 7, 0, 0, 0, 3, 2, 0, 0, 7, 0, 0, 0, 3, 2);[49.826, 49.825, 50, 50]
(1, 1.0, 0, 0, 7, 0, 0, 0, 3, 2, 0, 0, 7, 0, 0, 0, 3, 2);[49.839, 50, 50, 50]
(0, 0.0, 0, 0, 7, 0, 0, 0, 4, 2, 0, 0, 7, 0, 0, 0, 3, 2);[49.83, 49.825, 50, 50]
(0, 1.0, 0, 0, 7, 0, 0, 0, 4, 2, 0, 0, 7, 0, 0, 0, 4, 2);[49.825, 49.825, 50.579, 50]
(1, 0.0, 0, 0, 7, 0, 0, 0, 4, 2, 0, 0, 7, 0, 0, 0, 4, 2);[49.825, 49.825, 50, 50]
(1, 1.0, 0, 0, 7, 0, 0, 0, 4, 2, 0, 0, 7, 0, 0, 0, 4, 2);[49.825, 50, 50, 50]
(0, 0.0, 0, 0, 7, 0, 0, 0, 4, 2, 0, 0, 7, 0, 0, 0, 4, 2);[49.825, 49.825, 50, 50]
(2, 0.0, 0, 0, 7, 0, 0, 0, 3, 2, 0, 0, 5, 0, 0, 0, 2, 2);[51.199, 50, 50, 50]
(2, 0.0, 0, 0, 6, 0, 0, 0, 3, 2, 0, 0, 3, 0, 0, 0, 0, 2);[51.254, 50, 50, 50]
(2, 1.0, 0, 0, 4, 0, 0, 0, 1, 2, 0, 0, 1, 0, 0, 0, 0, 2);[49.921, 50, 50, 50]
(0, 0.0, 0, 0, 4, 0, 0, 0, 1, 2, 0, 0, 0, 0, 0, 0, 0, 2);[49.898, 50, 50, 50]
(0, 0.0, 0, 0, 4, 0, 0, 0, 1, 2, 0, 0, 2, 0, 0, 0, 1, 2);[49.881, 50, 50, 50]
(0, 1.0, 0, 0, 4, 0, 0, 0, 1, 2, 0, 0, 3, 0, 0, 0, 1, 2);[49.87, 50, 50, 50]
(0, 1.0, 0, 0, 4, 0, 0, 0, 1, 2, 0, 0, 4, 0, 0, 0, 1, 2);[49.865, 50, 50, 50]
(0, 1.0, 0, 0, 4, 0, 0, 0, 2, 2, 0, 0, 4, 0, 0, 0, 1, 2);[49.865, 49.863, 50, 50]
(1, 0.0, 0, 0, 4, 0, 0, 0, 2, 2, 0, 0, 4, 0, 0, 0, 2, 2);[49.7322, 50, 50, 50]
(1, 1.0, 0, 0, 4, 0, 0, 0, 2, 2, 0, 0, 4, 0, 0, 0, 2, 2);[49.862, 50, 50, 50]
(0, 0.0, 0, 0, 5, 1, 0, 0, 2, 2, 0, 0, 4, 0, 0, 0, 2, 2);[49.86, 49.857, 50, 50]
(0, 1.0, 0, 0, 5, 1, 0, 0, 2, 2, 0, 0, 5, 0, 0, 0, 2, 2);[49.85, 50, 50, 50]
(0, 1.0, 0, 0, 5, 1, 0, 0, 2, 2, 0, 0, 5, 1, 0, 0, 2, 2);[49.841, 49.851, 50, 50]
(1, 0.0, 0, 0, 5, 1, 0, 0, 2, 2, 0, 0, 5, 1, 0, 0, 2, 2);[49.843, 49.84, 50, 50]
(1, 1.0, 0, 0, 5, 1, 0, 0, 2, 2, 0, 0, 5, 1, 0, 0, 2, 2);[49.852000000000004, 50, 50, 50]
(0, 0.0, 0, 0, 5, 1, 0, 0, 2, 2, 0, 0, 5, 1, 0, 0, 2, 2);[49.845, 50, 50, 50]
(0, 0.0, 1, 0, 5, 1, 0, 0, 2, 2, 0, 0, 5, 1, 0, 0, 2, 2);[49.845, 50, 50, 50]
(0, 1.0, 1, 0, 5, 1, 0, 0, 2, 2, 0, 0, 5, 1, 0, 0, 2, 2);[49.842, 49.846000000000004, 50, 50]
(1, 0.0, 2, 0, 5, 1, 0, 0, 2, 2, 1, 0, 5, 1, 0, 0, 2, 2);[49.84, 49.837, 50, 50]
(1, 1.0, 1, 0, 5, 1, 0, 0, 2, 2, 1, 0, 5, 1, 0, 0, 2, 2);[49.835, 50, 50, 50]
(0, 0.0, 1, 0, 5, 1, 0, 0, 2, 2, 1, 0, 5, 1, 0, 0, 2, 2);[49.835, 49.83, 50, 50]
(0, 1.0, 1, 0, 6, 1, 0, 0, 2, 2, 1, 0, 5, 1, 0, 0, 2, 2);[49.828, 50, 50, 50]
(0, 1.0, 1, 0, 6, 1, 0, 0, 2, 4, 1, 0, 5, 1, 0, 0, 2, 2);[50, 50, 50.019, 50]
(2, 0.0, 1, 0, 6, 1, 0, 0, 2, 4, 1, 0, 6, 1, 0, 0, 0, 2);[50.116, 50, 50, 50]
(2, 0.0, 1, 0, 6, 1, 0, 0, 1, 4, 1, 0, 6, 1, 0, 0, 0, 4);[49.944, 50, 50, 50]
(2, 1.0, 1, 0, 6, 1, 0, 0, 0, 4, 1, 0, 6, 1, 0, 0, 0, 4);[50.346000000000004, 50, 50, 50]
(0, 0.0, 1, 0, 6, 1, 0, 0, 0, 4, 0, 0, 6, 1, 0, 0, 0, 1);[49.954, 50, 50, 50]
(0, 0.0, 0, 0, 6, 1, 0, 0, 0, 4, 0, 0, 6, 1, 0, 0, 0, 2);[49.847, 50, 50, 50]
(0, 1.0, 0, 0, 6, 1, 0, 0, 0, 4, 0, 0, 6, 1, 0, 0, 0, 4);[49.847, 49.843, 50.221000000000004, 50]
(1, 0.0, 0, 0, 6, 1, 0, 0, 0, 4, 0, 0, 6, 1, 0, 0, 0, 4);[49.845, 49.843, 50, 50]
(1, 1.0, 0, 0, 6, 1, 0, 0, 0, 4, 0, 0, 6, 1, 0, 0, 0, 4);[49.849000000000004, 50, 50, 50]
(0, 0.0, 0, 0, 6, 1, 0, 0, 0, 4, 0, 0, 6, 1, 0, 0, 0, 4);[49.845, 49.845, 50, 50]
(2, 0.0, 0, 0, 5, 1, 0, 0, 0, 4, 0, 0, 4, 1, 0, 0, 0, 4);[50.921, 50, 50, 50]
(2, 0.0, 0, 0, 3, 1, 0, 0, 0, 4, 0, 0, 1, 1, 0, 0, 0, 4);[50.568, 50, 50, 50]
(2, 1.0, 0, 0, 2, 1, 0, 0, 0, 4, 0, 0, 0, 1, 0, 0, 0, 4);[49.897, 50, 50, 50]
(0, 0.0, 0, 0, 3, 1, 0, 0, 0, 4, 0, 0, 0, 1, 0, 0, 0, 4);[49.886, 50, 50, 50]
(0, 0.0, 0, 0, 3, 1, 0, 0, 0, 4, 0, 0, 2, 1, 0, 0, 0, 4);[49.874, 50, 50, 50]
(0, 1.0, 0, 0, 3, 1, 0, 0, 0, 4, 0, 0, 3, 1, 0, 0, 0, 4);[49.87, 49.87, 50, 50]
(1, 0.0, 0, 0, 3, 1, 0, 0, 0, 4, 0, 0, 3, 1, 0, 0, 0, 4);[49.87, 49.87, 50, 50]
(1, 1.0, 0, 0, 3, 1, 0, 0, 0, 4, 0, 0, 3, 1, 0, 0, 0, 4);[49.87, 50, 50, 50]
(0, 0.0, 0, 0, 3, 1, 0, 0, 0, 4, 0, 0, 3, 1, 0, 0, 0, 4);[49.864, 50, 50, 50]
(0, 0.0, 0, 0, 3, 1, 0, 0, 0, 5, 0, 0, 3, 1, 0, 0, 0, 4);[49.865, 50, 50, 50]
(0, 1.0, 0, 0, 3, 1, 0, 0, 1, 5, 0, 0, 3, 1, 0, 0, 0, 4);[49.857, 50, 50, 50]
(0, 1.0, 0, 0, 3, 1, 0, 0, 1, 6, 0, 0, 3, 1, 0, 0, 0, 5);[49.849, 50, 50, 50]
(0, 1.0, 0, 0, 3, 1, 0, 0, 1, 6, 0, 0, 3, 1, 0, 0, 0, 6);[49.84, 50, 50, 50]
(0, 1.0, 0, 0, 3, 1, 0, 0, 1, 6, 0, 0, 3, 1, 0, 0, 1, 6);[49.835, 49.835, 50.286, 50]
(1, 0.0, 0, 0, 3, 1, 0, 0, 1, 6, 0, 0, 3, 1, 0, 0, 1, 6);[49.835, 49.835, 49.898, 49.895]
(1, 1.0, 0, 0, 3, 1, 0, 0, 1, 6, 0, 0, 3, 1, 0, 0, 1, 6);[49.835, 49.905, 49.896, 50]
(0, 0.0, 0, 0, 3, 1, 0, 0, 1, 6, 0, 0, 3, 1, 0, 0, 1, 6);[49.835, 49.835, 50, 50]
(2, 0.0, 0, 0, 3, 1, 0, 0, 0, 6, 0, 0, 2, 1, 0, 0, 0, 6);[50.508, 50, 50, 50]
(2, 0.0, 0, 0, 2, 1, 0, 0, 0, 6, 0, 0, 0, 1, 0, 0, 0, 6);[50.4, 50, 50, 50]
(2, 1.0, 0, 0, 0, 1, 0, 0, 0, 6, 0, 0, 0, 1, 0, 0, 0, 6);[49.878, 49.934, 49.926, 50.363]
(0, 0.0, 0, 0, 0, 1, 0, 0, 0, 6, 0, 0, 0, 1, 0, 0, 0, 6);[49.87, 49.868, 50, 50]
(0, 1.0, 0, 0, 0, 1, 0, 0, 0, 6, 0, 0, 0, 1, 0, 0, 0, 6);[49.865, 50, 50, 50]
(0, 1.0, 0, 0, 0, 1, 0, 0, 1, 6, 0, 0, 0, 1, 0, 0, 0, 6);[49.863, 50, 50, 50]
(0, 1.0, 0, 0, 0, 1, 0, 0, 2, 6, 0, 0, 0, 1, 0, 0, 0, 6);[49.859, 50, 50, 50]
(0, 1.0, 0, 0, 0, 1, 0, 0, 4, 6, 0, 0, 0, 1, 0, 0, 1, 6);[49.853, 49.88, 50, 50]
(1, 0.0, 0, 0, 0, 1, 0, 0, 4, 6, 0, 0, 0, 1, 0, 0, 3, 6);[49.854, 50, 50, 50]
(1, 0.0, 0, 0, 0, 1, 0, 0, 4, 6, 0, 0, 0, 1, 0, 0, 4, 6);[49.84, 50, 50, 50]
(1, 1.0, 0, 0, 0, 1, 0, 0, 4, 6, 0, 0, 0, 1, 0, 0, 4, 6);[49.845, 50, 50, 50]
(0, 0.0, 0, 0, 0, 1, 0, 0, 4, 6, 0, 0, 0, 1, 0, 0, 4, 6);[49.85, 49.865, 49.83, 50]
(0, 1.0, 1, 0, 0, 1, 0, 0, 4, 6, 0, 0, 0, 1, 0, 0, 4, 6);[49.856, 49.819, 50, 50]
(1, 0.0, 1, 0, 0, 1, 0, 0, 4, 6, 0, 0, 0, 1, 0, 0, 4, 6);[49.841, 50, 50, 50]
(1, 0.0, 1, 0, 0, 1, 0, 0, 4, 6, 1, 0, 0, 1, 0, 0, 4, 6);[49.84, 50, 50, 50]
(1, 1.0, 1, 0, 0, 1, 0, 0, 4, 6, 1, 0, 0, 1, 0, 0, 4, 6);[49.818, 50, 50, 50]
(0, 0.0, 0, 1, 0, 1, 0, 0, 4, 6, 0, 0, 0, 1, 0, 0, 4, 6);[49.843, 50, 50, 50]
(0, 1.0, 1, 1, 0, 1, 0, 0, 4, 6, 0, 0, 0, 1, 0, 0, 4, 6);[49.827, 50, 50, 50]
(0, 1.0, 0, 1, 0, 1, 0, 0, 4, 6, 0, 0, 0, 1, 0, 0, 4, 6);[49.828, 50, 50, 50]
(0, 1.0, 0, 1, 0, 1, 0, 0, 4, 7, 0, 1, 0, 1, 0, 0, 4, 6);[50, 49.81, 50, 50]
(1, 0.0, 0, 0, 0, 1, 0, 0, 4, 7, 0, 0, 0, 1, 0, 0, 4, 6);[49.83, 50, 50, 50]
(1, 0.0, 0, 0, 0, 1, 0, 0, 4, 7, 0, 0, 0, 1, 0, 0, 4, 7);[49.828, 50, 50, 50]
(1, 1.0, 0, 0, 0, 1, 0, 0, 4, 7, 0, 0, 0, 1, 0, 0, 4, 7);[49.83, 50, 50, 50]
(0, 0.0, 0, 0, 0, 1, 0, 0, 4, 7, 0, 0, 0, 1, 0, 0, 4, 7);[49.837, 50, 50, 50]
(0, 0.0, 0, 0, 0, 1, 0, 0, 4, 8, 0, 0, 0, 1, 0, 0, 4, 7);[49.827999999999996, 50, 50, 50]
(0, 1.0, 0, 0, 0, 1, 0, 0, 4, 8, 0, 0, 0, 1, 0, 0, 4, 8);[49.825, 49.813, 50.0481, 50]
(1, 0.0, 0, 0, 0, 1, 0, 0, 4, 8, 0, 0, 0, 1, 0, 0, 4, 8);[49.825, 50, 49.825, 50]
(1, 1.0, 0, 0, 0, 1, 0, 0, 4, 8, 0, 0, 0, 1, 0, 0, 4, 8);[49.825, 50, 50, 50]
(0, 0.0, 0, 0, 0, 1, 0, 0, 4, 8, 0, 0, 0, 1, 0, 0, 4, 8);[49.825, 49.825, 50, 50]
(2, 0.0, 0, 0, 0, 1, 0, 0, 4, 8, 0, 0, 0, 1, 0, 0, 2, 8);[50.301, 50, 50, 50]
(2, 0.0, 0, 0, 0, 1, 0, 0, 3, 8, 0, 0, 0, 1, 0, 0, 0, 8);[50.152, 50, 50, 50]
(2, 1.0, 0, 0, 1, 1, 0, 0, 2, 8, 0, 0, 0, 1, 0, 0, 0, 8);[49.86, 50, 50, 50]
(0, 0.0, 0, 0, 1, 1, 0, 0, 2, 8, 0, 0, 0, 1, 0, 0, 1, 8);[49.85, 50, 50, 50]
(0, 0.0, 0, 0, 1, 1, 0, 0, 2, 8, 0, 0, 0, 1, 0, 0, 2, 8);[49.836, 50, 50, 50]
(0, 1.0, 0, 0, 1, 1, 0, 0, 2, 8, 0, 0, 1, 1, 0, 0, 2, 8);[49.835, 49.835, 50, 50]
(1, 0.0, 0, 0, 1, 1, 0, 0, 2, 8, 0, 0, 1, 1, 0, 0, 2, 8);[49.835, 49.831, 50, 50]
(1, 1.0, 0, 0, 1, 1, 0, 0, 3, 8, 0, 0, 1, 1, 0, 0, 2, 8);[49.828, 50, 50, 50]
(0, 0.0, 0, 0, 1, 1, 0, 0, 3, 8, 0, 0, 1, 1, 0, 0, 3, 8);[49.825, 49.825, 49.83, 49.83]
(0, 1.0, 0, 0, 1, 1, 0, 0, 3, 8, 0, 0, 1, 1, 0, 0, 3, 8);[49.825, 49.825, 50, 50]
(1, 0.0, 0, 0, 1, 1, 0, 0, 3, 8, 0, 0, 1, 1, 0, 0, 3, 8);[49.828, 49.83, 49.83, 49.83]
(1, 1.0, 0, 0, 1, 1, 0, 0, 3, 8, 0, 0, 1, 1, 0, 0, 3, 8);[49.83, 49.827, 50.186, 50]
(0, 1.0, 0, 1, 1, 1, 0, 0, 3, 8, 0, 0, 1, 1, 0, 0, 3, 8);[49.83, 49.83, 50, 50]
(2, 0.0, 0, 0, 1, 1, 0, 0, 2, 8, 0, 0, 0, 1, 0, 0, 2, 8);[50.222, 50, 50, 50]
(2, 0.0, 0, 0, 0, 1, 0, 0, 2, 8, 0, 0, 0, 1, 0, 0, 2, 8);[49.851, 50, 50, 50]
(2, 1.0, 0, 0, 0, 1, 0, 0, 2, 8, 0, 0, 0, 1, 0, 0, 2, 8);[49.888, 50, 50, 50]
(0, 0.0, 0, 0, 0, 1, 0, 0, 2, 8, 0, 0, 0, 1, 0, 0, 2, 8);[49.856, 50, 50, 50]
(0, 0.0, 0, 0, 0, 1, 0, 0, 3, 8, 0, 0, 0, 1, 0, 0, 2, 8);[49.856, 50, 50, 50]
(0, 1.0, 0, 0, 0, 1, 0, 0, 3, 8, 0, 0, 0, 1, 0, 0, 3, 8);[49.852, 49.87, 49.873, 50]
(1, 0.0, 0, 0, 0, 1, 0, 0, 3, 8, 0, 0, 0, 1, 0, 0, 3, 8);[49.851, 49.85, 50, 50]
(1, 1.0, 0, 0, 0, 1, 0, 0, 3, 8, 0, 0, 0, 1, 0, 0, 3, 8);[49.848, 50, 50, 50]
(0, 0.0, 0, 0, 0, 1, 0, 0, 3, 8, 0, 0, 0, 1, 0, 0, 3, 8);[49.849, 49.842, 49.838, 50]
(2, 0.0, 0, 0, 0, 1, 0, 0, 3, 8, 0, 0, 0, 1, 0, 0, 3, 8);[49.836, 49.833, 50, 50]
(2, 1.0, 0, 0, 0, 1, 0, 0, 3, 8, 0, 0, 0, 1, 0, 0, 3, 8);[49.84, 50, 50, 50]
(0, 0.0, 0, 0, 0, 1, 0, 0, 4, 8, 0, 0, 0, 1, 0, 0, 3, 8);[49.859661, 50, 50, 50]
(2, 0.0, 0, 0, 0, 1, 0, 0, 4, 8, 0, 0, 0, 1, 0, 0, 4, 8);[49.839, 50, 50, 50]
(2, 0.0, 0, 0, 0, 1, 0, 1, 4, 8, 0, 0, 0, 1, 0, 0, 4, 8);[49.83, 50, 50, 50]
(2, 1.0, 0, 0, 0, 1, 0, 1, 4, 8, 0, 0, 0, 1, 0, 0, 4, 8);[49.84, 50, 50, 50]
(0, 0.0, 0, 0, 0, 1, 0, 1, 4, 8, 0, 0, 0, 1, 0, 0, 4, 8);[49.835, 50, 50, 50]
(0, 0.0, 0, 0, 0, 1, 0, 1, 4, 9, 0, 0, 0, 1, 0, 1, 4, 8);[49.834, 50, 50, 50]
(0, 1.0, 0, 0, 0, 1, 0, 1, 4, 9, 0, 0, 0, 1, 0, 1, 4, 9);[49.828, 49.886, 49.842, 51.796]
(1, 0.0, 0, 0, 0, 1, 0, 1, 4, 9, 0, 0, 0, 1, 0, 1, 4, 9);[49.83, 49.828, 50, 50]
(1, 1.0, 0, 0, 0, 1, 0, 1, 4, 9, 0, 0, 0, 1, 0, 1, 4, 9);[49.828, 50, 50, 50]
(0, 0.0, 0, 0, 0, 1, 0, 1, 4, 9, 0, 0, 0, 1, 0, 1, 4, 9);[49.83, 49.83, 49.839999999999996, 49.84]
(2, 0.0, 0, 0, 0, 1, 0, 1, 4, 9, 0, 0, 0, 1, 0, 1, 4, 9);[49.836, 49.84, 50, 50]
(2, 1.0, 0, 0, 0, 1, 0, 1, 4, 9, 0, 0, 0, 1, 0, 1, 4, 9);[49.84, 50, 50, 50]
(3, 0.0, 0, 0, 0, 1, 0, 1, 4, 8, 0, 0, 0, 0, 0, 1, 4, 7);[53.798, 50, 50, 50]
(3, 0.0, 0, 0, 0, 0, 0, 1, 4, 6, 0, 0, 0, 0, 0, 1, 4, 4);[51.277, 50, 50, 50]
(3, 1.0, 0, 1, 0, 0, 0, 1, 4, 6, 0, 0, 0, 0, 0, 1, 4, 4);[50.219, 50, 50, 50]
(0, 0.0, 1, 1, 0, 0, 0, 1, 3, 6, 0, 0, 0, 0, 0, 1, 1, 2);[50.211, 50, 50, 50]
(0, 0.0, 0, 2, 0, 0, 0, 1, 2, 7, 0, 1, 0, 0, 0, 1, 2, 4);[50.097, 50, 50, 50]
(0, 1.0, 1, 2, 0, 0, 0, 1, 2, 8, 0, 1, 0, 0, 0, 1, 0, 4);[49.883, 50, 50, 50]
(0, 1.0, 1, 2, 1, 0, 0, 1, 2, 8, 0, 2, 0, 0, 0, 1, 0, 6);[49.941, 50, 50, 50]
(0, 1.0, 1, 2, 1, 0, 0, 1, 2, 8, 0, 2, 0, 0, 0, 1, 1, 7);[49.844, 50, 50, 50]
(0, 1.0, 1, 2, 1, 0, 0, 1, 2, 8, 1, 2, 1, 0, 0, 1, 1, 8);[49.827, 50, 50, 50]
(0, 1.0, 1, 2, 1, 0, 0, 1, 2, 8, 1, 2, 1, 0, 0, 1, 2, 8);[49.819, 49.868, 50, 50]
(1, 0.0, 1, 1, 1, 0, 0, 1, 2, 8, 1, 0, 1, 0, 0, 1, 2, 8);[49.849000000000004, 50, 50, 50]
(1, 0.0, 1, 0, 1, 0, 0, 1, 2, 8, 1, 0, 1, 0, 0, 1, 2, 8);[49.857, 50, 50, 50]
(1, 1.0, 1, 0, 1, 0, 0, 1, 2, 8, 1, 0, 1, 0, 0, 1, 2, 8);[49.827, 50, 50, 50]
(0, 0.0, 1, 0, 1, 0, 0, 1, 2, 8, 1, 0, 1, 0, 0, 1, 2, 8);[49.828, 49.83, 50, 50]
(0, 1.0, 1, 0, 1, 0, 0, 1, 2, 8, 1, 0, 1, 0, 0, 1, 2, 8);[49.828, 50, 50, 50]
(0, 1.0, 1, 0, 1, 0, 0, 1, 3, 8, 1, 0, 1, 0, 0, 1, 2, 8);[49.83, 49.829, 50, 50]
(1, 0.0, 1, 0, 1, 0, 0, 1, 3, 8, 1, 0, 1, 0, 0, 1, 3, 8);[49.824, 49.815, 50, 50]
(1, 1.0, 1, 0, 1, 0, 0, 1, 3, 8, 1, 0, 1, 0, 0, 1, 3, 8);[49.815, 50, 50, 50]
(0, 0.0, 1, 0, 1, 0, 0, 1, 3, 8, 1, 0, 1, 0, 0, 1, 3, 8);[49.819, 50, 50, 50]
(0, 0.0, 1, 0, 2, 0, 0, 1, 3, 8, 1, 0, 1, 0, 0, 1, 3, 8);[49.825, 50, 50, 50]
(0, 1.0, 1, 0, 2, 0, 0, 1, 3, 8, 1, 0, 1, 0, 0, 1, 3, 8);[49.825, 49.82, 50, 50]
(1, 0.0, 1, 0, 2, 0, 0, 1, 3, 8, 1, 0, 2, 0, 0, 1, 3, 8);[49.82, 50, 50, 50]
(1, 0.0, 1, 0, 2, 0, 1, 1, 3, 8, 1, 0, 2, 0, 0, 1, 3, 8);[49.812, 50, 50, 50]
(1, 1.0, 1, 0, 2, 0, 1, 1, 4, 8, 1, 0, 2, 0, 0, 1, 3, 8);[49.818, 50, 50, 50]
(0, 0.0, 1, 0, 2, 0, 0, 1, 4, 8, 1, 0, 2, 0, 0, 1, 3, 8);[49.814, 50, 50, 50]
(0, 0.0, 1, 0, 2, 0, 0, 1, 4, 8, 1, 0, 2, 0, 0, 1, 4, 8);[49.81, 50, 50, 50]
(0, 1.0, 1, 0, 2, 0, 0, 1, 4, 8, 1, 0, 2, 0, 0, 1, 4, 8);[49.81, 50, 50, 50]
(0, 1.0, 1, 0, 3, 0, 0, 1, 4, 8, 1, 0, 2, 0, 0, 1, 4, 8);[49.81, 50, 50, 50]
(0, 1.0, 2, 0, 3, 0, 0, 1, 4, 8, 1, 0, 2, 0, 0, 1, 4, 8);[50, 49.806, 50, 50]
(1, 0.0, 2, 0, 3, 0, 0, 1, 4, 8, 1, 0, 3, 0, 0, 1, 4, 8);[49.801, 50, 50, 50]
(1, 0.0, 2, 0, 3, 0, 0, 1, 4, 8, 2, 0, 3, 0, 0, 1, 4, 8);[49.794, 50, 50, 50]
(1, 1.0, 2, 0, 3, 0, 0, 1, 4, 8, 2, 0, 3, 0, 0, 1, 4, 8);[49.79, 50, 50, 50]
(0, 0.0, 2, 0, 3, 0, 0, 1, 4, 8, 2, 0, 3, 0, 0, 1, 4, 8);[49.946, 50, 50, 50]
(0, 0.0, 1, 0, 3, 0, 0, 1, 4, 8, 0, 0, 3, 0, 0, 1, 4, 8);[50.085, 50, 50, 50]
(0, 1.0, 0, 0, 3, 0, 0, 1, 4, 8, 0, 0, 3, 0, 0, 1, 4, 8);[49.829, 50.172, 50, 50]
(1, 0.0, 0, 0, 3, 0, 0, 1, 4, 8, 0, 0, 3, 0, 0, 0, 4, 8);[50.446, 50, 50, 50]
(1, 0.0, 0, 0, 4, 0, 0, 0, 4, 8, 0, 0, 3, 0, 0, 0, 4, 8);[49.856, 50, 50, 50]
(1, 1.0, 0, 0, 4, 0, 0, 0, 4, 8, 0, 0, 3, 0, 0, 0, 4, 8);[49.825, 50, 50, 50]
(0, 0.0, 0, 0, 4, 0, 0, 0, 4, 8, 0, 0, 4, 0, 0, 0, 4, 8);[49.82, 49.82, 50, 50]
(0, 1.0, 0, 0, 4, 0, 0, 0, 4, 8, 0, 0, 4, 0, 0, 0, 4, 8);[49.82, 49.82, 50, 50]
(1, 0.0, 0, 0, 5, 0, 0, 0, 4, 8, 0, 0, 4, 0, 0, 0, 4, 8);[49.823, 50, 50, 50]
(1, 0.0, 0, 0, 5, 0, 0, 0, 4, 9, 0, 0, 4, 0, 0, 0, 4, 8);[50, 50, 50, 49.819]
(1, 1.0, 0, 0, 6, 0, 0, 0, 5, 9, 0, 0, 5, 0, 0, 0, 4, 9);[49.809, 50, 50, 50]
(0, 0.0, 0, 0, 6, 0, 0, 0, 5, 9, 0, 0, 6, 0, 0, 0, 4, 9);[49.801, 49.802, 50, 50]
(0, 0.0, 0, 0, 6, 0, 0, 0, 5, 9, 0, 0, 6, 0, 0, 0, 5, 9);[49.8, 49.795, 49.795, 50]
(0, 1.0, 0, 0, 6, 0, 0, 0, 5, 9, 0, 0, 6, 0, 0, 0, 5, 9);[49.798, 49.8, 50.649, 50]
(1, 0.0, 0, 1, 6, 0, 0, 0, 5, 9, 0, 0, 6, 0, 0, 0, 5, 9);[49.8, 49.799, 50, 50]
(1, 1.0, 0, 0, 6, 0, 0, 0, 5, 9, 0, 0, 6, 0, 0, 0, 5, 9);[49.801, 50, 50, 50]
(2, 0.0, 0, 0, 6, 0, 0, 0, 4, 9, 0, 0, 4, 0, 0, 0, 4, 9);[50.339, 50, 50, 50]
(2, 0.0, 0, 0, 4, 0, 0, 0, 4, 9, 0, 0, 2, 0, 0, 0, 4, 9);[50.311, 50, 50, 50]
(2, 1.0, 0, 0, 3, 0, 0, 0, 4, 9, 0, 0, 0, 0, 0, 0, 4, 9);[49.834, 50, 50, 50]
(0, 0.0, 0, 0, 4, 0, 0, 0, 4, 9, 0, 0, 0, 0, 0, 0, 4, 9);[49.827, 50, 50, 50]
(0, 0.0, 0, 0, 4, 0, 0, 0, 4, 9, 0, 0, 2, 0, 0, 0, 4, 9);[49.819, 50, 50, 50]
(0, 1.0, 0, 0, 4, 0, 0, 0, 4, 9, 0, 0, 3, 0, 0, 0, 4, 9);[49.811, 50, 50, 50]
(0, 1.0, 0, 0, 4, 0, 0, 0, 4, 9, 0, 0, 4, 0, 0, 0, 4, 9);[49.813, 50, 50, 50]
(0, 1.0, 0, 0, 5, 0, 0, 0, 4, 9, 0, 0, 4, 0, 0, 0, 4, 9);[49.812, 49.867, 50, 50]
(1, 0.0, 0, 0, 5, 0, 0, 0, 4, 9, 0, 0, 5, 0, 0, 0, 4, 9);[49.81, 49.81, 50, 50]
(1, 1.0, 0, 0, 6, 0, 0, 0, 4, 9, 0, 0, 5, 0, 0, 0, 4, 9);[49.81, 50, 50, 50]
(0, 0.0, 0, 0, 6, 0, 0, 0, 4, 9, 0, 0, 5, 0, 0, 0, 4, 9);[49.803, 50, 50, 50]
(0, 1.0, 0, 0, 6, 0, 0, 0, 7, 9, 0, 0, 6, 0, 0, 0, 5, 9);[49.788000000000004, 50, 50, 50]
(0, 1.0, 0, 0, 6, 0, 0, 0, 7, 9, 0, 0, 6, 0, 0, 0, 7, 9);[49.78, 49.777, 50.008, 50]
(1, 0.0, 0, 0, 6, 0, 0, 0, 7, 9, 0, 0, 6, 0, 0, 0, 7, 9);[49.775, 49.775, 50, 50]
(1, 1.0, 0, 0, 6, 0, 0, 0, 7, 9, 0, 0, 6, 0, 0, 0, 7, 9);[49.772, 50, 50, 50]
(0, 0.0, 0, 0, 6, 0, 0, 0, 7, 9, 0, 0, 6, 0, 0, 0, 7, 9);[49.77, 49.77, 50, 50]
(2, 0.0, 0, 0, 6, 0, 0, 0, 7, 9, 0, 0, 4, 0, 0, 0, 7, 9);[50.341, 50, 50, 50]
(2, 0.0, 0, 0, 4, 0, 0, 0, 7, 9, 0, 0, 2, 0, 0, 0, 7, 9);[50.075, 50, 50, 50]
(2, 1.0, 0, 0, 3, 0, 0, 0, 7, 9, 0, 0, 0, 0, 0, 0, 7, 9);[49.804, 50, 50, 50]
(0, 0.0, 0, 0, 3, 0, 0, 0, 8, 9, 0, 0, 0, 0, 0, 0, 7, 9);[50, 49.786, 50, 50]
(0, 0.0, 0, 0, 3, 0, 0, 0, 8, 9, 0, 0, 2, 0, 0, 0, 8, 9);[49.778999999999996, 50, 50, 50]
(0, 1.0, 0, 0, 3, 0, 0, 0, 8, 9, 0, 0, 3, 0, 0, 0, 8, 9);[49.786, 49.817, 50, 50]
(1, 0.0, 0, 0, 3, 0, 0, 0, 8, 9, 0, 0, 3, 0, 0, 0, 8, 9);[49.79, 50, 50, 50]
(1, 0.0, 1, 0, 3, 0, 0, 0, 8, 9, 0, 0, 3, 0, 0, 0, 8, 9);[49.789, 50, 50, 50]
(1, 1.0, 1, 0, 3, 0, 0, 0, 8, 9, 0, 0, 3, 0, 0, 0, 8, 9);[49.791, 50, 50, 50]
(0, 0.0, 0, 0, 3, 0, 0, 0, 8, 9, 0, 0, 3, 0, 0, 0, 8, 9);[49.79, 49.788, 50, 50]
(0, 1.0, 0, 0, 3, 0, 0, 0, 9, 9, 0, 0, 3, 0, 0, 0, 8, 9);[49.781, 50, 50, 50]
(0, 1.0, 0, 0, 3, 0, 0, 0, 9, 9, 0, 0, 3, 0, 0, 0, 9, 9);[49.78, 50, 50, 50.78]
(3, 0.0, 0, 0, 3, 0, 0, 0, 9, 9, 0, 0, 3, 0, 0, 0, 9, 8);[51.709, 50, 50, 50]
(3, 0.0, 0, 0, 3, 0, 0, 0, 8, 8, 0, 0, 3, 0, 0, 0, 6, 5);[50.349, 50, 50, 50]
(3, 1.0, 0, 0, 3, 0, 0, 0, 8, 7, 0, 0, 3, 0, 0, 0, 4, 2);[50.349000000000004, 50, 50, 50]
(0, 0.0, 0, 0, 3, 0, 0, 0, 8, 6, 0, 0, 3, 0, 0, 0, 3, 1);[50.13, 50, 50, 50]
(0, 0.0, 0, 0, 3, 0, 0, 0, 8, 7, 0, 0, 3, 0, 0, 0, 5, 2);[49.974, 50, 50, 50]
(0, 1.0, 0, 0, 4, 0, 0, 0, 7, 8, 0, 0, 3, 0, 0, 0, 6, 6);[49.95, 50, 50, 50]
(0, 1.0, 0, 0, 4, 0, 0, 0, 6, 8, 0, 0, 4, 0, 0, 0, 5, 6);[49.9, 50, 50, 50]
(0, 1.0, 0, 0, 4, 1, 0, 0, 6, 9, 0, 0, 4, 0, 0, 0, 4, 7);[49.808, 50, 50, 50]
(0, 1.0, 0, 0, 4, 1, 0, 0, 6, 9, 0, 0, 4, 0, 0, 0, 5, 9);[49.797, 50, 50, 50]
(0, 1.0, 0, 0, 4, 1, 0, 0, 6, 9, 0, 0, 4, 0, 0, 0, 6, 9);[49.786, 50, 50, 50]
(0, 1.0, 0, 0, 4, 1, 0, 0, 6, 9, 0, 0, 4, 1, 0, 0, 6, 9);[49.78, 49.772999999999996, 50, 50]
(1, 0.0, 0, 0, 4, 1, 0, 0, 6, 9, 0, 0, 4, 1, 0, 0, 6, 9);[49.772, 50, 50, 50]
(1, 0.0, 0, 0, 4, 1, 0, 0, 8, 9, 0, 0, 4, 1, 0, 0, 6, 9);[49.765, 50, 50, 50]
(1, 1.0, 0, 0, 4, 1, 0, 0, 8, 9, 0, 0, 4, 1, 0, 0, 8, 9);[49.765, 49.767, 50.744, 50]
(0, 0.0, 0, 0, 4, 1, 0, 0, 8, 9, 0, 0, 4, 1, 0, 0, 8, 9);[49.766, 49.773, 50, 50]
(0, 1.0, 0, 0, 4, 1, 0, 0, 8, 9, 0, 0, 4, 1, 0, 0, 8, 9);[49.775, 49.772999999999996, 50, 50]
(1, 0.0, 0, 0, 4, 1, 0, 0, 8, 9, 0, 0, 4, 1, 0, 0, 8, 9);[49.771, 49.768, 50, 50]
(2, 0.0, 0, 0, 4, 1, 0, 0, 8, 9, 0, 0, 3, 1, 0, 0, 6, 9);[51.466, 50, 50, 50]
(2, 0.0, 0, 0, 3, 1, 0, 0, 7, 9, 0, 0, 0, 1, 0, 0, 4, 9);[51.434, 50, 50, 50]
(2, 1.0, 0, 1, 2, 1, 0, 0, 5, 9, 0, 0, 0, 1, 0, 0, 2, 9);[49.865, 50, 50, 50]
(0, 0.0, 0, 1, 2, 1, 0, 0, 5, 9, 0, 0, 1, 1, 0, 0, 2, 9);[49.839, 50, 50, 50]
(0, 0.0, 0, 1, 2, 1, 0, 0, 5, 9, 0, 0, 2, 1, 0, 0, 4, 9);[49.806, 50, 50, 50]
(0, 1.0, 0, 1, 2, 1, 0, 0, 5, 9, 0, 1, 2, 1, 0, 0, 5, 9);[49.8, 49.827, 50, 50]
(1, 0.0, 0, 1, 2, 1, 0, 0, 5, 9, 0, 0, 2, 1, 0, 0, 5, 9);[49.814, 50, 50, 50]
(1, 0.0, 0, 0, 2, 1, 0, 0, 5, 9, 0, 0, 2, 1, 0, 0, 5, 9);[49.82, 50, 50, 50]
(1, 1.0, 0, 0, 2, 1, 0, 0, 5, 9, 0, 0, 2, 1, 0, 0, 5, 9);[49.82, 50, 50, 50]
(0, 0.0, 0, 0, 2, 1, 0, 0, 5, 9, 0, 0, 2, 1, 0, 0, 5, 9);[49.817, 50, 50, 50]
(0, 0.0, 0, 0, 2, 1, 0, 0, 6, 9, 0, 0, 2, 1, 0, 0, 6, 9);[49.815, 50, 50, 50]
(0, 1.0, 0, 0, 2, 1, 0, 0, 6, 9, 0, 0, 2, 1, 0, 0, 6, 9);[49.82, 49.82, 50, 50]
(1, 0.0, 1, 0, 2, 1, 0, 0, 6, 9, 0, 0, 2, 1, 0, 0, 6, 9);[49.818, 50, 50, 50]
(1, 0.0, 2, 0, 3, 1, 0, 0, 6, 9, 0, 0, 2, 1, 0, 0, 6, 9);[49.809, 50, 50, 50]
(1, 1.0, 2, 0, 3, 1, 0, 0, 6, 9, 1, 0, 2, 1, 0, 0, 6, 9);[49.797, 50, 50, 50]
(0, 0.0, 2, 0, 3, 1, 0, 0, 6, 9, 1, 0, 3, 1, 0, 0, 6, 9);[49.786, 50, 50, 50]
(0, 0.0, 2, 0, 4, 1, 0, 0, 6, 9, 2, 0, 3, 1, 0, 0, 6, 9);[49.783, 50, 50, 50]
(0, 1.0, 2, 0, 4, 1, 0, 0, 6, 9, 2, 0, 3, 1, 0, 0, 6, 9);[49.78, 50, 50, 50]
(0, 1.0, 2, 0, 4, 1, 0, 0, 6, 9, 2, 0, 4, 1, 0, 0, 6, 9);[49.775, 49.774, 50, 50]
(1, 0.0, 3, 0, 4, 1, 0, 0, 6, 9, 2, 0, 4, 1, 0, 0, 6, 9);[49.78, 49.775, 50, 50]
(1, 1.0, 3, 0, 4, 1, 0, 0, 6, 9, 3, 0, 4, 1, 0, 0, 6, 9);[49.771, 50, 50, 50]
(0, 0.0, 4, 0, 4, 1, 0, 0, 6, 9, 3, 0, 4, 1, 0, 0, 6, 9);[49.77, 49.765, 50, 50]
(0, 1.0, 4, 0, 4, 1, 0, 0, 6, 9, 4, 0, 4, 1, 0, 0, 6, 9);[49.765, 49.777, 50, 50]
(1, 0.0, 5, 0, 4, 1, 0, 0, 6, 9, 4, 0, 4, 1, 0, 0, 6, 9);[49.786, 50, 50, 50]
(1, 0.0, 6, 0, 4, 1, 0, 0, 6, 9, 4, 0, 4, 1, 0, 0, 6, 9);[49.769999999999996, 50, 50, 50]
(1, 1.0, 6, 1, 5, 1, 0, 0, 6, 9, 5, 0, 4, 1, 0, 0, 6, 9);[49.777, 50, 50, 50]
(0, 0.0, 6, 1, 5, 1, 0, 0, 6, 9, 6, 0, 4, 1, 0, 0, 6, 9);[49.754, 50, 50, 50]
(0, 0.0, 6, 1, 5, 1, 0, 0, 6, 9, 6, 1, 5, 1, 0, 0, 6, 9);[49.744, 49.748999999999995, 49.745000000000005, 50]
(0, 1.0, 6, 1, 5, 1, 0, 0, 6, 9, 6, 1, 5, 1, 0, 0, 6, 9);[49.74, 49.723, 50.202, 50]
(1, 0.0, 6, 0, 5, 1, 0, 0, 6, 9, 6, 0, 5, 1, 0, 0, 6, 9);[49.74, 49.742000000000004, 50, 50]
(1, 1.0, 6, 0, 5, 1, 0, 0, 6, 9, 6, 0, 5, 1, 0, 0, 6, 9);[49.745, 50, 50, 50]
(0, 0.0, 6, 0, 5, 1, 0, 0, 6, 9, 6, 0, 5, 1, 0, 0, 6, 9);[49.745, 49.745000000000005, 50, 50]
(0, 1.0, 6, 0, 5, 1, 0, 0, 6, 9, 6, 0, 5, 1, 0, 0, 6, 9);[49.753, 49.754999999999995, 50, 50]
(1, 0.0, 6, 1, 5, 1, 0, 0, 6, 9, 6, 0, 5, 1, 0, 0, 6, 9);[49.755, 49.755, 50, 50]
(1, 1.0, 6, 1, 5, 1, 0, 0, 6, 9, 6, 0, 5, 1, 0, 0, 6, 9);[49.75, 50, 50, 50]
(2, 0.0, 6, 1, 5, 1, 0, 0, 5, 9, 6, 1, 5, 1, 0, 0, 4, 9);[50.665, 50, 50, 50]
(2, 0.0, 8, 1, 5, 1, 0, 0, 4, 9, 6, 1, 5, 1, 0, 0, 2, 9);[50.611000000000004, 50, 50, 50]
(2, 1.0, 8, 2, 5, 1, 0, 0, 3, 9, 8, 1, 5, 1, 0, 0, 2, 7);[50.031, 50, 50, 50]
(0, 0.0, 9, 2, 5, 1, 0, 1, 2, 9, 8, 1, 5, 1, 0, 0, 2, 6);[49.785, 50, 50, 50]
(0, 0.0, 9, 2, 5, 1, 0, 1, 2, 9, 9, 2, 5, 1, 0, 0, 2, 6);[49.763999999999996, 50, 50, 50]
(0, 1.0, 9, 2, 5, 1, 0, 1, 2, 9, 9, 2, 5, 1, 0, 0, 2, 8);[49.746, 50, 50, 50]
(0, 1.0, 9, 2, 5, 1, 0, 1, 2, 9, 9, 2, 5, 1, 0, 1, 2, 9);[49.745, 49.751000000000005, 50, 50]
(1, 0.0, 9, 2, 5, 1, 0, 1, 2, 9, 9, 2, 5, 1, 0, 1, 2, 9);[49.754999999999995, 49.747, 50, 50]
(1, 1.0, 9, 2, 5, 1, 0, 1, 2, 9, 9, 2, 5, 1, 0, 1, 2, 9);[49.746, 50, 50, 50]
(0, 0.0, 9, 2, 6, 1, 0, 1, 2, 9, 9, 2, 5, 1, 0, 1, 2, 9);[49.744, 50, 50, 50]
(0, 0.0, 9, 2, 6, 1, 0, 1, 2, 9, 9, 2, 6, 1, 0, 1, 2, 9);[49.74, 50, 50, 50]
(0, 1.0, 9, 2, 6, 1, 0, 1, 2, 9, 9, 2, 6, 1, 0, 1, 2, 9);[49.738, 49.736000000000004, 50, 50]
(1, 0.0, 9, 2, 6, 1, 0, 1, 2, 9, 9, 2, 6, 1, 0, 1, 2, 9);[49.739999999999995, 49.74, 50, 50]
(1, 1.0, 9, 2, 6, 1, 0, 1, 2, 9, 9, 2, 6, 1, 0, 1, 2, 9);[49.743, 50, 50, 50]
(0, 0.0, 9, 2, 7, 1, 0, 1, 2, 9, 9, 2, 6, 1, 0, 1, 2, 9);[49.742, 49.737, 50, 50]
(0, 1.0, 9, 2, 7, 1, 0, 1, 2, 9, 9, 2, 7, 1, 0, 1, 2, 9);[49.74, 49.743, 50, 50]
(1, 0.0, 9, 2, 7, 1, 0, 1, 2, 9, 9, 2, 7, 1, 0, 1, 2, 9);[49.738, 50, 50, 50]
(1, 0.0, 9, 2, 8, 1, 0, 1, 2, 9, 9, 2, 7, 1, 0, 1, 2, 9);[49.731, 50, 50, 50]
(1, 1.0, 9, 2, 8, 1, 0, 2, 2, 9, 9, 2, 8, 1, 0, 1, 2, 9);[49.732, 50, 50, 50]
(0, 0.0, 9, 2, 8, 1, 0, 2, 2, 9, 9, 2, 8, 1, 0, 1, 2, 9);[49.732, 50, 50, 50]
(0, 0.0, 9, 2, 8, 1, 0, 2, 2, 9, 9, 2, 8, 1, 0, 2, 2, 9);[49.730000000000004, 50, 50, 50]
(0, 1.0, 9, 2, 8, 1, 0, 2, 2, 9, 9, 2, 8, 1, 0, 2, 2, 9);[49.888999999999996, 50, 50, 50]
(0, 1.0, 9, 1, 8, 1, 0, 2, 2, 9, 7, 1, 8, 1, 0, 2, 2, 9);[49.945, 50, 50, 50]
(0, 1.0, 8, 1, 8, 1, 0, 2, 2, 9, 5, 1, 8, 1, 0, 2, 2, 9);[50.579, 50, 50, 50]
(0, 1.0, 8, 0, 8, 1, 0, 2, 2, 9, 4, 0, 8, 1, 0, 2, 2, 9);[50.047, 50, 50, 50]
(0, 1.0, 6, 0, 8, 1, 0, 2, 2, 9, 2, 0, 8, 1, 0, 2, 2, 9);[50.037, 50, 50, 50]
(0, 1.0, 5, 0, 8, 1, 0, 2, 2, 9, 1, 0, 8, 1, 0, 2, 2, 9);[49.715, 50, 50, 50]
(0, 1.0, 4, 0, 8, 1, 0, 2, 2, 9, 0, 0, 8, 1, 0, 2, 2, 9);[49.75, 50, 50, 50]
(0, 1.0, 4, 0, 8, 1, 0, 2, 2, 9, 1, 0, 8, 1, 0, 2, 2, 9);[49.741, 50, 50, 50]
(0, 1.0, 5, 0, 8, 1, 0, 2, 2, 9, 2, 0, 8, 1, 0, 2, 2, 9);[49.736, 50, 50, 50]
(0, 1.0, 5, 0, 8, 1, 0, 2, 2, 9, 4, 0, 8, 1, 0, 2, 2, 9);[49.741, 50, 50, 50]
(0, 1.0, 5, 0, 8, 1, 0, 2, 2, 9, 5, 0, 8, 1, 0, 2, 2, 9);[49.745, 50.323, 50, 50]
(1, 0.0, 5, 0, 8, 1, 0, 2, 2, 9, 5, 0, 8, 1, 0, 1, 2, 9);[50.036, 50, 50, 50]
(1, 0.0, 5, 0, 8, 1, 0, 1, 2, 9, 5, 0, 8, 1, 0, 0, 2, 9);[49.774, 50, 50, 50]
(1, 1.0, 5, 0, 8, 1, 0, 1, 2, 9, 5, 0, 8, 1, 0, 1, 2, 9);[49.765, 49.75, 49.76, 50]
(0, 0.0, 5, 0, 8, 1, 0, 1, 2, 9, 5, 0, 8, 1, 0, 1, 2, 9);[49.760000000000005, 49.759, 49.760000000000005, 50]
(0, 1.0, 5, 0, 8, 1, 0, 1, 2, 9, 5, 0, 8, 1, 0, 1, 2, 9);[49.753, 49.764, 50, 50]
(1, 0.0, 6, 0, 8, 1, 0, 1, 2, 9, 5, 0, 8, 1, 0, 1, 2, 9);[50, 50, 50, 49.76]
(1, 0.0, 5, 1, 8, 1, 0, 1, 2, 9, 5, 0, 8, 1, 0, 1, 2, 9);[49.767, 50, 50, 50]
(2, 0.0, 5, 0, 8, 1, 0, 1, 2, 9, 5, 0, 8, 1, 0, 1, 2, 9);[49.76, 49.76, 50, 50]
(2, 1.0, 5, 0, 8, 1, 0, 1, 2, 9, 5, 0, 8, 1, 0, 1, 2, 9);[49.76, 50, 50, 50]
(0, 0.0, 5, 0, 9, 1, 0, 1, 2, 9, 5, 0, 8, 1, 0, 1, 2, 9);[49.756, 50, 50, 50]
(0, 1.0, 5, 0, 9, 1, 0, 1, 2, 9, 5, 0, 9, 1, 0, 1, 2, 9);[49.761, 49.763, 49.742, 51.122]
(1, 0.0, 5, 0, 9, 1, 0, 1, 2, 9, 5, 0, 9, 1, 0, 1, 2, 9);[49.765, 50, 50, 50]
(1, 0.0, 5, 1, 9, 1, 0, 1, 2, 9, 5, 0, 9, 1, 0, 1, 2, 9);[49.765, 50, 50, 50]
(1, 1.0, 5, 1, 9, 1, 0, 1, 2, 9, 5, 0, 9, 1, 0, 1, 2, 9);[49.766999999999996, 50, 50, 50]
(0, 0.0, 5, 0, 9, 1, 0, 1, 2, 9, 5, 0, 9, 1, 0, 1, 2, 9);[49.761, 49.753, 49.755, 49.755]
(2, 0.0, 5, 0, 9, 1, 0, 1, 2, 9, 5, 0, 9, 1, 0, 1, 2, 9);[49.742000000000004, 49.751, 50, 50]
(2, 1.0, 5, 0, 9, 1, 0, 1, 2, 9, 5, 0, 9, 1, 0, 1, 2, 9);[49.754999999999995, 50, 50, 50]
(3, 0.0, 5, 0, 9, 1, 0, 1, 2, 9, 5, 0, 9, 0, 0, 1, 2, 8);[51.915, 50, 50, 50]
(3, 0.0, 5, 0, 9, 0, 0, 1, 2, 8, 5, 0, 9, 0, 0, 1, 2, 5);[52.302, 50, 50, 50]
(3, 1.0, 5, 0, 9, 0, 0, 1, 2, 6, 5, 0, 9, 0, 0, 1, 0, 2);[50.478, 50, 50, 50]
(0, 0.0, 5, 0, 9, 0, 0, 1, 3, 6, 5, 0, 9, 0, 0, 1, 0, 1);[50.476, 50, 50, 50]
(0, 0.0, 5, 0, 9, 0, 0, 1, 4, 7, 5, 0, 9, 0, 0, 1, 0, 2);[50.294, 50, 50, 50]
(0, 1.0, 5, 0, 9, 0, 0, 1, 5, 6, 5, 0, 9, 0, 0, 1, 0, 4);[50.082, 50, 50, 50]
(0, 1.0, 5, 0, 9, 0, 0, 1, 6, 6, 5, 0, 9, 0, 0, 1, 3, 6);[49.748, 50, 50, 50]
(0, 1.0, 5, 0, 9, 0, 0, 1, 7, 6, 5, 0, 9, 0, 0, 1, 6, 6);[49.742000000000004, 50, 50, 50]
(0, 1.0, 5, 0, 9, 0, 0, 2, 6, 8, 5, 0, 9, 0, 0, 1, 5, 6);[49.726, 50, 50, 50]
(0, 1.0, 5, 0, 9, 0, 0, 2, 6, 8, 5, 0, 9, 0, 0, 1, 6, 7);[49.718, 50, 50, 50]
(0, 1.0, 5, 0, 9, 0, 0, 2, 7, 8, 5, 0, 9, 0, 0, 1, 6, 8);[49.714999999999996, 50, 50, 50]
(0, 1.0, 5, 0, 9, 0, 0, 2, 7, 8, 5, 0, 9, 0, 0, 2, 7, 8);[49.715, 49.822, 50, 50]
(1, 0.0, 6, 0, 9, 0, 0, 2, 7, 8, 5, 0, 9, 0, 0, 2, 7, 8);[49.719, 50, 50, 50]
(1, 0.0, 6, 0, 9, 0, 0, 2, 7, 9, 5, 0, 9, 0, 0, 2, 7, 8);[49.704, 50, 50, 50]
(1, 1.0, 6, 0, 9, 0, 0, 2, 7, 9, 6, 0, 9, 0, 0, 2, 7, 9);[49.703, 49.702, 50.4, 50]
(0, 0.0, 6, 0, 9, 0, 0, 2, 7, 9, 6, 0, 9, 0, 0, 2, 7, 9);[49.7, 49.702, 50, 50]
(0, 1.0, 6, 0, 9, 0, 0, 2, 7, 9, 6, 0, 9, 0, 0, 2, 7, 9);[49.705, 49.705, 50, 50]
(1, 0.0, 6, 0, 9, 0, 0, 2, 7, 9, 6, 0, 9, 0, 0, 2, 7, 9);[49.702, 49.7, 50, 50]
(2, 0.0, 6, 0, 9, 0, 0, 2, 6, 9, 6, 0, 9, 0, 0, 2, 5, 9);[50.995999999999995, 50, 50, 50]
(2, 0.0, 6, 0, 9, 0, 0, 2, 5, 9, 6, 0, 9, 0, 0, 2, 4, 9);[49.908, 50, 50, 50]
(2, 1.0, 6, 0, 9, 0, 0, 2, 4, 9, 6, 0, 9, 0, 0, 2, 4, 9);[49.730000000000004, 50, 50, 50]
(0, 0.0, 6, 0, 9, 0, 0, 2, 4, 9, 6, 0, 9, 0, 0, 2, 4, 9);[49.73, 49.748000000000005, 50, 50]
(0, 1.0, 7, 0, 9, 0, 0, 2, 4, 9, 6, 0, 9, 0, 0, 2, 4, 9);[49.751999999999995, 50, 50, 50]
(0, 1.0, 8, 1, 9, 0, 0, 2, 4, 9, 6, 0, 9, 0, 0, 2, 4, 9);[49.741, 50, 50, 50]
(0, 1.0, 8, 1, 9, 0, 0, 2, 4, 9, 8, 0, 9, 0, 0, 2, 4, 9);[49.738, 49.712, 50, 50]
(1, 0.0, 8, 1, 9, 0, 0, 2, 4, 9, 8, 0, 9, 0, 0, 2, 4, 9);[49.74, 50, 50, 50]
(1, 0.0, 8, 0, 9, 0, 0, 2, 4, 9, 8, 0, 9, 0, 0, 2, 4, 9);[49.728, 49.746, 49.749, 50]
(1, 1.0, 8, 0, 9, 0, 0, 2, 4, 9, 8, 0, 9, 0, 0, 2, 4, 9);[49.735, 49.75, 49.75, 50]
(0, 0.0, 8, 0, 9, 0, 0, 2, 4, 9, 8, 0, 9, 0, 0, 2, 4, 9);[49.737, 49.742000000000004, 49.745999999999995, 49.754000000000005]
(0, 1.0, 8, 0, 9, 0, 0, 2, 4, 9, 8, 0, 9, 0, 0, 2, 4, 9);[49.745999999999995, 49.747, 49.752, 50]
(2, 0.0, 8, 0, 9, 0, 0, 2, 4, 9, 8, 0, 9, 0, 0, 2, 4, 9);[49.75, 49.744, 49.751, 49.755]
(2, 1.0, 8, 0, 9, 0, 0, 2, 4, 9, 8, 0, 9, 0, 0, 2, 4, 9);[49.74, 50, 50, 50]
(2, 1.0, 8, 0, 9, 0, 0, 3, 4, 9, 8, 0, 9, 0, 0, 2, 4, 9);[49.754999999999995, 50, 50, 50]
(0, 0.0, 8, 0, 9, 0, 0, 3, 4, 9, 8, 0, 9, 0, 0, 2, 4, 9);[49.755, 49.75, 50, 50]
(0, 1.0, 8, 0, 9, 0, 0, 3, 4, 9, 8, 0, 9, 0, 0, 3, 4, 9);[49.742000000000004, 49.736000000000004, 50, 50]
(1, 0.0, 8, 0, 9, 0, 0, 3, 4, 9, 8, 0, 9, 0, 0, 3, 4, 9);[49.748999999999995, 49.75, 50, 50]
(1, 1.0, 8, 0, 9, 0, 0, 4, 4, 9, 8, 0, 9, 0, 0, 3, 4, 9);[49.75, 50, 50, 50]
(0, 0.0, 8, 0, 9, 0, 0, 4, 4, 9, 8, 0, 9, 0, 0, 3, 4, 9);[49.74, 50, 50, 50]
(0, 0.0, 8, 0, 9, 0, 0, 4, 4, 9, 8, 0, 9, 0, 0, 4, 4, 9);[49.714999999999996, 50, 50, 50]
(0, 1.0, 8, 0, 9, 0, 0, 4, 4, 9, 8, 0, 9, 0, 0, 4, 4, 9);[49.704, 49.713, 50, 50]
(1, 0.0, 8, 0, 9, 0, 0, 4, 4, 9, 8, 0, 9, 0, 0, 4, 4, 9);[49.717, 49.731, 50, 50]
(1, 1.0, 8, 1, 9, 0, 0, 4, 4, 9, 8, 0, 9, 0, 0, 4, 4, 9);[49.754, 50, 50, 50]
(0, 0.0, 8, 1, 9, 0, 0, 4, 4, 9, 8, 0, 9, 0, 0, 4, 4, 9);[49.75, 49.754000000000005, 50, 50]
(0, 1.0, 9, 1, 9, 0, 0, 5, 4, 9, 8, 1, 9, 0, 0, 4, 4, 9);[49.754000000000005, 50, 50, 50]
(0, 1.0, 9, 1, 9, 0, 0, 5, 4, 9, 9, 1, 9, 0, 0, 4, 4, 9);[49.729, 50, 50, 50]
(0, 1.0, 9, 1, 9, 0, 0, 5, 4, 9, 9, 1, 9, 0, 0, 5, 4, 9);[49.72, 50, 50, 50]
(0, 1.0, 9, 1, 9, 0, 0, 6, 4, 9, 9, 1, 9, 0, 0, 5, 4, 9);[49.727000000000004, 49.708999999999996, 50, 50]
(1, 0.0, 9, 1, 9, 0, 0, 6, 4, 9, 9, 0, 9, 0, 0, 6, 4, 9);[50.373000000000005, 50, 50, 50]
(1, 0.0, 9, 0, 9, 0, 0, 5, 4, 9, 9, 0, 9, 0, 0, 4, 4, 9);[50.937, 50, 50, 50]
(1, 1.0, 9, 0, 9, 0, 0, 4, 4, 9, 9, 0, 9, 0, 0, 2, 4, 9);[49.738, 50, 50, 50]
(0, 0.0, 9, 0, 9, 0, 0, 4, 4, 9, 8, 0, 9, 0, 0, 1, 4, 9);[50.559999999999995, 50, 50, 50]
(0, 0.0, 8, 0, 9, 0, 0, 4, 4, 9, 5, 0, 9, 0, 0, 1, 4, 9);[49.991, 50, 50, 50]
(0, 1.0, 6, 0, 9, 0, 0, 4, 4, 9, 2, 0, 9, 0, 0, 3, 4, 9);[50.704, 50, 50, 50]
(0, 1.0, 5, 0, 9, 0, 0, 4, 4, 9, 0, 0, 9, 0, 0, 4, 4, 9);[50.362, 50, 50, 50]
(0, 1.0, 4, 0, 9, 0, 0, 4, 4, 9, 0, 0, 9, 0, 0, 4, 4, 9);[50.647999999999996, 50, 50, 50]
(0, 1.0, 3, 0, 9, 0, 0, 4, 4, 9, 0, 0, 9, 0, 0, 4, 4, 9);[49.734, 50, 50, 50]
(0, 1.0, 2, 0, 9, 0, 0, 4, 4, 9, 0, 0, 9, 0, 0, 4, 4, 9);[49.852, 50, 50, 50]
(0, 1.0, 1, 0, 9, 0, 0, 4, 4, 9, 0, 0, 9, 0, 0, 4, 4, 9);[49.743, 50.146, 50, 50]
(0, 1.0, 0, 0, 9, 0, 0, 4, 4, 9, 0, 0, 9, 0, 0, 4, 4, 9);[49.782, 50.370999999999995, 50, 50]
(1, 0.0, 0, 0, 9, 0, 0, 4, 4, 9, 0, 0, 9, 0, 0, 3, 4, 9);[50.8571, 50, 50, 50]
(1, 0.0, 1, 0, 9, 0, 0, 3, 4, 9, 0, 0, 9, 0, 0, 0, 4, 9);[49.824, 50, 50, 50]
(1, 1.0, 1, 0, 9, 0, 0, 3, 4, 9, 0, 0, 9, 0, 0, 0, 4, 9);[49.816, 50, 50, 50]
(0, 0.0, 0, 0, 9, 0, 0, 3, 4, 9, 0, 0, 9, 0, 0, 1, 4, 9);[49.797999999999995, 49.914, 49.846999999999994, 50]
(0, 0.0, 0, 0, 9, 0, 0, 3, 4, 9, 0, 0, 9, 0, 0, 3, 4, 9);[49.795, 49.801, 49.801, 50]
(0, 1.0, 0, 0, 9, 0, 0, 3, 4, 9, 0, 0, 9, 0, 0, 3, 4, 9);[49.795, 49.791999999999994, 50.841, 50]
(1, 0.0, 0, 0, 9, 0, 0, 3, 4, 9, 0, 0, 9, 0, 0, 3, 4, 9);[49.788000000000004, 49.808, 49.796, 50]
(1, 0.0, 0, 1, 9, 0, 0, 3, 4, 9, 0, 0, 9, 0, 0, 3, 4, 9);[49.79, 50, 50, 50]
(1, 1.0, 0, 1, 9, 0, 0, 3, 4, 9, 0, 0, 9, 0, 0, 3, 4, 9);[49.79, 50, 50, 50]
(0, 0.0, 0, 1, 9, 0, 0, 3, 4, 9, 0, 0, 9, 0, 0, 3, 4, 9);[49.785000000000004, 50, 50, 50]
(0, 0.0, 0, 1, 9, 0, 0, 3, 4, 9, 0, 1, 9, 0, 0, 3, 4, 9);[49.785000000000004, 50, 50, 50]
(0, 1.0, 0, 1, 9, 0, 0, 3, 4, 9, 0, 1, 9, 0, 0, 3, 4, 9);[49.789, 49.813, 50, 50]
(1, 1.0, 0, 0, 9, 0, 0, 3, 4, 9, 0, 0, 9, 0, 0, 3, 4, 9);[49.8, 50, 50, 50]
(0, 1.0, 1, 0, 9, 0, 0, 3, 4, 9, 0, 0, 9, 0, 0, 3, 4, 9);[49.807, 49.815, 50, 50]
(1, 0.0, 1, 0, 9, 0, 0, 3, 4, 9, 1, 0, 9, 0, 0, 3, 4, 9);[49.811, 49.815, 50, 50]
(1, 1.0, 1, 0, 9, 0, 0, 3, 4, 9, 1, 0, 9, 0, 0, 3, 4, 9);[49.815000000000005, 50, 50, 50]
(0, 0.0, 1, 0, 9, 0, 0, 3, 4, 9, 1, 0, 9, 0, 0, 3, 4, 9);[49.815, 49.82, 50, 50]
(0, 1.0, 1, 0, 9, 0, 0, 4, 4, 9, 1, 0, 9, 0, 0, 3, 4, 9);[49.82000000000001, 49.825, 50, 50]
(1, 0.0, 1, 0, 9, 0, 0, 4, 4, 9, 1, 0, 9, 0, 0, 4, 4, 9);[49.825, 50.126999999999995, 50, 50]
(1, 1.0, 1, 0, 9, 0, 0, 3, 4, 9, 1, 0, 9, 0, 0, 2, 4, 9);[49.864999999999995, 50, 50, 50]
(2, 0.0, 0, 0, 9, 0, 0, 3, 4, 9, 0, 0, 8, 0, 0, 3, 4, 9);[51.845, 50, 50, 50]
(2, 0.0, 0, 0, 8, 0, 0, 3, 4, 9, 0, 0, 5, 0, 0, 3, 4, 9);[51.854, 50, 50, 50]
(2, 1.0, 0, 0, 7, 0, 0, 4, 4, 9, 0, 0, 3, 0, 0, 3, 4, 9);[49.891999999999996, 50, 50, 50]
(0, 0.0, 0, 0, 7, 0, 0, 4, 4, 9, 0, 0, 2, 0, 0, 3, 4, 9);[49.881, 50, 50, 50]
(0, 0.0, 0, 0, 7, 0, 0, 4, 4, 9, 0, 0, 3, 0, 0, 4, 4, 9);[49.863, 50, 50, 50]
(0, 1.0, 0, 0, 8, 0, 0, 4, 4, 9, 0, 0, 4, 0, 0, 4, 4, 9);[49.854, 50, 50, 50]
(0, 1.0, 0, 0, 9, 0, 0, 4, 4, 9, 0, 0, 6, 0, 0, 4, 4, 9);[49.835, 50, 50, 50]
(0, 1.0, 0, 0, 9, 0, 0, 4, 4, 9, 0, 0, 8, 0, 0, 4, 4, 9);[49.824, 50, 50, 50]
(1, 0.0, 1, 0, 9, 0, 0, 4, 4, 9, 0, 0, 9, 0, 0, 2, 4, 9);[49.840999999999994, 50, 50, 50]
(1, 0.0, 1, 0, 9, 0, 0, 4, 4, 9, 0, 0, 9, 0, 0, 1, 4, 9);[49.836, 50, 50, 50]
(1, 1.0, 1, 0, 9, 0, 0, 4, 4, 9, 1, 0, 9, 0, 0, 2, 4, 9);[49.816, 49.813, 50, 50]
(0, 0.0, 1, 0, 9, 0, 0, 4, 4, 9, 1, 0, 9, 0, 0, 4, 4, 9);[49.79, 49.777, 50, 50]
(0, 1.0, 1, 0, 9, 0, 0, 4, 4, 9, 1, 0, 9, 0, 0, 4, 4, 9);[49.791000000000004, 50.158, 50, 50]
(1, 0.0, 1, 0, 9, 0, 0, 4, 4, 9, 1, 0, 9, 0, 0, 3, 4, 9);[49.826, 50, 50, 50]
(1, 0.0, 1, 0, 9, 0, 0, 4, 4, 9, 1, 0, 9, 0, 0, 1, 4, 9);[49.831, 50, 50, 50]
(1, 1.0, 1, 0, 9, 0, 0, 4, 4, 9, 1, 0, 9, 0, 0, 4, 4, 9);[49.864000000000004, 50, 50, 50]
(0, 0.0, 1, 0, 9, 0, 0, 5, 4, 9, 1, 0, 9, 0, 0, 4, 4, 9);[49.863, 50, 50, 50]
(0, 0.0, 0, 0, 9, 0, 0, 5, 4, 9, 0, 0, 9, 0, 0, 4, 4, 9);[49.833999999999996, 50, 50, 50]
(0, 1.0, 0, 0, 9, 0, 0, 5, 4, 9, 0, 0, 9, 0, 0, 5, 4, 9);[49.82, 50.232501, 50, 50]
(1, 0.0, 0, 0, 9, 0, 0, 3, 4, 9, 0, 0, 9, 0, 0, 1, 4, 9);[50.537, 50, 50, 50]
(1, 1.0, 0, 0, 9, 0, 0, 2, 4, 9, 0, 0, 9, 0, 0, 0, 4, 9);[49.888, 50, 50, 50]
(0, 0.0, 0, 0, 9, 0, 0, 2, 4, 9, 0, 0, 9, 0, 0, 0, 4, 9);[49.87, 50, 50, 50]
(0, 0.0, 0, 0, 9, 0, 0, 2, 4, 9, 0, 0, 9, 0, 0, 1, 4, 9);[49.857, 50, 50, 50]
(0, 1.0, 0, 0, 9, 0, 0, 2, 4, 9, 0, 0, 9, 0, 0, 2, 4, 9);[49.86, 49.971999999999994, 50, 50]
(1, 0.0, 0, 0, 9, 0, 0, 1, 4, 9, 0, 0, 9, 0, 0, 0, 4, 9);[49.8884, 50, 50, 50]
(1, 0.0, 0, 0, 9, 0, 0, 0, 4, 9, 0, 0, 9, 0, 0, 0, 4, 9);[49.88, 49.940000000000005, 49.91, 50]
(1, 1.0, 0, 0, 9, 0, 0, 0, 4, 9, 0, 0, 9, 0, 0, 0, 4, 9);[49.894999999999996, 49.890998999999994, 49.89, 50.698]
(0, 0.0, 0, 0, 9, 0, 0, 0, 4, 9, 0, 0, 9, 0, 0, 0, 4, 9);[49.88, 49.894999999999996, 49.894999999999996, 50]
(0, 0.0, 0, 0, 9, 0, 0, 1, 4, 9, 0, 0, 9, 0, 0, 0, 4, 9);[49.88, 50, 50, 50]
(0, 1.0, 0, 0, 9, 0, 0, 1, 4, 9, 0, 0, 9, 0, 0, 0, 4, 9);[49.88, 49.884594, 50, 50]
(1, 0.0, 0, 0, 9, 0, 0, 1, 4, 9, 0, 0, 9, 0, 0, 1, 4, 9);[49.885000000000005, 49.885000000000005, 49.885, 50]
(1, 1.0, 0, 0, 9, 0, 0, 1, 4, 9, 0, 0, 9, 0, 0, 1, 4, 9);[49.885000000000005, 50.008, 50, 50]
(0, 0.0, 0, 0, 9, 0, 0, 1, 4, 9, 0, 0, 9, 0, 0, 1, 4, 9);[49.885, 49.885000000000005, 50, 50]
(0, 1.0, 0, 0, 9, 0, 0, 1, 4, 9, 0, 0, 9, 0, 0, 1, 4, 9);[49.885, 49.885000000000005, 50, 50]
(2, 0.0, 0, 0, 9, 0, 0, 0, 4, 9, 0, 0, 9, 0, 0, 0, 4, 9);[49.89, 49.888, 50, 50]
(2, 1.0, 0, 0, 9, 0, 0, 0, 4, 9, 0, 0, 9, 0, 0, 0, 4, 9);[49.918, 50, 50, 50]
(0, 1.0, 0, 0, 9, 0, 0, 0, 4, 9, 0, 0, 9, 0, 0, 0, 4, 9);[50.010000000000005, 50, 50, 50]
(0, 1.0, 0, 1, 9, 0, 0, 1, 4, 9, 0, 0, 9, 0, 0, 0, 4, 9);[49.905, 50.003, 50, 50]
(3, 0.0, 0, 0, 9, 0, 0, 0, 4, 9, 0, 0, 9, 0, 0, 0, 4, 8);[50.656, 50, 50, 50]
(3, 0.0, 1, 0, 9, 0, 0, 0, 4, 8, 0, 0, 9, 0, 0, 0, 4, 4);[51.038, 50, 50, 50]
(3, 1.0, 1, 0, 9, 0, 0, 0, 4, 6, 0, 0, 9, 0, 0, 0, 1, 1);[50.985, 50, 50, 50]
(0, 0.0, 0, 0, 9, 0, 0, 0, 3, 7, 0, 0, 9, 0, 0, 0, 0, 0);[51.181, 50, 50, 50]
(0, 0.0, 0, 0, 9, 0, 0, 0, 5, 7, 0, 0, 9, 0, 0, 0, 0, 2);[50.519999999999996, 50, 50, 50]
(0, 1.0, 0, 0, 9, 0, 0, 0, 6, 6, 0, 0, 9, 0, 0, 0, 2, 3);[49.953, 50, 50, 50]
(0, 1.0, 0, 0, 9, 0, 0, 0, 6, 7, 0, 0, 9, 0, 0, 0, 3, 5);[49.932, 50, 50, 50]
(0, 1.0, 0, 0, 9, 0, 0, 0, 6, 8, 0, 0, 9, 0, 0, 0, 4, 7);[49.907000000000004, 50, 50, 50]
(0, 1.0, 0, 0, 9, 0, 0, 0, 7, 8, 0, 0, 9, 0, 0, 0, 5, 8);[49.89, 50, 50, 50]
(0, 1.0, 0, 0, 9, 0, 0, 0, 8, 8, 0, 0, 9, 0, 0, 0, 7, 8);[49.887, 50, 50, 50]
(0, 1.0, 0, 0, 9, 0, 0, 0, 8, 8, 0, 0, 9, 0, 0, 0, 8, 8);[49.89, 49.95, 50, 50]
(1, 0.0, 0, 0, 9, 0, 0, 0, 8, 8, 0, 0, 9, 0, 0, 0, 8, 8);[49.897, 50, 50, 50]
(1, 0.0, 0, 0, 9, 0, 0, 0, 9, 9, 0, 0, 9, 0, 0, 0, 9, 8);[49.877, 50, 50, 50]
(1, 1.0, 0, 0, 9, 0, 0, 0, 9, 9, 0, 0, 9, 0, 0, 0, 9, 9);[49.891, 49.879999999999995, 51.053, 50]
(0, 0.0, 0, 0, 9, 0, 0, 0, 9, 9, 0, 0, 9, 0, 0, 0, 9, 9);[49.881, 49.879999999999995, 50, 50]
(0, 1.0, 0, 0, 9, 0, 0, 0, 9, 9, 0, 0, 9, 0, 0, 0, 9, 9);[49.879000000000005, 49.872, 50, 50]
(1, 0.0, 0, 0, 9, 0, 0, 0, 9, 9, 0, 0, 9, 0, 0, 0, 9, 9);[49.842, 49.821, 49.876000000000005, 50]
(1, 1.0, 0, 1, 9, 0, 0, 0, 9, 9, 0, 0, 9, 0, 0, 0, 9, 9);[49.822, 50, 50, 50]
(0, 0.0, 0, 1, 9, 0, 0, 0, 9, 9, 0, 0, 9, 0, 0, 0, 9, 9);[49.831, 49.839, 50, 50]
(0, 1.0, 0, 1, 9, 0, 0, 0, 9, 9, 0, 1, 9, 0, 0, 0, 9, 9);[49.837, 49.872, 50, 50]
(1, 0.0, 0, 1, 9, 0, 0, 0, 9, 9, 0, 0, 9, 0, 0, 0, 9, 9);[49.829, 50, 50, 50]
(2, 0.0, 0, 0, 9, 0, 0, 0, 9, 9, 0, 0, 8, 0, 0, 0, 8, 9);[53.214, 50, 50, 50]
(2, 0.0, 0, 0, 8, 0, 0, 0, 7, 9, 0, 0, 6, 0, 0, 0, 5, 9);[54.355, 50, 50, 50]
(2, 1.0, 0, 0, 6, 0, 0, 0, 6, 9, 0, 0, 3, 0, 0, 0, 3, 9);[49.94, 50, 50, 50]
(0, 0.0, 0, 0, 6, 0, 0, 0, 6, 9, 0, 0, 2, 0, 0, 0, 4, 9);[49.939, 50, 50, 50]
(0, 0.0, 0, 0, 7, 0, 0, 0, 6, 9, 0, 0, 2, 0, 0, 0, 5, 8);[49.913, 50, 50, 50]
(0, 1.0, 0, 0, 7, 0, 0, 0, 6, 9, 0, 0, 3, 0, 0, 0, 6, 9);[49.894999999999996, 50, 50, 50]
(0, 1.0, 0, 0, 8, 0, 0, 0, 6, 9, 0, 0, 5, 0, 0, 0, 6, 9);[49.878, 50, 50, 50]
(0, 1.0, 0, 0, 9, 0, 0, 0, 6, 9, 0, 0, 7, 0, 0, 0, 6, 9);[49.863, 50, 50, 50]
(0, 1.0, 0, 0, 9, 0, 0, 0, 6, 9, 0, 0, 9, 0, 0, 0, 6, 9);[49.85, 49.858000000000004, 50.82, 50]
(1, 0.0, 0, 0, 9, 0, 0, 0, 6, 9, 0, 0, 9, 0, 0, 0, 6, 9);[49.855000000000004, 49.836999999999996, 50, 50]
(1, 1.0, 0, 0, 9, 0, 0, 0, 6, 9, 0, 0, 9, 0, 0, 0, 6, 9);[49.85, 50, 50, 50]
(0, 0.0, 0, 0, 9, 0, 0, 0, 6, 9, 0, 0, 9, 0, 0, 0, 6, 9);[49.85, 49.85, 50, 50]
(2, 0.0, 0, 0, 9, 0, 0, 0, 5, 9, 0, 0, 8, 0, 0, 0, 4, 9);[51.774, 50, 50, 50]
(2, 0.0, 0, 0, 8, 0, 0, 0, 4, 9, 0, 0, 5, 0, 0, 0, 3, 9);[52.726, 50, 50, 50]
(2, 1.0, 0, 0, 6, 0, 0, 0, 3, 9, 0, 0, 3, 0, 0, 0, 3, 9);[49.894999999999996, 49.879, 50.2615, 50]
(0, 0.0, 0, 0, 6, 0, 0, 0, 3, 9, 0, 0, 1, 0, 0, 0, 3, 9);[49.898, 49.882, 49.872, 50]
(0, 0.0, 0, 0, 6, 0, 0, 0, 3, 9, 0, 0, 2, 0, 0, 0, 3, 9);[49.88, 50, 50, 50]
(0, 1.0, 0, 0, 7, 0, 0, 0, 3, 9, 0, 0, 4, 0, 0, 0, 3, 9);[49.864, 50, 50, 50]
(0, 1.0, 0, 0, 8, 0, 0, 0, 3, 9, 0, 0, 5, 0, 0, 0, 3, 9);[49.847, 50, 50, 50]
(0, 1.0, 0, 0, 9, 0, 0, 0, 3, 9, 0, 0, 7, 0, 0, 0, 3, 9);[49.829, 49.836, 50, 50]
(0, 1.0, 0, 0, 9, 0, 0, 0, 3, 9, 0, 0, 9, 0, 0, 0, 3, 9);[49.816, 49.815, 50.771993744999996, 50]
(1, 0.0, 0, 0, 9, 0, 0, 0, 3, 9, 0, 0, 9, 0, 0, 0, 3, 9);[49.819, 49.82, 49.815, 49.81]
(1, 1.0, 0, 0, 9, 0, 0, 0, 3, 9, 0, 0, 9, 0, 0, 0, 3, 9);[49.82, 49.806, 50, 50]
(0, 0.0, 0, 0, 9, 0, 0, 0, 3, 9, 0, 0, 9, 0, 0, 0, 3, 9);[49.82, 49.84, 49.791, 49.889958142]
(0, 1.0, 0, 1, 9, 0, 0, 0, 3, 9, 0, 0, 9, 0, 0, 0, 3, 9);[49.83, 50, 50, 50]
(0, 1.0, 0, 2, 9, 0, 0, 0, 3, 9, 0, 0, 9, 0, 0, 0, 3, 9);[49.832, 49.805, 50, 50]
(1, 0.0, 1, 1, 9, 0, 0, 0, 3, 9, 0, 0, 9, 0, 0, 0, 3, 9);[49.811, 50, 50, 50]
(1, 0.0, 2, 1, 9, 0, 0, 0, 3, 9, 0, 0, 9, 0, 0, 0, 3, 9);[49.828, 50, 50, 50]
(1, 1.0, 2, 0, 9, 0, 0, 0, 3, 9, 1, 0, 9, 0, 0, 0, 3, 9);[49.801, 50, 50, 50]
(0, 0.0, 2, 0, 9, 0, 0, 0, 3, 9, 0, 0, 9, 0, 0, 0, 3, 9);[49.823, 50, 50, 50]
(2, 0.0, 0, 0, 9, 0, 0, 0, 3, 9, 0, 0, 8, 0, 0, 0, 3, 9);[51.559944, 50, 50, 50]
(2, 0.0, 0, 0, 8, 0, 0, 0, 3, 9, 0, 0, 5, 0, 0, 0, 3, 9);[51.815145, 50, 50, 50]
(1, 0.0, 0, 0, 6, 0, 0, 0, 3, 9, 0, 0, 1, 0, 0, 0, 3, 9);[49.887, 50, 50, 50]
(1, 0.0, 1, 0, 6, 0, 0, 0, 3, 9, 0, 0, 2, 0, 0, 0, 3, 9);[49.878, 50, 50, 50]
(1, 1.0, 1, 0, 8, 0, 0, 0, 3, 9, 0, 0, 3, 0, 0, 0, 3, 9);[49.864, 50, 50, 50]
(0, 0.0, 0, 0, 8, 0, 0, 0, 3, 9, 0, 0, 5, 0, 0, 0, 3, 9);[49.846000000000004, 50, 50, 50]
(0, 0.0, 0, 0, 9, 0, 0, 0, 3, 9, 0, 0, 7, 0, 0, 0, 3, 9);[49.905725, 50, 50, 50]
(2, 1.0, 0, 0, 4, 0, 0, 0, 3, 9, 0, 0, 1, 0, 0, 0, 3, 9);[49.907000000000004, 50, 50, 50]
(0, 0.0, 0, 0, 4, 0, 0, 0, 3, 9, 0, 0, 0, 0, 0, 0, 3, 9);[49.899, 50, 50, 50]
(0, 1.0, 1, 0, 7, 0, 0, 0, 3, 9, 0, 0, 3, 0, 0, 0, 3, 9);[49.868, 50, 50, 50]
(0, 1.0, 1, 0, 8, 0, 0, 0, 3, 9, 0, 0, 5, 0, 0, 0, 3, 9);[49.858, 50, 50, 50]
(1, 1.0, 1, 0, 9, 0, 1, 0, 3, 9, 0, 0, 9, 0, 0, 0, 3, 9);[49.832, 50, 50, 50]
(0, 0.0, 0, 0, 9, 0, 1, 0, 3, 9, 0, 0, 9, 0, 0, 0, 3, 9);[49.815, 50, 50, 50]
(2, 1.0, 0, 0, 5, 0, 0, 0, 3, 9, 0, 0, 1, 0, 0, 0, 3, 9);[49.969, 50, 50, 50]
(0, 0.0, 0, 0, 5, 0, 0, 0, 3, 9, 0, 0, 0, 0, 0, 0, 3, 9);[49.89, 50, 50, 50]
(0, 1.0, 0, 0, 7, 0, 0, 0, 3, 9, 0, 0, 3, 0, 0, 0, 3, 9);[49.853, 50, 50, 50]
(0, 1.0, 0, 0, 7, 0, 0, 0, 3, 9, 0, 0, 5, 0, 0, 0, 3, 9);[49.837, 50, 50, 50]
(0, 1.0, 0, 0, 7, 0, 0, 0, 3, 9, 0, 0, 7, 0, 0, 0, 3, 9);[49.826, 49.981, 50, 50]
(1, 0.0, 0, 0, 7, 0, 0, 0, 3, 9, 0, 0, 7, 0, 0, 0, 3, 9);[49.924, 49.845, 49.86, 49.86]
(1, 1.0, 0, 0, 7, 0, 0, 0, 3, 9, 0, 0, 7, 0, 0, 0, 3, 9);[49.845, 49.86, 50.11, 50]
(0, 0.0, 0, 0, 8, 0, 0, 0, 3, 9, 0, 0, 7, 0, 0, 0, 3, 9);[49.844, 50, 50, 50]
(0, 0.0, 0, 0, 8, 0, 0, 0, 3, 9, 0, 0, 8, 0, 0, 0, 3, 9);[49.843, 49.839999999999996, 49.842, 50]
(0, 1.0, 0, 0, 8, 0, 0, 0, 3, 9, 0, 0, 8, 0, 0, 0, 3, 9);[49.845, 50, 50, 50]
(0, 1.0, 1, 0, 8, 0, 0, 0, 3, 9, 0, 0, 8, 0, 0, 0, 3, 9);[49.839, 50, 50, 50]
(0, 1.0, 1, 1, 8, 0, 0, 0, 3, 9, 0, 0, 8, 0, 0, 0, 3, 9);[49.845, 50, 50, 50]
(0, 1.0, 0, 1, 8, 0, 0, 0, 3, 9, 0, 0, 8, 0, 0, 0, 3, 9);[49.845, 49.843, 50, 50]
(1, 0.0, 0, 0, 8, 0, 0, 0, 3, 9, 0, 0, 8, 0, 0, 0, 3, 9);[49.82, 49.839999999999996, 50, 50]
(1, 1.0, 0, 0, 8, 0, 0, 0, 3, 9, 0, 0, 8, 0, 0, 0, 3, 9);[49.84, 50, 50, 50]
(0, 1.0, 0, 0, 9, 0, 0, 0, 3, 9, 0, 0, 8, 0, 0, 0, 3, 9);[49.92314931195, 50, 50, 50]
(2, 0.0, 0, 0, 8, 0, 0, 0, 3, 9, 0, 0, 7, 0, 0, 0, 3, 9);[50.193, 50, 50, 50]
(2, 0.0, 0, 0, 7, 0, 0, 0, 3, 9, 0, 0, 4, 0, 0, 0, 3, 9);[50.375, 50, 50, 50]
(2, 1.0, 0, 1, 6, 0, 0, 0, 3, 9, 0, 0, 2, 0, 0, 0, 3, 9);[49.923, 50, 50, 50]
(0, 0.0, 1, 2, 6, 0, 0, 0, 3, 9, 0, 0, 1, 0, 0, 0, 3, 9);[49.918, 50, 50, 50]
(0, 0.0, 0, 2, 6, 0, 0, 0, 3, 9, 0, 1, 2, 0, 0, 0, 3, 9);[49.899, 50, 50, 50]
(0, 1.0, 0, 2, 6, 0, 0, 0, 3, 9, 0, 1, 3, 0, 0, 0, 3, 9);[49.879, 50, 50, 50]
(0, 1.0, 0, 2, 6, 0, 0, 0, 3, 9, 0, 2, 4, 0, 0, 0, 3, 9);[49.866, 50, 50, 50]
(0, 1.0, 0, 2, 6, 0, 0, 0, 3, 9, 0, 2, 6, 0, 0, 0, 3, 9);[49.862, 49.847, 50, 50]
(1, 0.0, 0, 1, 6, 0, 0, 0, 3, 9, 0, 0, 6, 0, 0, 0, 3, 9);[49.833, 50, 50, 50]
(1, 0.0, 0, 0, 6, 0, 0, 0, 3, 9, 0, 0, 6, 0, 0, 0, 3, 9);[49.883, 50, 50, 50]
(1, 1.0, 0, 0, 6, 0, 0, 0, 3, 9, 0, 0, 6, 0, 0, 0, 3, 9);[49.865, 50, 50, 50]
(0, 0.0, 0, 0, 6, 0, 0, 0, 3, 9, 0, 0, 6, 0, 0, 0, 3, 9);[49.862, 49.86, 50, 50]
(0, 1.0, 0, 0, 7, 0, 0, 0, 3, 9, 0, 0, 6, 0, 0, 0, 3, 9);[49.86, 49.859, 50, 50]
(2, 0.0, 0, 0, 6, 0, 0, 0, 3, 9, 0, 0, 5, 0, 0, 0, 3, 9);[50.374, 50, 50, 50]
(2, 0.0, 0, 0, 5, 0, 0, 0, 3, 9, 0, 0, 2, 0, 0, 0, 3, 9);[50.473, 50, 50, 50]
(2, 1.0, 0, 0, 3, 0, 0, 0, 3, 9, 0, 0, 0, 0, 0, 0, 3, 9);[49.923, 50, 50, 50]
(0, 0.0, 0, 0, 3, 0, 0, 0, 3, 9, 0, 0, 0, 0, 0, 0, 3, 9);[49.91, 50, 50, 50]
(0, 0.0, 0, 0, 3, 0, 0, 0, 3, 9, 0, 0, 2, 0, 0, 0, 3, 9);[49.896, 50, 50, 50]
(0, 1.0, 0, 0, 3, 0, 0, 0, 3, 9, 0, 0, 3, 0, 0, 0, 3, 9);[49.89, 49.89, 50, 50]
(1, 0.0, 0, 0, 3, 0, 0, 0, 3, 9, 0, 0, 3, 0, 0, 0, 3, 9);[49.89, 49.89, 50, 50]
(1, 1.0, 0, 0, 4, 0, 0, 0, 3, 9, 0, 0, 3, 0, 0, 0, 3, 9);[49.89, 50, 50, 50]
(0, 0.0, 0, 0, 4, 0, 0, 0, 3, 9, 0, 0, 3, 0, 0, 0, 3, 9);[49.886, 50, 50, 50]
(0, 0.0, 0, 0, 4, 0, 0, 0, 3, 9, 0, 0, 4, 0, 0, 0, 3, 9);[49.88, 49.884, 49.879999999999995, 50]
(0, 1.0, 0, 0, 4, 0, 0, 0, 3, 9, 0, 0, 4, 0, 0, 0, 3, 9);[49.88, 49.897, 50.155, 50]
(1, 0.0, 0, 0, 4, 0, 0, 0, 3, 9, 0, 0, 4, 0, 0, 0, 3, 9);[49.885, 49.885, 50, 50]
(1, 1.0, 0, 0, 4, 0, 0, 0, 3, 9, 0, 0, 4, 0, 0, 0, 3, 9);[49.885, 50, 50, 50]
(2, 0.0, 0, 0, 4, 0, 0, 0, 3, 9, 0, 0, 2, 0, 0, 0, 3, 9);[50.408, 50, 50, 50]
(2, 0.0, 0, 0, 3, 0, 0, 0, 3, 9, 0, 0, 0, 0, 0, 0, 3, 9);[50.429, 50, 50, 50]
(2, 1.0, 0, 0, 1, 0, 0, 0, 3, 9, 0, 0, 0, 0, 0, 0, 3, 9);[49.917, 50, 50, 50]
(0, 0.0, 0, 1, 1, 0, 0, 0, 3, 9, 0, 0, 0, 0, 0, 0, 3, 9);[49.907000000000004, 50, 50, 50]
(0, 0.0, 0, 1, 1, 0, 0, 0, 3, 9, 0, 0, 1, 0, 0, 0, 3, 9);[49.902, 50, 50, 50]
(0, 1.0, 0, 1, 1, 0, 0, 0, 3, 9, 0, 0, 1, 0, 0, 0, 3, 9);[49.895, 50, 50, 50]
(0, 1.0, 0, 1, 1, 0, 0, 0, 3, 9, 0, 1, 1, 0, 0, 0, 3, 9);[49.895, 49.967999999999996, 50, 50]
(1, 0.0, 0, 0, 1, 0, 0, 0, 3, 9, 0, 0, 1, 0, 0, 0, 3, 9);[49.923, 49.91, 49.910000000000004, 49.91]
(1, 1.0, 0, 0, 1, 0, 0, 0, 3, 9, 0, 0, 1, 0, 0, 0, 3, 9);[49.910000000000004, 49.91, 50.11, 50]
(0, 0.0, 0, 0, 1, 0, 0, 0, 3, 9, 0, 0, 1, 0, 0, 0, 3, 9);[49.91, 49.91, 50, 50]
(0, 1.0, 0, 0, 1, 0, 0, 0, 3, 9, 0, 0, 1, 0, 0, 0, 3, 9);[49.910000000000004, 49.91, 49.957464, 50]
(2, 0.0, 0, 0, 1, 0, 0, 0, 3, 9, 0, 0, 0, 0, 0, 0, 3, 9);[50.046400000000006, 50, 50, 50]
(2, 0.0, 0, 0, 0, 0, 0, 0, 3, 9, 0, 0, 0, 0, 0, 0, 3, 9);[49.925, 49.92, 49.876, 49.892]
(2, 1.0, 0, 0, 0, 0, 0, 0, 3, 9, 0, 0, 0, 0, 0, 0, 3, 9);[49.925, 49.968, 49.903, 50.907000000000004]
(0, 0.0, 0, 0, 0, 0, 0, 0, 3, 9, 0, 0, 0, 0, 0, 0, 3, 9);[49.925, 49.925, 49.92, 49.886]
(0, 1.0, 0, 0, 0, 0, 0, 0, 3, 9, 0, 0, 0, 0, 0, 0, 3, 9);[49.923, 49.92, 49.898, 50]
(1, 0.0, 0, 0, 0, 0, 0, 0, 3, 9, 0, 0, 0, 0, 0, 0, 3, 9);[49.92, 49.92, 49.93, 49.93]
(1, 1.0, 0, 0, 1, 0, 0, 0, 3, 9, 0, 0, 0, 0, 0, 0, 3, 9);[49.92, 50, 50, 50]
(0, 0.0, 0, 0, 1, 0, 0, 0, 3, 9, 0, 0, 0, 0, 0, 0, 3, 9);[49.92, 49.907, 50, 50]
(1, 1.0, 0, 0, 0, 0, 0, 0, 3, 9, 0, 0, 0, 0, 0, 0, 3, 9);[49.926, 50, 50, 50]
(3, 0.0, 0, 0, 0, 0, 0, 0, 3, 9, 0, 0, 0, 0, 0, 0, 3, 8);[50.956, 50, 50, 50]
(3, 0.0, 0, 0, 0, 0, 0, 0, 3, 8, 0, 0, 0, 0, 0, 0, 3, 5);[50.939, 50, 50, 50]
(3, 1.0, 0, 0, 0, 0, 0, 0, 3, 6, 0, 0, 0, 0, 0, 0, 3, 2);[50.381, 50, 50, 50]
(0, 0.0, 0, 0, 0, 0, 0, 0, 2, 6, 0, 0, 0, 0, 0, 0, 2, 2);[50.913, 50, 50, 50]
(0, 0.0, 0, 0, 0, 0, 0, 0, 2, 7, 0, 0, 0, 0, 0, 0, 1, 4);[49.97, 50, 50, 50]
(0, 1.0, 0, 0, 1, 0, 0, 0, 2, 7, 0, 0, 0, 0, 0, 0, 0, 4);[50.337, 50, 50, 50]
(0, 1.0, 0, 0, 1, 0, 0, 0, 2, 7, 0, 0, 0, 0, 0, 0, 1, 5);[49.94, 50, 50, 50]
(0, 1.0, 0, 0, 1, 0, 0, 0, 2, 8, 0, 0, 0, 0, 0, 0, 2, 7);[49.917, 50, 50, 50]
(0, 1.0, 0, 0, 1, 0, 0, 0, 3, 8, 0, 0, 1, 0, 0, 0, 2, 8);[49.916000000000004, 50, 50, 50]
(0, 1.0, 0, 0, 1, 0, 0, 0, 4, 8, 0, 0, 1, 0, 0, 0, 3, 8);[49.903999999999996, 50, 50, 50]
(0, 1.0, 0, 0, 1, 0, 0, 0, 5, 8, 0, 0, 1, 0, 0, 0, 5, 8);[49.895, 49.931, 49.956, 50]
(1, 0.0, 0, 0, 1, 0, 0, 0, 5, 8, 0, 0, 1, 0, 0, 0, 5, 8);[49.897, 49.895, 50, 50]
(1, 1.0, 0, 0, 1, 0, 0, 0, 5, 8, 0, 0, 1, 0, 0, 0, 5, 8);[49.894999999999996, 50, 50, 50]
(0, 0.0, 0, 0, 1, 0, 0, 0, 5, 8, 0, 0, 1, 0, 0, 0, 5, 8);[49.895, 49.895, 50, 50]
(2, 0.0, 0, 0, 1, 0, 0, 0, 5, 8, 0, 0, 0, 0, 0, 0, 5, 8);[50.001, 50, 50, 50]
(2, 0.0, 0, 0, 0, 0, 0, 0, 5, 8, 0, 0, 0, 0, 0, 0, 5, 8);[49.908, 49.910000000000004, 49.91, 49.838499999999996]
(2, 1.0, 0, 0, 0, 0, 0, 0, 5, 8, 0, 0, 0, 0, 0, 0, 5, 8);[49.905, 49.909, 49.911, 50.886]
(0, 0.0, 0, 0, 0, 0, 0, 0, 5, 8, 0, 0, 0, 0, 0, 0, 5, 8);[49.905, 49.904, 49.91, 49.910000000000004]
(0, 1.0, 0, 0, 0, 0, 0, 0, 5, 8, 0, 0, 0, 0, 0, 0, 5, 8);[49.9, 49.94, 49.91, 50]
(1, 0.0, 0, 0, 0, 0, 0, 0, 5, 8, 0, 0, 0, 0, 0, 0, 5, 8);[49.909, 49.901, 49.905, 49.905]
(1, 1.0, 0, 0, 0, 0, 0, 0, 5, 8, 0, 0, 0, 0, 0, 0, 5, 8);[49.913, 49.905, 49.912, 50]
(3, 0.0, 0, 0, 0, 0, 0, 0, 5, 8, 0, 0, 0, 0, 0, 0, 5, 6);[51.645, 50, 50, 50]
(3, 0.0, 0, 0, 1, 0, 0, 0, 4, 7, 0, 0, 0, 0, 0, 0, 4, 5);[52.662, 50, 50, 50]
(3, 1.0, 0, 0, 1, 0, 0, 0, 4, 5, 0, 0, 0, 0, 0, 0, 1, 1);[50.049, 50, 50, 50]
(0, 0.0, 0, 0, 1, 0, 0, 0, 5, 5, 0, 0, 0, 0, 0, 0, 2, 1);[50.331, 50, 50, 50]
(0, 0.0, 0, 0, 1, 0, 0, 0, 4, 6, 0, 0, 1, 0, 0, 0, 1, 2);[49.942, 50, 50, 50]
(0, 1.0, 0, 0, 1, 0, 0, 0, 4, 6, 0, 0, 1, 0, 0, 0, 3, 3);[49.939, 50, 50, 50]
(0, 1.0, 0, 0, 1, 0, 0, 0, 5, 7, 0, 0, 1, 0, 0, 0, 3, 5);[49.902, 50, 50, 50]
(0, 1.0, 0, 0, 1, 0, 0, 0, 5, 7, 0, 0, 1, 0, 0, 0, 4, 6);[50.064, 50, 50, 50]
(0, 1.0, 0, 0, 1, 0, 0, 0, 6, 6, 0, 0, 1, 0, 0, 0, 5, 6);[49.878, 50, 50, 50]
(0, 1.0, 0, 0, 2, 0, 0, 0, 6, 6, 0, 0, 1, 0, 0, 0, 6, 6);[49.875, 49.887, 50, 50]
(1, 0.0, 0, 0, 2, 0, 0, 0, 6, 6, 0, 0, 2, 0, 0, 0, 6, 6);[49.875, 50, 50, 50]
(1, 0.0, 0, 0, 2, 1, 0, 0, 6, 6, 0, 0, 2, 0, 0, 0, 6, 6);[49.875, 50, 50, 50]
(1, 1.0, 0, 0, 2, 1, 0, 0, 6, 6, 0, 0, 2, 0, 0, 0, 6, 6);[49.874, 50, 50, 50]
(0, 0.0, 0, 0, 2, 1, 0, 0, 6, 6, 0, 0, 2, 1, 0, 0, 6, 6);[49.869, 50, 50, 50]
(0, 0.0, 0, 0, 3, 1, 0, 0, 6, 6, 0, 0, 2, 1, 0, 0, 6, 6);[49.868, 50, 50, 50]
(0, 1.0, 0, 0, 3, 1, 0, 0, 6, 6, 0, 0, 2, 1, 0, 0, 6, 6);[49.87, 49.865, 50, 50]
(1, 0.0, 0, 0, 3, 1, 0, 0, 6, 6, 0, 0, 3, 1, 0, 0, 6, 6);[49.865, 49.868, 49.87, 49.87]
(1, 1.0, 0, 0, 3, 1, 0, 0, 6, 6, 0, 0, 3, 1, 0, 0, 6, 6);[49.867, 49.87, 50.009, 50]
(0, 0.0, 0, 0, 3, 1, 0, 0, 6, 6, 0, 0, 3, 1, 0, 0, 6, 6);[49.868, 49.87, 50, 50]
(0, 1.0, 0, 0, 3, 1, 0, 0, 6, 6, 0, 0, 3, 1, 0, 0, 6, 6);[49.87, 49.87, 50, 50]
(2, 0.0, 0, 0, 3, 1, 0, 0, 5, 6, 0, 0, 2, 1, 0, 0, 4, 6);[51.662, 50, 50, 50]
(2, 0.0, 0, 0, 2, 1, 0, 0, 4, 6, 0, 0, 0, 1, 0, 0, 1, 6);[50.427, 50, 50, 50]
(2, 1.0, 0, 0, 1, 1, 0, 0, 2, 6, 0, 0, 0, 1, 0, 0, 0, 6);[49.933, 50, 50, 50]
(0, 0.0, 0, 0, 1, 1, 0, 0, 2, 6, 0, 0, 0, 1, 0, 0, 0, 6);[49.92, 50, 50, 50]
(0, 0.0, 0, 0, 1, 1, 0, 0, 2, 6, 0, 0, 1, 1, 0, 0, 1, 6);[49.911, 50, 50, 50]
(0, 1.0, 0, 0, 1, 1, 0, 0, 3, 6, 0, 0, 1, 1, 0, 0, 2, 6);[49.906, 49.902, 50, 50]
(1, 0.0, 0, 0, 1, 1, 0, 0, 3, 6, 0, 0, 1, 1, 0, 0, 3, 6);[49.9, 49.903999999999996, 49.9, 49.9]
(1, 1.0, 0, 0, 1, 1, 0, 0, 3, 6, 0, 0, 1, 1, 0, 0, 3, 6);[49.905, 49.9, 50.371, 50]
(0, 0.0, 0, 0, 1, 1, 0, 0, 3, 6, 0, 0, 1, 1, 0, 0, 3, 6);[49.905, 49.905, 50, 50]
(0, 1.0, 0, 0, 1, 1, 0, 0, 3, 6, 0, 0, 1, 1, 0, 0, 3, 6);[49.903, 49.9, 50, 50]
(2, 0.0, 0, 0, 1, 1, 0, 0, 2, 6, 0, 0, 0, 1, 0, 0, 1, 6);[50.052, 50, 50, 50]
(2, 0.0, 0, 0, 0, 1, 0, 0, 2, 6, 0, 0, 0, 1, 0, 0, 0, 6);[50.062, 50, 50, 50]
(1, 0.0, 0, 0, 1, 1, 0, 0, 0, 6, 0, 0, 0, 1, 0, 0, 0, 6);[49.918, 49.915, 50, 50]
(1, 1.0, 0, 0, 1, 1, 0, 0, 0, 6, 0, 0, 0, 1, 0, 0, 0, 6);[49.928, 50, 50, 50]
(0, 0.0, 0, 0, 1, 1, 0, 0, 0, 6, 0, 0, 1, 1, 0, 0, 0, 6);[49.914, 50, 50, 50]
(0, 0.0, 0, 0, 2, 1, 0, 0, 0, 6, 0, 0, 1, 1, 0, 0, 0, 6);[49.91, 49.91, 50, 50]
(0, 1.0, 0, 0, 2, 1, 0, 0, 0, 6, 0, 0, 1, 1, 0, 0, 0, 6);[49.908, 50, 50, 50]
(0, 1.0, 0, 0, 2, 1, 0, 0, 0, 6, 0, 0, 2, 1, 0, 0, 0, 6);[49.905, 49.905, 50.021, 50]
(1, 0.0, 0, 0, 2, 1, 0, 0, 0, 6, 0, 0, 2, 1, 0, 0, 0, 6);[49.905, 49.905, 50, 50]
(1, 1.0, 0, 0, 2, 1, 0, 0, 0, 6, 0, 0, 2, 1, 0, 0, 0, 6);[49.905, 50, 50, 50]
(0, 0.0, 0, 0, 2, 1, 0, 0, 0, 6, 0, 0, 2, 1, 0, 0, 0, 6);[49.908, 49.933, 50, 50]
(0, 0.0, 0, 0, 2, 1, 0, 0, 1, 6, 0, 0, 2, 1, 0, 0, 0, 6);[49.925, 49.936, 50, 50]
(0, 1.0, 1, 0, 2, 1, 0, 0, 1, 6, 0, 0, 2, 1, 0, 0, 0, 6);[49.923, 50, 50, 50]
(0, 1.0, 1, 1, 2, 1, 0, 0, 1, 6, 0, 0, 2, 1, 0, 0, 1, 6);[49.888, 49.88, 50, 50]
(1, 0.0, 1, 1, 3, 1, 0, 0, 1, 6, 0, 0, 2, 1, 0, 0, 1, 6);[49.88, 50, 50, 50]
(1, 0.0, 1, 0, 3, 1, 0, 0, 1, 6, 1, 0, 2, 1, 0, 0, 1, 6);[49.885, 50, 50, 50]
(1, 1.0, 1, 0, 3, 1, 0, 0, 1, 6, 1, 0, 2, 1, 0, 0, 1, 6);[49.894999999999996, 50, 50, 50]
(0, 0.0, 0, 0, 4, 1, 0, 0, 1, 6, 0, 0, 3, 1, 0, 0, 1, 6);[49.893, 49.88, 50, 50]
(0, 1.0, 0, 0, 4, 1, 0, 0, 1, 6, 0, 0, 3, 1, 0, 0, 1, 6);[49.875, 50, 50, 50]
(0, 1.0, 0, 0, 4, 1, 0, 0, 1, 6, 0, 0, 4, 1, 0, 0, 1, 6);[49.872, 49.892, 50, 50]
(1, 0.0, 0, 0, 4, 1, 0, 0, 1, 6, 0, 0, 4, 1, 0, 0, 1, 6);[49.875, 49.875, 50, 50]
(1, 1.0, 0, 0, 5, 1, 0, 0, 1, 6, 0, 0, 4, 1, 0, 0, 1, 6);[49.875, 50, 50, 50]
(0, 0.0, 0, 0, 5, 1, 0, 0, 1, 6, 0, 0, 4, 1, 0, 0, 1, 6);[49.87, 50, 50, 50]
(0, 0.0, 0, 0, 5, 1, 0, 0, 1, 6, 0, 0, 5, 1, 0, 0, 1, 6);[49.87, 49.88, 49.88, 50]
(0, 1.0, 0, 0, 5, 1, 0, 0, 1, 6, 0, 0, 5, 1, 0, 0, 1, 6);[49.868, 49.874, 50.051, 50]
(1, 0.0, 0, 0, 5, 1, 0, 0, 1, 6, 0, 0, 5, 1, 0, 0, 1, 6);[49.875, 49.876, 50, 50]
(1, 1.0, 0, 0, 5, 1, 0, 0, 1, 6, 0, 0, 5, 1, 0, 0, 1, 6);[49.88, 50, 50, 50]
(2, 0.0, 0, 0, 4, 1, 0, 0, 1, 6, 0, 0, 3, 1, 0, 0, 0, 6);[50.348, 50, 50, 50]
(2, 0.0, 0, 0, 3, 1, 0, 0, 0, 6, 0, 0, 1, 1, 0, 0, 0, 6);[50.302, 50, 50, 50]
(2, 1.0, 0, 0, 2, 1, 0, 0, 0, 6, 0, 0, 0, 1, 0, 0, 0, 6);[49.93, 50, 50, 50]
(0, 0.0, 0, 0, 2, 1, 0, 0, 0, 6, 0, 0, 0, 1, 0, 0, 0, 6);[49.92, 50, 50, 50]
(2, 0.0, 0, 0, 1, 1, 0, 0, 0, 6, 0, 0, 0, 1, 0, 0, 0, 6);[50.099599999999995, 50, 50, 50]
(3, 0.0, 0, 0, 0, 0, 0, 0, 0, 6, 0, 0, 0, 0, 0, 0, 0, 5);[50.379, 50, 50, 50]
(3, 0.0, 0, 0, 0, 0, 0, 0, 0, 5, 0, 0, 0, 0, 0, 0, 0, 2);[51.19, 50, 50, 50]
(3, 1.0, 0, 0, 0, 0, 0, 0, 0, 3, 0, 0, 0, 0, 0, 0, 0, 0);[49.989, 50, 50, 50]
(0, 0.0, 0, 0, 0, 0, 0, 0, 0, 3, 0, 0, 0, 0, 0, 0, 0, 0);[49.96, 50, 50, 50]
(0, 0.0, 0, 0, 0, 0, 0, 0, 0, 3, 0, 0, 0, 0, 0, 0, 0, 1);[49.944, 50, 50, 50]
(0, 1.0, 0, 0, 0, 0, 0, 0, 0, 3, 0, 0, 0, 0, 0, 0, 0, 3);[49.936, 50.02, 50, 50]
(1, 0.0, 0, 0, 0, 0, 0, 0, 0, 3, 0, 0, 0, 0, 0, 0, 0, 3);[49.952, 49.953, 50, 50]
(1, 1.0, 0, 0, 0, 0, 0, 0, 0, 3, 0, 0, 0, 0, 0, 0, 0, 3);[49.96, 50, 50, 50]
(0, 0.0, 0, 0, 0, 0, 0, 0, 1, 4, 0, 0, 0, 0, 0, 0, 0, 3);[49.957, 49.951, 50, 50]
(0, 1.0, 0, 0, 0, 0, 0, 0, 1, 4, 0, 0, 0, 0, 0, 0, 0, 4);[49.947, 50, 50, 50]
(0, 1.0, 0, 0, 0, 0, 0, 0, 1, 4, 0, 0, 0, 0, 0, 0, 1, 4);[49.945, 49.945, 49.943, 50]
(1, 0.0, 0, 0, 0, 0, 0, 0, 1, 4, 0, 0, 0, 0, 0, 0, 1, 4);[49.945, 49.944, 50, 50]
(1, 1.0, 0, 0, 0, 0, 0, 0, 1, 4, 0, 0, 0, 0, 0, 0, 1, 4);[49.94, 50, 50, 50]
(0, 0.0, 0, 0, 0, 0, 0, 0, 1, 4, 0, 0, 0, 0, 0, 0, 1, 4);[49.94, 49.936, 50, 50]
(2, 0.0, 0, 0, 0, 0, 0, 0, 0, 4, 0, 0, 0, 0, 0, 0, 0, 4);[49.921, 49.941, 50, 50]
(2, 1.0, 0, 0, 0, 0, 0, 0, 0, 4, 0, 0, 0, 0, 0, 0, 0, 4);[49.945, 50, 50, 50]
(0, 0.0, 0, 0, 0, 0, 0, 0, 0, 4, 0, 0, 0, 0, 0, 0, 0, 4);[49.945, 49.947, 50, 50]
(0, 1.0, 0, 0, 0, 0, 0, 0, 0, 4, 0, 0, 0, 0, 0, 0, 0, 4);[49.945, 50, 50, 50]
(0, 1.0, 0, 0, 1, 0, 0, 0, 0, 4, 0, 0, 0, 0, 0, 0, 0, 4);[49.945, 49.943, 50, 50]
(1, 0.0, 0, 0, 1, 0, 0, 0, 0, 4, 0, 0, 1, 0, 0, 0, 0, 4);[49.94, 49.94, 50, 50]
(1, 1.0, 0, 0, 1, 0, 0, 0, 0, 4, 0, 0, 1, 0, 0, 0, 0, 4);[49.94, 50, 50, 50]
(0, 0.0, 0, 0, 1, 0, 0, 0, 0, 4, 0, 0, 1, 0, 0, 0, 0, 4);[49.948, 49.955, 50, 50]
(0, 1.0, 0, 0, 1, 0, 0, 0, 0, 5, 0, 0, 1, 0, 0, 0, 0, 4);[49.96, 49.95, 50, 50]
(1, 0.0, 0, 0, 1, 0, 0, 0, 0, 5, 0, 0, 1, 0, 0, 0, 0, 5);[49.935, 49.935, 49.958, 50]
(1, 1.0, 0, 0, 1, 0, 0, 0, 0, 5, 0, 0, 1, 0, 0, 0, 0, 5);[49.95, 50, 50, 50]
(0, 0.0, 0, 0, 1, 0, 0, 0, 0, 5, 0, 0, 1, 0, 0, 0, 0, 5);[49.94, 49.94, 50, 50]
(0, 1.0, 0, 0, 1, 0, 0, 0, 0, 5, 0, 0, 1, 0, 0, 0, 0, 5);[49.94, 49.938, 50, 50]
(1, 0.0, 0, 1, 1, 0, 0, 0, 0, 6, 0, 0, 1, 0, 0, 0, 0, 5);[49.957, 50, 50, 50]
(1, 1.0, 0, 1, 1, 0, 0, 0, 1, 6, 0, 0, 1, 0, 0, 0, 0, 5);[49.952, 50, 50, 50]
(0, 0.0, 0, 2, 1, 0, 0, 0, 1, 5, 0, 0, 1, 0, 0, 0, 0, 5);[49.937, 50, 50, 50]
(0, 0.0, 0, 2, 1, 0, 0, 0, 1, 5, 0, 1, 1, 0, 0, 0, 1, 5);[49.936, 50, 50, 50]
(0, 1.0, 0, 2, 1, 0, 0, 0, 1, 5, 0, 2, 1, 0, 0, 0, 1, 5);[49.926, 49.96, 50, 50]
(1, 0.0, 0, 1, 2, 0, 0, 0, 1, 5, 0, 0, 1, 0, 0, 0, 1, 5);[49.905, 50, 50, 50]
(1, 0.0, 0, 0, 2, 0, 0, 0, 1, 5, 0, 0, 1, 0, 0, 0, 1, 5);[49.944, 50, 50, 50]
(1, 1.0, 0, 0, 2, 1, 0, 0, 1, 5, 0, 0, 2, 0, 0, 0, 1, 5);[49.928, 50, 50, 50]
(0, 0.0, 0, 0, 2, 1, 0, 0, 1, 5, 0, 0, 2, 0, 0, 0, 1, 5);[49.924, 50, 50, 50]
(0, 0.0, 0, 0, 2, 1, 0, 0, 1, 5, 0, 0, 2, 1, 0, 0, 1, 5);[49.92, 50, 50, 50]
(0, 1.0, 0, 0, 2, 1, 0, 0, 1, 5, 0, 0, 2, 1, 0, 0, 1, 5);[49.92, 49.917, 50, 50]
(1, 0.0, 0, 0, 2, 1, 0, 0, 1, 5, 0, 0, 2, 1, 0, 0, 1, 5);[49.913, 49.915, 50, 50]
(1, 1.0, 0, 0, 3, 1, 0, 0, 1, 5, 0, 0, 2, 1, 0, 0, 1, 5);[49.915, 50, 50, 50]
(0, 0.0, 0, 0, 3, 1, 0, 0, 1, 5, 0, 0, 2, 1, 0, 0, 1, 5);[49.909, 50, 50, 50]
(0, 0.0, 0, 0, 3, 1, 0, 0, 1, 5, 0, 0, 3, 1, 0, 0, 1, 5);[49.905, 50, 50, 50]
(0, 1.0, 0, 0, 3, 1, 0, 0, 1, 5, 0, 0, 3, 1, 0, 0, 1, 5);[49.905, 49.925, 50, 50]
(1, 0.0, 0, 0, 3, 1, 0, 0, 1, 5, 0, 0, 3, 1, 0, 0, 1, 5);[49.941, 50, 50, 50]
(1, 0.0, 1, 0, 3, 1, 0, 0, 2, 6, 0, 0, 3, 1, 0, 0, 1, 5);[49.956, 50, 50, 50]
(1, 1.0, 1, 1, 3, 1, 0, 0, 3, 6, 0, 0, 3, 1, 0, 0, 1, 6);[49.96, 50, 50, 50]
(0, 0.0, 2, 1, 3, 1, 0, 0, 4, 6, 0, 0, 3, 1, 0, 0, 1, 6);[49.917, 50, 50, 50]
(0, 0.0, 2, 1, 3, 1, 0, 0, 4, 6, 1, 0, 3, 1, 0, 0, 2, 6);[49.893, 50, 50, 50]
(0, 1.0, 2, 1, 3, 1, 0, 0, 4, 6, 2, 1, 3, 1, 0, 0, 4, 6);[49.886, 49.885, 50, 50]
(1, 0.0, 2, 0, 3, 1, 0, 0, 4, 6, 2, 0, 3, 1, 0, 0, 4, 6);[49.887, 49.9, 50, 50]
(1, 1.0, 2, 0, 3, 1, 0, 0, 4, 6, 2, 0, 3, 1, 0, 0, 4, 6);[49.905, 50, 50, 50]
(0, 0.0, 2, 0, 3, 1, 0, 0, 4, 6, 2, 0, 3, 1, 0, 0, 4, 6);[49.905, 49.889, 50, 50]
(0, 1.0, 1, 0, 3, 1, 0, 0, 4, 6, 1, 0, 3, 1, 0, 0, 4, 6);[49.87, 50, 50, 50]
(0, 1.0, 0, 0, 3, 1, 0, 0, 4, 6, 0, 0, 3, 1, 0, 0, 4, 6);[49.881, 49.916, 50.194, 50]
(1, 0.0, 0, 0, 3, 1, 0, 0, 4, 6, 0, 0, 3, 1, 0, 0, 4, 6);[49.905, 49.905, 50, 50]
(1, 1.0, 0, 0, 3, 1, 0, 0, 4, 6, 0, 0, 3, 1, 0, 0, 4, 6);[49.905, 50, 50, 50]
(0, 0.0, 0, 0, 3, 1, 0, 0, 4, 6, 0, 0, 3, 1, 0, 0, 4, 6);[49.905, 49.905, 50, 50]
(2, 0.0, 0, 0, 3, 1, 0, 0, 3, 6, 0, 0, 2, 1, 0, 0, 2, 6);[50.384, 50, 50, 50]
(2, 0.0, 0, 0, 2, 1, 0, 0, 2, 6, 0, 0, 0, 1, 0, 0, 0, 6);[49.885, 50, 50, 50]
(2, 1.0, 0, 0, 2, 1, 0, 0, 0, 6, 0, 0, 1, 1, 0, 0, 0, 6);[49.91, 50, 50, 50]
(0, 1.0, 0, 0, 2, 1, 0, 0, 1, 6, 0, 0, 2, 1, 0, 0, 0, 6);[49.925, 49.931, 50, 50]
(1, 0.0, 0, 0, 2, 1, 0, 0, 1, 6, 0, 0, 2, 1, 0, 0, 1, 6);[49.913, 49.908, 50, 50]
(1, 1.0, 0, 0, 2, 1, 0, 0, 1, 6, 0, 0, 2, 1, 0, 0, 1, 6);[49.903, 50, 50, 50]
(0, 0.0, 0, 0, 2, 1, 0, 0, 1, 6, 0, 0, 2, 1, 0, 0, 1, 6);[49.91, 49.915, 50, 50]
(0, 1.0, 0, 0, 3, 1, 0, 0, 1, 6, 0, 0, 2, 1, 0, 0, 1, 6);[49.915, 49.91, 50, 50]
(2, 0.0, 0, 0, 3, 1, 0, 0, 1, 6, 0, 0, 3, 1, 0, 0, 0, 6);[49.868, 50, 50, 50]
(2, 0.0, 0, 0, 3, 1, 0, 0, 0, 6, 0, 0, 3, 1, 0, 0, 0, 6);[49.9, 49.905, 49.918, 50]
(2, 1.0, 0, 0, 3, 1, 0, 0, 0, 6, 0, 0, 3, 1, 0, 0, 0, 6);[49.911, 50, 50, 50]
(0, 0.0, 0, 0, 3, 1, 0, 0, 0, 6, 0, 0, 3, 1, 0, 0, 0, 6);[49.892, 49.877, 49.905, 49.905]
(0, 1.0, 0, 0, 3, 1, 0, 0, 0, 6, 0, 0, 3, 1, 0, 0, 0, 6);[49.883, 49.897, 49.905, 50]
(1, 0.0, 0, 0, 3, 1, 0, 0, 0, 6, 0, 0, 3, 1, 0, 0, 0, 6);[49.900999999999996, 49.905, 50, 50]
(1, 1.0, 0, 0, 3, 1, 0, 0, 0, 6, 0, 0, 3, 1, 0, 0, 0, 6);[49.905, 50, 50, 50]
(2, 1.0, 0, 0, 3, 1, 0, 0, 1, 6, 0, 0, 3, 1, 0, 0, 0, 6);[49.915, 50, 50, 50]
(0, 0.0, 0, 0, 3, 1, 0, 0, 2, 6, 0, 0, 3, 1, 0, 0, 0, 6);[49.913, 49.905, 50, 50]
(0, 1.0, 0, 0, 3, 1, 0, 0, 2, 6, 0, 0, 3, 1, 0, 0, 1, 6);[49.913, 50, 50, 50]
(0, 1.0, 1, 0, 3, 1, 0, 0, 2, 6, 0, 0, 3, 1, 0, 0, 2, 6);[49.917, 50, 50, 50]
(0, 1.0, 2, 0, 3, 1, 0, 0, 2, 6, 0, 0, 3, 1, 0, 0, 2, 6);[49.924, 50, 50, 50]
(0, 1.0, 3, 0, 3, 1, 0, 0, 2, 6, 0, 0, 3, 1, 0, 0, 2, 6);[49.902, 50, 50, 50]
(0, 1.0, 3, 0, 3, 1, 0, 0, 2, 6, 2, 0, 3, 1, 0, 0, 2, 6);[49.886, 50, 50, 50]
(0, 1.0, 3, 0, 3, 1, 0, 0, 2, 6, 3, 0, 3, 1, 0, 0, 2, 6);[49.885, 49.885, 49.872, 50]
(1, 0.0, 3, 0, 3, 1, 0, 0, 2, 6, 3, 0, 3, 1, 0, 0, 2, 6);[49.885, 49.885, 50, 50]
(1, 1.0, 3, 0, 3, 1, 0, 0, 2, 6, 3, 0, 3, 1, 0, 0, 2, 6);[49.885, 50, 50, 50]
(0, 0.0, 3, 0, 3, 1, 0, 0, 2, 6, 3, 0, 3, 1, 0, 0, 2, 6);[49.885, 49.885, 50, 50]
(2, 0.0, 3, 0, 3, 1, 0, 0, 1, 6, 3, 0, 3, 1, 0, 0, 0, 6);[49.936, 50, 50, 50]
(2, 0.0, 3, 0, 3, 1, 0, 0, 0, 6, 3, 0, 3, 1, 0, 0, 0, 6);[49.885, 50, 50, 50]
(2, 1.0, 3, 0, 3, 1, 0, 0, 0, 6, 3, 0, 3, 1, 0, 0, 0, 6);[49.885, 50, 50, 50]
(0, 0.0, 3, 0, 3, 1, 0, 0, 0, 6, 3, 0, 3, 1, 0, 0, 0, 6);[49.885, 49.885, 50, 50]
(0, 1.0, 3, 0, 4, 1, 0, 0, 0, 6, 3, 0, 3, 1, 0, 0, 0, 6);[49.883, 50, 50, 50]
(0, 1.0, 3, 0, 4, 1, 0, 0, 0, 6, 3, 0, 4, 1, 0, 0, 0, 6);[49.88, 49.915, 50, 50]
(1, 0.0, 3, 0, 4, 1, 0, 0, 0, 6, 3, 0, 4, 1, 0, 0, 0, 6);[49.885, 49.885, 50, 50]
(1, 1.0, 3, 0, 4, 1, 0, 0, 0, 6, 3, 0, 4, 1, 0, 0, 0, 6);[49.898, 50, 50, 50]
(0, 0.0, 4, 0, 4, 1, 0, 0, 0, 6, 3, 0, 4, 1, 0, 0, 0, 6);[49.915, 50, 50, 50]
(0, 0.0, 5, 0, 4, 1, 0, 0, 0, 6, 3, 0, 4, 1, 0, 0, 0, 6);[49.915, 50, 50, 50]
(0, 1.0, 5, 1, 4, 1, 0, 0, 0, 6, 4, 0, 4, 1, 0, 0, 0, 6);[49.893, 50, 50, 50]
(0, 1.0, 5, 1, 4, 1, 0, 0, 1, 7, 5, 0, 4, 1, 0, 0, 0, 6);[49.88, 50, 50, 50]
(0, 1.0, 5, 1, 5, 1, 0, 0, 1, 7, 5, 1, 4, 1, 0, 0, 1, 6);[49.862, 50, 50, 50]
(0, 1.0, 5, 1, 5, 1, 0, 0, 1, 7, 5, 1, 4, 1, 0, 0, 1, 7);[49.857, 50, 50, 50]
(0, 1.0, 5, 1, 6, 1, 0, 0, 1, 7, 5, 1, 5, 1, 0, 0, 1, 7);[49.855, 49.836, 50, 50]
(1, 0.0, 5, 0, 6, 1, 0, 0, 1, 7, 5, 0, 6, 1, 0, 0, 1, 7);[49.85, 49.85, 50, 50]
(1, 1.0, 5, 0, 6, 1, 0, 0, 1, 7, 5, 0, 6, 1, 0, 0, 1, 7);[49.85, 50, 50, 50]
(0, 0.0, 5, 0, 6, 1, 0, 0, 1, 7, 5, 0, 6, 1, 0, 0, 1, 7);[49.85, 49.858, 50, 50]
(0, 1.0, 5, 0, 6, 1, 0, 0, 2, 7, 5, 0, 6, 1, 0, 0, 1, 7);[49.855000000000004, 49.85, 50, 50]
(1, 0.0, 5, 0, 6, 1, 0, 0, 2, 7, 5, 0, 6, 1, 0, 0, 2, 7);[49.842999999999996, 50, 50, 50]
(1, 0.0, 5, 1, 7, 1, 0, 0, 2, 7, 5, 0, 6, 1, 0, 0, 2, 7);[49.844, 50, 50, 50]
(1, 1.0, 5, 1, 7, 1, 0, 0, 2, 7, 5, 0, 6, 1, 0, 0, 2, 7);[49.836, 50, 50, 50]
(0, 0.0, 5, 1, 7, 1, 0, 0, 2, 7, 5, 0, 7, 1, 0, 0, 2, 7);[49.832, 50, 50, 50]
(0, 0.0, 5, 1, 7, 1, 0, 0, 2, 7, 5, 1, 7, 1, 0, 0, 2, 7);[49.83, 50, 50, 50]
(0, 1.0, 5, 1, 7, 1, 0, 0, 2, 7, 5, 1, 7, 1, 0, 0, 2, 7);[49.83, 49.83, 50, 50]
(1, 0.0, 5, 1, 7, 1, 0, 0, 2, 7, 5, 1, 7, 1, 0, 0, 2, 7);[49.828, 50, 50, 50]
(1, 0.0, 6, 1, 7, 1, 0, 0, 2, 7, 5, 1, 7, 1, 0, 0, 2, 7);[49.829, 50, 50, 50]
(1, 1.0, 7, 2, 7, 1, 0, 0, 2, 7, 6, 1, 7, 1, 0, 0, 2, 7);[49.817, 50, 50, 50]
(0, 0.0, 7, 2, 7, 1, 0, 0, 2, 7, 7, 1, 7, 1, 0, 0, 2, 7);[49.807, 50, 50, 50]
(0, 0.0, 7, 2, 7, 1, 0, 0, 2, 7, 7, 2, 7, 1, 0, 0, 2, 7);[49.8, 50, 50, 50]
(0, 1.0, 7, 2, 7, 1, 0, 0, 2, 7, 7, 2, 7, 1, 0, 0, 2, 7);[49.8, 49.8, 50, 50]
(1, 0.0, 7, 2, 7, 1, 0, 0, 3, 7, 7, 2, 7, 1, 0, 0, 2, 7);[49.8, 50, 50, 50]
(1, 0.0, 7, 2, 7, 1, 1, 0, 3, 7, 7, 2, 7, 1, 0, 0, 2, 7);[49.795, 50, 50, 50]
(1, 1.0, 7, 2, 7, 2, 1, 0, 3, 7, 7, 2, 7, 1, 0, 0, 3, 7);[49.795, 50, 50, 50]
(0, 0.0, 7, 2, 7, 2, 1, 0, 3, 7, 7, 2, 7, 1, 0, 0, 3, 7);[49.787, 50, 50, 50]
(0, 0.0, 7, 2, 7, 2, 1, 0, 3, 7, 7, 2, 7, 1, 1, 0, 3, 7);[49.778, 50, 50, 50]
(0, 1.0, 7, 2, 7, 2, 1, 0, 4, 7, 7, 2, 7, 2, 1, 0, 3, 7);[49.777, 50, 50, 50]
(0, 1.0, 7, 2, 7, 2, 1, 0, 4, 7, 7, 2, 7, 2, 1, 0, 4, 7);[49.775, 49.8, 50, 50]
(1, 0.0, 7, 2, 7, 2, 1, 0, 4, 7, 7, 2, 7, 2, 1, 0, 4, 7);[49.78, 49.778, 50, 50]
(1, 1.0, 8, 3, 7, 2, 1, 0, 4, 7, 7, 2, 7, 2, 1, 0, 4, 7);[49.774, 50, 50, 50]
(0, 0.0, 8, 4, 7, 2, 1, 0, 5, 7, 8, 2, 7, 2, 1, 0, 4, 7);[49.764, 50, 50, 50]
(0, 0.0, 8, 5, 7, 2, 1, 0, 6, 8, 8, 4, 7, 2, 1, 0, 4, 7);[49.731, 50, 50, 50]
(0, 1.0, 8, 5, 7, 2, 1, 0, 6, 8, 8, 5, 7, 2, 1, 0, 6, 8);[49.716, 49.715, 50, 50]
(1, 0.0, 8, 5, 7, 2, 1, 0, 6, 8, 8, 5, 7, 2, 1, 0, 6, 8);[49.714999999999996, 49.715, 50, 50]
(1, 1.0, 8, 5, 7, 2, 1, 0, 6, 8, 8, 5, 7, 2, 1, 0, 6, 8);[49.714, 50, 50, 50]
(0, 0.0, 8, 5, 7, 2, 1, 0, 6, 8, 8, 5, 7, 2, 1, 0, 6, 8);[49.707, 50, 50, 50]
(0, 0.0, 9, 5, 7, 2, 1, 0, 6, 8, 9, 5, 7, 2, 1, 0, 6, 8);[49.704, 50, 50, 50]
(0, 1.0, 9, 7, 8, 2, 1, 0, 6, 8, 9, 5, 7, 2, 1, 0, 6, 8);[49.692, 50, 50, 50]
(0, 1.0, 9, 8, 8, 2, 1, 0, 6, 8, 9, 7, 7, 2, 1, 0, 6, 8);[49.675, 50, 50, 50]
(0, 1.0, 9, 8, 8, 2, 1, 0, 6, 8, 9, 8, 8, 2, 1, 0, 6, 8);[49.675, 49.675, 50, 50]
(1, 0.0, 9, 8, 8, 2, 1, 0, 6, 8, 9, 8, 8, 2, 1, 0, 6, 8);[49.673, 50, 50, 50]
(1, 0.0, 9, 8, 8, 2, 1, 0, 7, 8, 9, 8, 8, 2, 1, 0, 6, 8);[49.676, 50, 50, 50]
(1, 1.0, 9, 8, 8, 2, 1, 0, 8, 8, 9, 8, 8, 2, 1, 0, 7, 8);[49.67, 50, 50, 50]
(0, 0.0, 9, 8, 8, 2, 1, 0, 8, 8, 9, 8, 8, 2, 1, 0, 8, 8);[49.649, 49.64, 49.649, 50]
(0, 1.0, 9, 8, 8, 2, 1, 0, 8, 8, 9, 8, 8, 2, 1, 0, 8, 8);[49.65, 49.666, 50, 50]
(1, 0.0, 9, 8, 8, 2, 1, 0, 8, 8, 9, 8, 8, 2, 1, 0, 8, 8);[49.67, 49.67, 50, 50]
(1, 1.0, 9, 8, 8, 2, 1, 0, 8, 8, 9, 8, 8, 2, 1, 0, 8, 8);[49.662, 50, 50, 50]
(0, 0.0, 9, 8, 9, 2, 1, 0, 8, 8, 9, 8, 9, 2, 1, 0, 8, 8);[49.633, 49.639, 50, 50]
(0, 1.0, 9, 8, 9, 2, 1, 0, 8, 8, 9, 8, 9, 2, 1, 0, 8, 8);[49.623, 49.628, 50, 50]
(1, 0.0, 9, 8, 9, 2, 1, 0, 8, 8, 9, 8, 9, 2, 1, 0, 8, 8);[49.627, 49.64, 50, 50]
(1, 1.0, 9, 8, 9, 2, 1, 0, 8, 8, 9, 8, 9, 2, 1, 0, 8, 8);[49.638999999999996, 50, 50, 50]
(0, 0.0, 9, 9, 9, 2, 1, 0, 8, 8, 9, 8, 9, 2, 1, 0, 8, 8);[49.635, 50, 50, 50]
(0, 1.0, 9, 9, 9, 2, 1, 0, 8, 8, 9, 9, 9, 2, 1, 0, 8, 8);[49.635, 49.635, 50, 50]
(1, 0.0, 9, 9, 9, 2, 1, 0, 8, 8, 9, 9, 9, 2, 1, 0, 8, 8);[49.635000000000005, 49.631, 50, 50]
(1, 1.0, 9, 9, 9, 2, 1, 0, 8, 8, 9, 9, 9, 2, 1, 0, 8, 8);[49.631, 50, 50, 50]
(0, 0.0, 9, 9, 9, 2, 1, 0, 8, 8, 9, 9, 9, 2, 1, 0, 8, 8);[49.635000000000005, 50, 50, 50]
(0, 0.0, 9, 9, 9, 2, 2, 0, 8, 8, 9, 9, 9, 2, 1, 0, 8, 8);[49.635, 50, 50, 50]
(0, 1.0, 9, 9, 9, 2, 3, 0, 8, 8, 9, 9, 9, 2, 1, 0, 8, 8);[49.635, 49.643, 50, 50]
(1, 0.0, 9, 9, 9, 2, 3, 0, 8, 9, 9, 9, 9, 2, 2, 0, 8, 8);[49.626999999999995, 50, 50, 50]
(1, 0.0, 9, 9, 9, 2, 3, 0, 8, 9, 9, 9, 9, 2, 3, 0, 8, 9);[49.620000000000005, 49.6, 49.607, 49.2984]
(1, 1.0, 9, 9, 9, 2, 3, 0, 8, 9, 9, 9, 9, 2, 3, 0, 8, 9);[49.62, 49.614, 49.616, 50.62]
(0, 0.0, 9, 9, 9, 2, 3, 0, 8, 9, 9, 9, 9, 2, 3, 0, 8, 9);[49.620000000000005, 49.62, 49.616, 49.624]
(0, 1.0, 9, 9, 9, 2, 3, 0, 8, 9, 9, 9, 9, 2, 3, 0, 8, 9);[49.617, 49.606, 49.625, 50]
(2, 0.0, 9, 9, 9, 2, 3, 0, 8, 9, 9, 9, 9, 2, 3, 0, 8, 9);[49.625, 49.617000000000004, 49.625, 49.625]
(2, 1.0, 9, 9, 9, 2, 3, 0, 8, 9, 9, 9, 9, 2, 3, 0, 8, 9);[49.614999999999995, 49.623999999999995, 50, 50]
(3, 0.0, 9, 9, 9, 1, 3, 0, 8, 9, 9, 9, 9, 0, 3, 0, 8, 9);[51.251000000000005, 50, 50, 50]
(3, 0.0, 9, 9, 9, 0, 3, 0, 8, 9, 9, 9, 9, 0, 3, 0, 8, 9);[50.01, 50, 50, 50]
(3, 1.0, 9, 9, 9, 0, 3, 0, 8, 9, 9, 9, 9, 0, 3, 0, 8, 9);[49.658, 50, 50, 50]
(0, 0.0, 9, 9, 9, 0, 3, 0, 8, 9, 9, 9, 9, 0, 3, 0, 8, 9);[49.644, 50, 50, 50]
(0, 0.0, 9, 9, 9, 0, 3, 0, 8, 9, 8, 9, 9, 0, 3, 0, 8, 9);[49.685, 50, 50, 50]
(0, 1.0, 9, 9, 9, 0, 3, 0, 8, 9, 6, 8, 9, 0, 3, 0, 8, 9);[49.697, 50, 50, 50]
(0, 1.0, 9, 9, 9, 0, 3, 0, 8, 9, 5, 9, 9, 0, 3, 0, 8, 9);[49.681, 50, 50, 50]
(0, 1.0, 8, 9, 9, 0, 3, 0, 8, 9, 4, 8, 9, 0, 3, 0, 8, 9);[49.678999999999995, 50, 50, 50]
(0, 1.0, 8, 9, 9, 0, 3, 0, 8, 9, 7, 9, 9, 0, 3, 0, 8, 9);[49.667, 50, 50, 50]
(0, 1.0, 8, 9, 9, 0, 4, 0, 8, 9, 8, 9, 9, 0, 3, 0, 8, 9);[49.664, 50.018, 50, 50]
(1, 0.0, 8, 9, 9, 0, 4, 0, 8, 9, 8, 9, 9, 0, 4, 0, 8, 9);[49.666000000000004, 49.665, 49.623, 49.638000000000005]
(1, 1.0, 8, 9, 9, 0, 4, 0, 8, 9, 8, 9, 9, 0, 4, 0, 8, 9);[49.667, 49.654999999999994, 49.672000000000004, 50]
(0, 0.0, 8, 9, 9, 0, 4, 0, 8, 9, 8, 9, 9, 0, 4, 0, 8, 9);[49.666999999999994, 49.663000000000004, 49.690000000000005, 49.69]
(0, 1.0, 8, 9, 9, 0, 4, 0, 8, 9, 8, 9, 9, 0, 4, 0, 8, 9);[49.648999999999994, 49.634, 49.693, 50]
(2, 0.0, 8, 9, 9, 0, 4, 0, 8, 9, 8, 9, 9, 0, 4, 0, 8, 9);[49.687, 49.70399999999999, 50.3463, 50]
(2, 1.0, 8, 9, 9, 0, 4, 0, 8, 9, 8, 9, 9, 0, 4, 0, 8, 9);[49.694, 50, 50, 50]
(2, 1.0, 8, 9, 9, 0, 4, 0, 8, 9, 8, 9, 7, 0, 4, 0, 8, 9);[49.721999999999994, 50, 50, 50]
(0, 0.0, 8, 8, 9, 0, 4, 0, 8, 9, 7, 8, 5, 0, 4, 0, 8, 9);[50.273, 50, 50, 50]
(0, 0.0, 8, 8, 9, 0, 5, 0, 8, 9, 5, 6, 4, 0, 4, 0, 8, 9);[49.767, 50, 50, 50]
(0, 1.0, 8, 8, 9, 0, 5, 0, 8, 9, 7, 7, 5, 0, 4, 0, 8, 9);[49.747, 50, 50, 50]
(0, 1.0, 8, 8, 9, 0, 5, 0, 8, 9, 8, 8, 7, 0, 5, 0, 8, 9);[49.725, 50, 50, 50]
(0, 1.0, 8, 8, 9, 0, 5, 0, 8, 9, 8, 8, 8, 0, 5, 0, 8, 9);[49.712, 50, 50, 50]
(0, 1.0, 8, 8, 9, 0, 5, 0, 8, 9, 8, 8, 9, 0, 5, 0, 8, 9);[49.701, 50.554, 50, 50]
(1, 0.0, 8, 7, 9, 0, 5, 0, 8, 9, 8, 7, 9, 0, 5, 0, 8, 9);[49.708, 49.71, 49.712, 49.718]
(1, 1.0, 8, 7, 9, 0, 5, 0, 8, 9, 8, 7, 9, 0, 5, 0, 8, 9);[49.707, 49.715999999999994, 49.714, 50]
(0, 0.0, 8, 7, 9, 0, 5, 0, 8, 9, 8, 7, 9, 0, 5, 0, 8, 9);[49.695, 49.696, 50, 50]
(0, 1.0, 8, 7, 9, 0, 5, 0, 8, 9, 8, 7, 9, 0, 5, 0, 8, 9);[49.70100000000001, 49.707, 50, 50]
(2, 0.0, 8, 7, 9, 0, 5, 0, 8, 9, 8, 7, 9, 0, 5, 0, 8, 9);[49.715, 49.727999999999994, 50, 50]
(2, 1.0, 8, 7, 9, 0, 5, 0, 8, 9, 8, 7, 9, 0, 5, 0, 8, 9);[49.718, 50, 50, 50]
(0, 0.0, 8, 7, 9, 0, 5, 0, 8, 9, 6, 7, 9, 0, 5, 0, 8, 9);[50.72, 50, 50, 50]
(0, 0.0, 8, 6, 9, 0, 5, 0, 8, 9, 6, 6, 9, 0, 5, 0, 8, 9);[50.329, 50, 50, 50]
(0, 1.0, 8, 5, 9, 0, 5, 0, 8, 9, 4, 5, 9, 0, 5, 0, 8, 9);[50.373000000000005, 50, 50, 50]
(0, 1.0, 8, 5, 9, 0, 5, 0, 8, 9, 4, 2, 9, 0, 5, 0, 8, 9);[49.785999999999994, 50, 50, 50]
(0, 1.0, 8, 5, 9, 0, 5, 0, 8, 9, 6, 3, 9, 0, 5, 0, 8, 9);[49.779, 50, 50, 50]
(0, 1.0, 8, 5, 9, 0, 5, 0, 8, 9, 6, 4, 9, 0, 5, 0, 8, 9);[49.783, 50, 50, 50]
(0, 1.0, 8, 5, 9, 0, 5, 0, 8, 9, 6, 1, 9, 0, 5, 0, 8, 9);[49.789, 50, 50, 50]
(0, 1.0, 8, 5, 9, 0, 5, 0, 8, 9, 6, 2, 9, 0, 5, 0, 8, 9);[49.763, 50, 50, 50]
(0, 1.0, 9, 5, 9, 0, 5, 0, 8, 9, 8, 4, 9, 0, 5, 0, 8, 9);[49.759, 50, 50, 50]
(0, 1.0, 9, 6, 9, 0, 5, 0, 8, 9, 9, 5, 9, 0, 5, 0, 8, 9);[49.761, 50, 50, 50]
(0, 1.0, 9, 7, 9, 0, 5, 0, 8, 9, 9, 5, 9, 0, 5, 0, 8, 9);[49.757999999999996, 50, 50, 50]
(0, 1.0, 9, 8, 9, 0, 5, 0, 8, 9, 9, 6, 9, 0, 5, 0, 8, 9);[49.739, 50, 50, 50]
(0, 1.0, 9, 8, 9, 0, 5, 0, 8, 9, 9, 8, 9, 0, 5, 0, 8, 9);[49.74, 50.373, 50, 50]
(1, 0.0, 9, 7, 9, 0, 5, 0, 8, 9, 9, 6, 9, 0, 5, 0, 8, 9);[50.38, 50, 50, 50]
(1, 0.0, 9, 6, 9, 0, 5, 0, 8, 9, 9, 6, 9, 0, 5, 0, 8, 9);[49.754000000000005, 49.723, 49.728, 50]
(1, 1.0, 9, 6, 9, 0, 5, 0, 8, 9, 9, 6, 9, 0, 5, 0, 8, 9);[49.747, 49.725, 49.733999999999995, 50]
(0, 0.0, 9, 6, 9, 0, 5, 0, 8, 9, 9, 6, 9, 0, 5, 0, 8, 9);[49.724000000000004, 49.708, 50, 50]
(0, 1.0, 9, 6, 9, 0, 5, 0, 8, 9, 9, 6, 9, 0, 5, 0, 8, 9);[49.706, 49.720000000000006, 50, 50]
(2, 0.0, 9, 6, 9, 0, 5, 0, 8, 9, 9, 6, 9, 0, 5, 0, 8, 9);[49.743, 49.755, 50, 50]
(2, 1.0, 9, 6, 9, 0, 5, 0, 8, 9, 9, 6, 9, 0, 5, 0, 8, 9);[49.778, 50, 50, 50]
(0, 0.0, 8, 6, 9, 0, 5, 0, 8, 9, 7, 6, 9, 0, 5, 0, 8, 9);[50.456, 50, 50, 50]
(0, 0.0, 8, 6, 9, 0, 5, 0, 8, 9, 5, 5, 9, 0, 5, 0, 8, 9);[50.495000000000005, 50, 50, 50]
(0, 1.0, 7, 5, 9, 0, 5, 0, 8, 9, 3, 4, 9, 0, 5, 0, 8, 9);[50.528, 50, 50, 50]
(0, 1.0, 8, 5, 9, 0, 5, 0, 8, 9, 2, 1, 9, 0, 5, 0, 8, 9);[49.875, 49.854, 50, 50]
(1, 0.0, 8, 5, 9, 0, 5, 0, 8, 9, 4, 2, 9, 0, 5, 0, 8, 9);[49.825, 50, 50, 50]
(1, 0.0, 8, 5, 9, 0, 5, 0, 8, 9, 5, 5, 9, 0, 5, 0, 8, 9);[49.797999999999995, 50, 50, 50]
(1, 1.0, 8, 5, 9, 0, 5, 0, 8, 9, 8, 5, 9, 0, 5, 0, 8, 9);[49.790000000000006, 50, 50, 50]
(0, 0.0, 8, 5, 9, 0, 5, 0, 8, 9, 8, 5, 9, 0, 5, 0, 8, 9);[49.786, 50, 50, 50]
(0, 0.0, 8, 5, 9, 0, 6, 0, 8, 9, 8, 5, 9, 0, 5, 0, 8, 9);[49.783, 50, 50, 50]
(0, 1.0, 8, 5, 9, 0, 6, 0, 8, 9, 8, 5, 9, 0, 5, 0, 8, 9);[49.794, 50, 50, 50]
(0, 1.0, 9, 5, 9, 0, 6, 0, 8, 9, 8, 5, 9, 0, 6, 0, 8, 9);[49.796, 49.786, 50, 50]
(1, 0.0, 9, 5, 9, 0, 7, 0, 8, 9, 9, 5, 9, 0, 6, 0, 8, 9);[49.785000000000004, 49.779999999999994, 50, 50]
(1, 1.0, 9, 5, 9, 0, 7, 0, 8, 9, 9, 5, 9, 0, 7, 0, 8, 9);[49.759, 50, 50, 50]
(0, 0.0, 9, 5, 9, 0, 7, 0, 8, 9, 8, 5, 9, 0, 7, 0, 8, 9);[50.682, 50, 50, 50]
(0, 0.0, 8, 5, 9, 0, 7, 0, 8, 9, 6, 4, 9, 0, 7, 0, 8, 9);[50.63, 50, 50, 50]
(0, 1.0, 7, 4, 9, 0, 7, 0, 8, 9, 3, 1, 9, 0, 7, 0, 8, 9);[49.821, 50, 50, 50]
(0, 1.0, 6, 4, 9, 0, 7, 0, 8, 9, 1, 0, 9, 0, 7, 0, 8, 9);[49.831, 50, 50, 50]
(0, 1.0, 6, 4, 9, 0, 7, 0, 8, 9, 0, 1, 9, 0, 7, 0, 8, 9);[49.841, 50, 50, 50]
(0, 1.0, 6, 4, 9, 0, 7, 0, 8, 9, 1, 3, 9, 0, 7, 0, 8, 9);[49.826, 50, 50, 50]
(0, 1.0, 6, 4, 9, 0, 7, 0, 8, 9, 4, 4, 9, 0, 7, 0, 8, 9);[49.819, 50, 50, 50]
(0, 1.0, 6, 4, 9, 0, 7, 0, 8, 9, 5, 4, 9, 0, 7, 0, 8, 9);[49.808, 50, 50, 50]
(0, 1.0, 6, 4, 9, 1, 7, 0, 8, 9, 6, 4, 9, 0, 7, 0, 8, 9);[49.81, 50.206, 50, 50]
(1, 0.0, 6, 4, 9, 1, 7, 0, 8, 9, 6, 2, 9, 1, 7, 0, 8, 9);[50.462, 50, 50, 50]
(1, 0.0, 7, 2, 9, 1, 7, 0, 8, 9, 6, 0, 9, 1, 7, 0, 8, 9);[49.707, 50, 50, 50]
(1, 1.0, 8, 2, 9, 1, 7, 0, 8, 9, 6, 0, 9, 1, 7, 0, 8, 9);[49.802, 50, 50, 50]
(0, 0.0, 8, 2, 9, 1, 7, 0, 8, 9, 8, 0, 9, 1, 7, 0, 8, 9);[49.787, 50, 50, 50]
(0, 0.0, 8, 2, 9, 1, 7, 0, 8, 9, 8, 1, 9, 1, 7, 0, 8, 9);[49.775999999999996, 50, 50, 50]
(0, 1.0, 8, 2, 9, 1, 7, 0, 8, 9, 8, 2, 9, 1, 7, 0, 8, 9);[49.781, 49.733, 50, 50]
(1, 0.0, 8, 2, 9, 1, 7, 0, 8, 9, 8, 1, 9, 1, 7, 0, 8, 9);[49.752, 50, 50, 50]
(1, 0.0, 8, 1, 9, 1, 7, 0, 8, 9, 8, 1, 9, 1, 7, 0, 8, 9);[49.793, 50, 50, 50]
(1, 1.0, 8, 1, 9, 1, 7, 0, 8, 9, 8, 1, 9, 1, 7, 0, 8, 9);[49.795, 50, 50, 50]
(0, 0.0, 8, 1, 9, 1, 7, 0, 8, 9, 8, 1, 9, 1, 7, 0, 8, 9);[49.795, 49.79, 50, 50]
(0, 1.0, 8, 1, 9, 1, 7, 0, 8, 9, 8, 1, 9, 1, 7, 0, 8, 9);[50.783, 50, 50, 50]
(0, 1.0, 6, 1, 9, 1, 7, 0, 8, 9, 5, 1, 9, 1, 7, 0, 8, 9);[50.352999999999994, 50, 50, 50]
(0, 1.0, 6, 1, 9, 1, 7, 0, 8, 9, 2, 0, 9, 1, 7, 0, 8, 9);[50.567, 50, 50, 50]
(0, 1.0, 6, 0, 9, 1, 7, 0, 8, 9, 0, 0, 9, 1, 7, 0, 8, 9);[50.525, 50, 50, 50]
(0, 1.0, 5, 0, 9, 1, 8, 0, 8, 9, 0, 0, 9, 1, 7, 0, 8, 9);[51.272, 50, 50, 50]
(0, 1.0, 4, 0, 9, 1, 8, 0, 8, 9, 0, 0, 9, 1, 8, 0, 8, 9);[49.753, 50, 50, 50]
(0, 1.0, 3, 0, 9, 1, 8, 0, 8, 9, 0, 0, 9, 1, 8, 0, 8, 9);[49.809999999999995, 50, 50, 50]
(0, 1.0, 3, 0, 9, 1, 8, 0, 8, 9, 2, 0, 9, 1, 8, 0, 8, 9);[49.80800000000001, 50, 50, 50]
(0, 1.0, 3, 0, 9, 1, 8, 0, 8, 9, 3, 0, 9, 1, 8, 0, 8, 9);[49.837, 50, 50, 50]
(0, 1.0, 4, 1, 9, 1, 8, 0, 8, 9, 3, 0, 9, 1, 8, 0, 8, 9);[49.834999999999994, 50, 50, 50]
(0, 1.0, 5, 2, 9, 1, 8, 0, 8, 9, 3, 0, 9, 1, 8, 0, 8, 9);[49.838, 50, 50, 50]
(0, 1.0, 5, 2, 9, 1, 8, 0, 8, 9, 4, 1, 9, 1, 8, 0, 8, 9);[49.81, 50, 50, 50]
(0, 1.0, 5, 2, 9, 1, 8, 0, 8, 9, 5, 2, 9, 1, 8, 0, 8, 9);[49.804, 49.922999999999995, 50, 50]
(1, 0.0, 5, 2, 9, 1, 8, 0, 8, 9, 5, 1, 9, 1, 8, 0, 8, 9);[49.825, 50, 50, 50]
(1, 0.0, 5, 1, 9, 1, 8, 0, 8, 9, 5, 0, 9, 1, 8, 0, 8, 9);[49.816, 50, 50, 50]
(1, 1.0, 5, 0, 9, 1, 8, 0, 8, 9, 5, 0, 9, 1, 8, 0, 8, 9);[49.81699999999999, 49.825, 49.826, 50]
(0, 0.0, 5, 0, 9, 1, 8, 0, 8, 9, 5, 0, 9, 1, 8, 0, 8, 9);[49.791000000000004, 49.775999999999996, 50, 50]
(0, 1.0, 5, 0, 9, 1, 8, 0, 8, 9, 5, 0, 9, 1, 8, 0, 8, 9);[49.779, 49.811, 50, 50]
(1, 0.0, 5, 0, 9, 1, 8, 0, 8, 9, 5, 0, 9, 1, 8, 0, 8, 9);[49.814, 49.823, 50, 50]
(2, 0.0, 5, 0, 9, 1, 8, 0, 8, 9, 5, 0, 9, 1, 8, 0, 8, 9);[49.83, 49.82000000000001, 50, 50]
(2, 1.0, 5, 0, 9, 1, 8, 0, 8, 9, 5, 0, 9, 1, 8, 0, 8, 9);[49.771, 50, 50, 50]
(0, 0.0, 4, 0, 9, 1, 8, 0, 8, 9, 3, 0, 9, 1, 8, 0, 8, 9);[49.748000000000005, 50, 50, 50]
(0, 0.0, 3, 1, 9, 1, 8, 0, 8, 9, 0, 0, 9, 1, 8, 0, 8, 9);[50.128, 50, 50, 50]
(0, 1.0, 2, 1, 9, 1, 8, 0, 8, 9, 0, 0, 9, 1, 8, 0, 8, 9);[49.818, 50, 50, 50]
(0, 1.0, 1, 1, 9, 1, 8, 0, 8, 9, 0, 0, 9, 1, 8, 0, 8, 9);[49.931, 50, 50, 50]
(0, 1.0, 0, 1, 9, 1, 8, 0, 8, 9, 0, 1, 9, 1, 8, 0, 8, 9);[49.83, 50, 50, 50]
(0, 1.0, 0, 1, 9, 1, 9, 0, 8, 9, 0, 1, 9, 1, 9, 0, 8, 9);[49.827, 49.816, 50, 50]
(1, 0.0, 0, 1, 9, 1, 9, 0, 8, 9, 0, 0, 9, 1, 9, 0, 8, 9);[49.793, 50, 50, 50]
(1, 0.0, 0, 0, 9, 1, 9, 0, 8, 9, 0, 0, 9, 1, 9, 0, 8, 9);[49.82899999999999, 49.839, 49.696, 49.839999999999996]
(1, 1.0, 0, 0, 9, 1, 9, 0, 8, 9, 0, 0, 9, 1, 9, 0, 8, 9);[49.824, 49.839999999999996, 49.839999999999996, 50.612]
(0, 0.0, 0, 0, 9, 1, 9, 0, 8, 9, 0, 0, 9, 1, 9, 0, 8, 9);[49.82, 49.825, 49.827, 49.83]
(0, 1.0, 0, 0, 9, 1, 9, 0, 8, 9, 0, 0, 9, 1, 9, 0, 8, 9);[49.825, 49.829, 49.832, 50]
(2, 0.0, 0, 0, 9, 1, 9, 0, 8, 9, 0, 0, 9, 1, 9, 0, 8, 9);[49.831, 49.833000000000006, 49.835, 49.835]
(2, 1.0, 0, 0, 9, 1, 9, 0, 8, 9, 0, 0, 9, 1, 9, 0, 8, 9);[49.827999999999996, 49.869, 50, 50]
(3, 0.0, 0, 0, 9, 1, 9, 0, 8, 9, 0, 0, 9, 0, 9, 0, 8, 9);[50.283, 50, 50, 50]
(3, 0.0, 0, 0, 9, 0, 9, 0, 8, 9, 0, 0, 9, 0, 9, 0, 8, 9);[49.863, 49.848079999999996, 49.859, 49.8765]
(3, 1.0, 0, 0, 9, 0, 9, 0, 8, 9, 0, 0, 9, 0, 9, 0, 8, 9);[49.87, 49.922, 49.935, 50]
(0, 0.0, 0, 0, 9, 0, 9, 0, 8, 9, 0, 0, 9, 0, 9, 0, 8, 9);[49.87, 49.864999999999995, 49.820835, 49.851499999999994]
(0, 1.0, 0, 0, 9, 0, 9, 0, 8, 9, 0, 0, 9, 0, 9, 0, 8, 9);[49.865, 49.88, 49.915, 49.894499999999994]
(1, 0.0, 0, 0, 9, 0, 9, 0, 8, 9, 0, 0, 9, 0, 9, 0, 8, 9);[49.888, 49.925, 49.924, 49.886]
(1, 0.0, 2, 0, 9, 0, 9, 0, 8, 9, 0, 0, 9, 0, 9, 0, 8, 9);[49.9, 50, 50, 50]
(1, 1.0, 3, 0, 9, 0, 9, 0, 8, 9, 0, 0, 9, 0, 9, 0, 8, 9);[49.902, 50, 50, 50]
(0, 0.0, 4, 0, 9, 0, 9, 0, 8, 9, 1, 0, 9, 0, 9, 0, 8, 9);[49.888, 49.900999999999996, 49.89, 50]
(0, 0.0, 4, 0, 9, 0, 9, 0, 8, 9, 2, 0, 9, 0, 9, 0, 8, 9);[49.874, 50, 50, 50]
(0, 1.0, 4, 0, 9, 0, 9, 0, 8, 9, 4, 0, 9, 0, 9, 0, 8, 9);[49.770129999999995, 49.89983528799999, 49.866, 49.768027374999996]
(1, 0.0, 4, 0, 9, 0, 9, 0, 8, 9, 4, 0, 9, 0, 9, 0, 8, 9);[49.750130000000006, 49.6811470262, 49.657325902000004, 49.65891999999999]
(1, 1.0, 4, 0, 9, 0, 9, 0, 8, 9, 4, 0, 9, 0, 9, 0, 8, 9);[49.783, 49.76512, 49.7812, 49.765368068753]
(0, 0.0, 4, 0, 9, 0, 9, 0, 8, 9, 4, 0, 9, 0, 9, 0, 8, 9);[49.770129999999995, 49.770129999999995, 49.775323, 49.778121999999996]
(2, 0.0, 4, 0, 9, 0, 9, 0, 8, 9, 4, 0, 9, 0, 9, 0, 8, 9);[49.769729999999996, 49.77512800000001, 49.79489, 49.795114999999996]
(2, 1.0, 4, 0, 9, 0, 9, 0, 8, 9, 4, 0, 9, 0, 9, 0, 8, 9);[49.770922, 49.862437701999994, 49.819089999999996, 49.795740746999996]
(0, 0.0, 4, 0, 9, 1, 9, 0, 8, 9, 4, 0, 9, 0, 9, 0, 8, 9);[49.868, 49.864999999999995, 50, 50]
(0, 1.0, 4, 0, 9, 1, 9, 0, 8, 9, 4, 0, 9, 0, 9, 0, 8, 9);[49.861000000000004, 50, 50, 50]
(0, 1.0, 4, 0, 9, 1, 9, 0, 8, 9, 4, 0, 9, 1, 9, 0, 8, 9);[49.86, 49.882, 49.864999999999995, 49.971000000000004]
(1, 0.0, 4, 0, 9, 1, 9, 0, 8, 9, 4, 0, 9, 1, 9, 0, 8, 9);[49.864999999999995, 49.864999999999995, 50, 50]
(1, 1.0, 4, 0, 9, 1, 9, 0, 8, 9, 4, 0, 9, 1, 9, 0, 8, 9);[49.865, 50, 50, 50]
(0, 0.0, 4, 0, 9, 1, 9, 0, 8, 9, 4, 0, 9, 1, 9, 0, 8, 9);[49.864999999999995, 49.865, 49.864999999999995, 49.863]
(2, 0.0, 4, 0, 9, 1, 9, 0, 8, 9, 4, 0, 9, 1, 9, 0, 8, 9);[49.867000000000004, 49.87, 50, 50]
(2, 1.0, 4, 0, 9, 1, 9, 0, 8, 9, 4, 0, 9, 1, 9, 0, 8, 9);[49.869, 50, 50, 50]
(3, 0.0, 4, 0, 9, 0, 9, 0, 8, 9, 4, 0, 9, 0, 9, 0, 8, 9);[49.64249372105301, 49.64586287, 49.678374999999996, 49.685339875]
(3, 1.0, 4, 0, 9, 0, 9, 1, 8, 9, 4, 0, 9, 0, 9, 0, 8, 9);[49.87, 50, 50, 50]
(0, 0.0, 4, 0, 9, 0, 9, 1, 8, 9, 4, 0, 9, 0, 9, 0, 8, 9);[49.87, 49.865, 50, 50]
(0, 1.0, 4, 0, 9, 0, 9, 1, 8, 9, 4, 0, 9, 0, 9, 1, 8, 9);[49.86, 49.943, 50, 50]
(2, 0.0, 5, 0, 9, 0, 9, 0, 8, 9, 4, 0, 9, 0, 9, 0, 8, 9);[49.885000000000005, 50, 50, 50]
(2, 0.0, 6, 0, 9, 0, 9, 0, 8, 9, 4, 0, 9, 0, 9, 0, 8, 9);[49.874, 50, 50, 50]
(2, 1.0, 7, 0, 9, 0, 9, 0, 8, 9, 5, 0, 9, 0, 9, 0, 8, 9);[49.848, 50, 50, 50]
(0, 0.0, 7, 0, 9, 0, 9, 0, 8, 9, 7, 0, 9, 0, 9, 0, 8, 9);[49.825, 49.82000000000001, 49.870000000000005, 50.306]
(0, 1.0, 7, 0, 9, 0, 9, 0, 8, 9, 7, 0, 9, 0, 9, 0, 8, 9);[49.819, 49.836, 50, 50]
(1, 0.0, 7, 0, 9, 0, 9, 0, 8, 9, 7, 0, 9, 0, 9, 0, 8, 9);[49.855000000000004, 49.868, 50, 50]
(1, 1.0, 7, 0, 9, 0, 9, 0, 8, 9, 7, 0, 9, 0, 9, 0, 8, 9);[49.87, 50, 50, 50]
(0, 1.0, 6, 0, 9, 0, 9, 0, 8, 9, 4, 0, 9, 0, 9, 0, 8, 9);[49.886, 50, 50, 50]
(0, 1.0, 5, 0, 9, 0, 9, 0, 8, 9, 1, 0, 9, 0, 9, 0, 8, 9);[49.89, 49.919, 50, 50]
(1, 0.0, 5, 0, 9, 0, 9, 0, 8, 9, 0, 0, 9, 0, 9, 0, 8, 9);[49.909, 50, 50, 50]
(1, 0.0, 5, 0, 9, 0, 9, 0, 8, 9, 2, 0, 9, 0, 9, 0, 8, 9);[49.896, 50, 50, 50]
(1, 1.0, 5, 0, 9, 0, 9, 0, 8, 9, 4, 0, 9, 0, 9, 0, 8, 9);[49.854, 50, 50, 50]
(0, 0.0, 4, 0, 9, 0, 9, 0, 8, 9, 3, 0, 9, 0, 9, 0, 8, 9);[49.900999999999996, 50, 50, 50]
(0, 1.0, 4, 0, 9, 0, 9, 0, 8, 9, 2, 0, 9, 0, 9, 0, 8, 9);[49.884, 49.931, 50, 50]
(3, 1.0, 4, 0, 9, 0, 9, 0, 8, 9, 4, 0, 9, 0, 9, 0, 8, 9);[49.77463, 49.790417, 49.8010815, 49.810095000000004]
(0, 1.0, 5, 0, 9, 0, 9, 0, 8, 9, 4, 0, 9, 0, 9, 0, 8, 9);[49.879999999999995, 49.92, 50, 50]
(1, 0.0, 5, 0, 9, 0, 9, 0, 8, 9, 5, 0, 9, 0, 9, 0, 8, 9);[49.785115, 49.770697000000006, 49.800095, 49.800095]
(1, 1.0, 5, 0, 9, 0, 9, 0, 8, 9, 5, 0, 9, 0, 9, 0, 8, 9);[49.875, 49.800094999999985, 49.803295000000006, 49.8305]
(0, 0.0, 5, 0, 9, 0, 9, 0, 8, 9, 5, 0, 9, 0, 9, 0, 8, 9);[49.875, 49.875, 49.8051, 49.815]
(0, 1.0, 5, 0, 9, 0, 9, 0, 8, 9, 5, 0, 9, 0, 9, 0, 8, 9);[49.809, 49.931999999999995, 49.90500000000001, 50]
(1, 0.0, 4, 0, 9, 0, 9, 0, 8, 9, 0, 0, 9, 0, 9, 0, 8, 9);[49.913, 49.912, 50, 50]
(1, 1.0, 4, 0, 9, 0, 9, 0, 8, 9, 1, 0, 9, 0, 9, 0, 8, 9);[49.856, 50, 50, 50]
(0, 0.0, 3, 0, 9, 0, 9, 0, 8, 9, 1, 0, 9, 0, 9, 0, 8, 9);[49.902, 50, 50, 50]
(0, 1.0, 4, 0, 9, 0, 9, 0, 8, 9, 3, 0, 9, 0, 9, 0, 8, 9);[49.885000000000005, 49.866298, 50, 50]
(0, 0.0, 3, 0, 9, 0, 9, 0, 8, 9, 2, 0, 9, 0, 9, 0, 8, 9);[50.393, 50, 50, 50]
(0, 0.0, 2, 0, 9, 0, 9, 0, 8, 9, 0, 0, 9, 0, 9, 0, 8, 9);[50.1531482581, 50, 50, 50]
(0, 1.0, 1, 0, 9, 0, 9, 0, 8, 9, 0, 0, 9, 0, 9, 0, 8, 9);[49.904, 49.93, 49.928585, 50]
(0, 1.0, 1, 0, 9, 0, 9, 0, 8, 9, 1, 0, 9, 0, 9, 0, 8, 9);[49.894999999999996, 49.910000000000004, 49.912, 50]
(1, 0.0, 1, 0, 9, 0, 9, 0, 8, 9, 1, 0, 9, 0, 9, 0, 8, 9);[49.850081, 49.85009, 49.856075, 49.857499999999995]
(1, 1.0, 1, 0, 9, 0, 9, 0, 8, 9, 1, 0, 9, 0, 9, 0, 8, 9);[49.909, 49.915000000000006, 49.859674999999996, 49.8725]
(0, 0.0, 1, 0, 9, 0, 9, 0, 8, 9, 1, 0, 9, 0, 9, 0, 8, 9);[49.909000000000006, 49.91, 50.0981, 50]
(2, 0.0, 1, 0, 9, 0, 9, 0, 8, 9, 1, 0, 9, 0, 9, 0, 8, 9);[49.850085, 49.8585, 49.8074295, 49.8049302]
(2, 1.0, 1, 0, 9, 0, 9, 0, 8, 9, 1, 0, 9, 0, 9, 0, 8, 9);[49.915, 49.928000000000004, 49.873062, 49.863729]
(2, 0.0, 0, 0, 9, 0, 9, 0, 8, 9, 0, 0, 9, 0, 9, 0, 8, 9);[49.915000000000006, 49.915, 49.87406500000001, 49.8745]
(2, 1.0, 0, 0, 9, 0, 9, 0, 8, 9, 0, 0, 9, 0, 9, 0, 8, 9);[49.915000000000006, 49.985, 49.93, 49.92208]
(1, 1.0, 0, 0, 9, 0, 9, 0, 8, 9, 0, 0, 9, 0, 9, 0, 8, 9);[49.926585, 49.94, 49.933565, 50]
(0, 0.0, 1, 0, 9, 0, 9, 0, 8, 9, 0, 0, 9, 0, 9, 0, 8, 9);[49.93, 49.988438710000004, 50, 50]
(0, 1.0, 2, 0, 9, 0, 9, 0, 8, 9, 0, 0, 9, 0, 9, 0, 8, 9);[49.932, 50, 50, 50]
(1, 0.0, 1, 0, 9, 0, 9, 0, 8, 9, 0, 0, 9, 0, 9, 0, 8, 9);[49.92, 50, 50, 50]
(3, 0.0, 1, 0, 9, 0, 9, 0, 8, 9, 1, 0, 9, 0, 9, 0, 8, 9);[49.860074999999995, 49.8675, 49.881, 49.875060000000005]
(3, 1.0, 1, 0, 9, 0, 9, 0, 8, 9, 1, 0, 9, 0, 9, 0, 8, 9);[49.940911, 49.93109, 49.9221102, 49.935]
(3, 1.0, 0, 1, 9, 0, 9, 0, 8, 9, 0, 0, 9, 0, 9, 0, 8, 9);[49.935, 50, 50, 50]
(0, 0.0, 0, 1, 9, 0, 9, 1, 8, 9, 0, 0, 9, 0, 9, 0, 8, 9);[49.934, 49.923, 50, 50]
(0, 1.0, 0, 1, 9, 0, 9, 1, 8, 9, 0, 1, 9, 0, 9, 1, 8, 9);[49.918, 50, 50, 50]
(0, 1.0, 1, 1, 9, 0, 9, 1, 8, 9, 0, 1, 9, 0, 9, 1, 8, 9);[49.921, 50, 50, 50]
(0, 1.0, 1, 2, 9, 0, 9, 1, 8, 9, 0, 1, 9, 0, 9, 1, 8, 9);[49.926, 50.013999999999996, 50, 50]
(1, 0.0, 1, 1, 9, 0, 9, 0, 8, 9, 0, 0, 9, 0, 9, 0, 8, 9);[50.039585, 50, 50, 50]
(2, 1.0, 2, 0, 9, 0, 9, 0, 8, 9, 1, 0, 9, 0, 9, 0, 8, 9);[50.023146999999994, 50, 50, 50]
(0, 0.0, 2, 0, 9, 0, 9, 0, 8, 9, 1, 0, 9, 0, 9, 0, 8, 9);[49.93, 50, 50, 50]
(0, 1.0, 2, 0, 9, 0, 9, 0, 8, 9, 1, 0, 9, 0, 9, 0, 8, 9);[49.929, 50, 50, 50]
(0, 1.0, 2, 0, 9, 0, 9, 0, 8, 9, 2, 0, 9, 0, 9, 0, 8, 9);[49.925, 49.9008, 49.93, 49.93]
(1, 0.0, 2, 0, 9, 0, 9, 0, 8, 9, 2, 0, 9, 0, 9, 0, 8, 9);[49.85007, 49.857, 49.850075, 49.85255]
(1, 1.0, 2, 0, 9, 0, 9, 0, 8, 9, 2, 0, 9, 0, 9, 0, 8, 9);[49.93, 49.925, 49.925, 49.873070000000006]
(0, 0.0, 2, 0, 9, 0, 9, 0, 8, 9, 2, 0, 9, 0, 9, 0, 8, 9);[49.92999999999999, 49.85507, 49.857248, 49.93]
(2, 0.0, 2, 0, 9, 0, 9, 0, 8, 9, 2, 0, 9, 0, 9, 0, 8, 9);[49.93, 49.93, 49.92, 49.92]
(2, 1.0, 2, 0, 9, 0, 9, 0, 8, 9, 2, 0, 9, 0, 9, 0, 8, 9);[49.92999999999999, 49.913070000000005, 50, 50]
(3, 0.0, 2, 0, 9, 0, 9, 0, 8, 9, 2, 0, 9, 0, 9, 0, 8, 9);[49.85507, 49.8602, 49.925, 49.925]
(3, 1.0, 2, 0, 9, 0, 9, 0, 8, 9, 2, 0, 9, 0, 9, 0, 8, 9);[49.91807, 49.917575, 49.92299999999999, 50]
(2, 0.0, 4, 0, 9, 0, 9, 0, 8, 9, 2, 0, 9, 0, 9, 0, 8, 9);[49.925, 49.915000000000006, 50, 50]
(1, 0.0, 5, 0, 9, 0, 9, 0, 8, 9, 4, 0, 9, 0, 9, 0, 8, 9);[49.90999999999999, 49.907000000000004, 50, 50]
(2, 0.0, 5, 0, 9, 0, 9, 0, 8, 9, 5, 0, 9, 0, 9, 0, 8, 9);[49.8001, 49.80799999999999, 49.805094999999994, 49.8127]
(2, 1.0, 5, 0, 9, 0, 9, 0, 8, 9, 5, 0, 9, 0, 9, 0, 8, 9);[49.9, 49.89359500000001, 49.9, 49.890595]
(3, 0.0, 5, 0, 9, 0, 9, 0, 8, 9, 5, 0, 9, 0, 9, 0, 8, 9);[49.80509500000001, 49.814499999999995, 49.9, 49.9]
(3, 1.0, 5, 0, 9, 0, 9, 0, 8, 9, 5, 0, 9, 0, 9, 0, 8, 9);[49.89509999999999, 49.888615, 49.8901, 50]
(2, 1.0, 6, 0, 9, 0, 9, 0, 8, 9, 5, 0, 9, 0, 9, 0, 8, 9);[49.898, 50, 50, 50]
(0, 0.0, 6, 0, 9, 0, 9, 0, 8, 9, 6, 0, 9, 0, 9, 0, 8, 9);[49.780105000000006, 49.79050000000001, 49.79310699999999, 49.792972]
(0, 1.0, 6, 0, 9, 0, 9, 0, 8, 9, 6, 0, 9, 0, 9, 0, 8, 9);[49.894999999999996, 49.895, 49.885000000000005, 49.8352]
(1, 0.0, 6, 0, 9, 0, 9, 0, 8, 9, 6, 0, 9, 0, 9, 0, 8, 9);[49.894999999999996, 49.895, 49.803097, 49.81]
(1, 1.0, 6, 0, 9, 0, 9, 0, 8, 9, 6, 0, 9, 0, 9, 0, 8, 9);[49.895, 49.90500000000001, 49.903999999999996, 49.9]
(2, 0.0, 6, 0, 9, 0, 9, 0, 8, 9, 6, 0, 9, 0, 9, 0, 8, 9);[49.885000000000005, 49.88499999999999, 49.9, 49.9]
(2, 1.0, 6, 0, 9, 0, 9, 0, 8, 9, 6, 0, 9, 0, 9, 0, 8, 9);[49.874605, 49.890397, 50, 50]
(3, 0.0, 6, 0, 9, 0, 9, 0, 8, 9, 6, 0, 9, 0, 9, 0, 8, 9);[49.895, 49.89699999999999, 49.895, 49.895]
(3, 1.0, 6, 0, 9, 0, 9, 0, 8, 9, 6, 0, 9, 0, 9, 0, 8, 9);[49.889407, 49.977999999999994, 50, 50]
(3, 0.0, 6, 0, 9, 0, 9, 1, 8, 9, 6, 0, 9, 0, 9, 0, 8, 9);[49.9, 49.9, 50, 50]
(3, 1.0, 6, 0, 9, 0, 9, 1, 8, 9, 6, 0, 9, 0, 9, 0, 8, 9);[49.892999999999994, 50, 50, 50]
(0, 0.0, 6, 0, 9, 0, 9, 1, 8, 9, 6, 0, 9, 0, 9, 1, 8, 9);[28.36515231383313, 28.357558895142393, 28.354737667641206, 28.372119315761307]
(0, 1.0, 6, 0, 9, 0, 9, 1, 8, 9, 6, 0, 9, 0, 9, 1, 8, 9);[28.45003160463833, 28.447411252262526, 28.43218338152547, 28.426122181362395]
(1, 0.0, 6, 0, 9, 0, 9, 1, 8, 9, 6, 0, 9, 0, 9, 1, 8, 9);[28.352082116276158, 28.36759044652335, 28.362416421492462, 28.353814047126473]
(1, 1.0, 6, 0, 9, 0, 9, 1, 8, 9, 6, 0, 9, 0, 9, 1, 8, 9);[28.426340022333125, 28.449253308383632, 28.41962916104358, 28.449595180155654]
(2, 0.0, 6, 0, 9, 0, 9, 1, 8, 9, 6, 0, 9, 0, 9, 1, 8, 9);[28.377868805069642, 28.370935066949954, 28.36332907484888, 28.36000173518172]
(2, 1.0, 6, 0, 9, 0, 9, 1, 8, 9, 6, 0, 9, 0, 9, 1, 8, 9);[28.450214529818673, 28.43470813986842, 28.454925496637628, 28.438342158004723]
(3, 0.0, 6, 0, 9, 0, 9, 1, 8, 9, 6, 0, 9, 0, 9, 1, 8, 9);[28.36900307291006, 28.357593703262047, 28.353219617539384, 28.366891039135503]
(3, 1.0, 6, 0, 9, 0, 9, 1, 8, 9, 6, 0, 9, 0, 9, 1, 8, 9);[28.43823128584286, 28.4231667711394, 28.44428415914872, 28.456030561569328]
