(0, 0.0, 0, 0, 0, 0, 0, 0, 0, 0, 0, 0, 0, 0, 0, 0, 0, 0);[13.97879674145728, 0, 0, 0]
(0, 0.0, 0, 0, 1, 0, 0, 0, 0, 0, 0, 0, 0, 0, 0, 0, 0, 0);[50.745, 50, 50, 50]
(0, 1.0, 0, 0, 1, 0, 0, 0, 0, 0, 0, 0, 0, 0, 0, 0, 0, 0);[50.25, 50, 50, 50]
(0, 1.0, 0, 0, 1, 0, 0, 0, 0, 0, 0, 0, 1, 0, 0, 0, 0, 0);[51.44835055, 50, 50.05, 50]
(2, 0.0, 0, 0, 0, 0, 0, 0, 0, 0, 0, 0, 0, 0, 0, 0, 0, 0);[49.85, 49.85, 50.45, 50]
(2, 1.0, 0, 0, 0, 0, 0, 0, 0, 0, 0, 0, 0, 0, 0, 0, 0, 0);[45.64945, 50, 50, 50]
(0, 1.0, 0, 0, 0, 0, 0, 0, 0, 0, 0, 0, 0, 0, 0, 0, 0, 0);[52.21269836977108, 50, 50, 50]
(0, 1.0, 0, 0, 0, 1, 0, 0, 0, 0, 0, 0, 0, 0, 0, 0, 0, 0);[50, 50, 50, 50.55]
(3, 0.0, 0, 0, 1, 0, 0, 0, 0, 0, 0, 0, 0, 0, 0, 0, 0, 0);[50.665, 50, 50, 50]
(3, 1.0, 0, 0, 1, 0, 0, 0, 0, 0, 0, 0, 1, 0, 0, 0, 0, 0);[50, 50, 50.15, 50]
(2, 0.0, 1, 0, 0, 0, 0, 0, 0, 0, 0, 0, 0, 0, 0, 0, 0, 0);[50.45, 50, 50, 50]
(2, 1.0, 1, 0, 0, 0, 0, 0, 0, 0, 0, 0, 0, 0, 0, 0, 0, 0);[46.202870495, 50, 50, 50]
(0, 1.0, 0, 0, 1, 0, 0, 1, 0, 0, 0, 0, 0, 0, 0, 0, 0, 0);[51.139505, 50, 50, 50]
(0, 1.0, 0, 0, 1, 0, 0, 1, 0, 0, 0, 0, 1, 0, 0, 1, 0, 0);[50.35, 50, 50, 50]
(0, 1.0, 0, 0, 1, 0, 0, 1, 1, 0, 0, 0, 1, 0, 0, 1, 0, 0);[50.755, 50, 50, 50]
(0, 1.0, 0, 0, 1, 0, 0, 1, 1, 0, 0, 0, 1, 0, 0, 1, 1, 0);[58.89437770114094, 50, 50, 50]
(0, 1.0, 0, 0, 2, 1, 0, 1, 1, 0, 0, 0, 1, 0, 0, 1, 1, 0);[52.449054999999994, 50, 50, 50]
(0, 1.0, 0, 0, 2, 1, 0, 1, 1, 0, 0, 0, 2, 1, 0, 1, 1, 0);[65.57311145219568, 50.85, 50, 50]
(1, 0.0, 0, 0, 2, 1, 0, 1, 1, 0, 0, 0, 2, 1, 0, 0, 1, 0);[50.45, 50, 50, 50]
(1, 0.0, 0, 0, 2, 1, 0, 0, 1, 0, 0, 0, 2, 1, 0, 0, 1, 0);[50.15, 50, 50, 50]
(1, 1.0, 0, 0, 2, 1, 0, 0, 1, 0, 0, 0, 2, 1, 0, 0, 1, 0);[50.15, 50, 50, 50]
(0, 0.0, 0, 0, 2, 1, 0, 0, 1, 0, 0, 0, 2, 1, 0, 0, 1, 0);[50.285, 50, 50, 50]
(0, 1.0, 0, 0, 2, 1, 0, 0, 1, 0, 0, 0, 2, 1, 0, 0, 1, 0);[50.885, 50, 50, 50]
(0, 1.0, 0, 0, 3, 1, 0, 0, 1, 0, 0, 0, 2, 1, 0, 0, 1, 0);[51.999325000000006, 50, 50, 50]
(0, 1.0, 0, 0, 3, 1, 0, 0, 2, 0, 0, 0, 3, 1, 0, 0, 1, 0);[51.435, 50, 50, 50]
(0, 1.0, 0, 0, 3, 1, 0, 0, 2, 0, 0, 0, 3, 1, 0, 0, 2, 0);[62.46513184424677, 50.65, 50, 50]
(0, 1.0, 1, 0, 3, 1, 0, 0, 2, 0, 0, 0, 3, 1, 0, 0, 2, 0);[51.464885, 50, 50, 50]
(1, 0.0, 0, 0, 3, 1, 0, 0, 2, 0, 0, 0, 3, 1, 0, 0, 2, 0);[50.665, 50, 50, 50]
(1, 1.0, 0, 0, 3, 1, 0, 0, 2, 0, 0, 0, 3, 1, 0, 0, 2, 0);[50.45, 50, 50, 50]
(0, 0.0, 0, 0, 3, 1, 0, 0, 2, 0, 0, 0, 3, 1, 0, 0, 2, 0);[51.113520839885005, 50, 50, 50]
(0, 1.0, 0, 0, 4, 2, 0, 0, 2, 0, 0, 0, 3, 1, 0, 0, 2, 0);[53.315, 50, 50, 50]
(0, 1.0, 0, 0, 4, 2, 0, 0, 2, 0, 0, 0, 4, 2, 0, 0, 2, 0);[90.56283387297418, 50, 51.75, 50]
(2, 0.0, 0, 0, 4, 2, 0, 0, 2, 0, 0, 0, 2, 2, 0, 0, 1, 0);[50.95, 50, 50, 50]
(2, 0.0, 0, 0, 3, 2, 0, 1, 0, 0, 0, 0, 0, 2, 0, 0, 0, 0);[50.25, 50, 50, 50]
(2, 1.0, 0, 0, 2, 2, 0, 1, 0, 0, 0, 0, 0, 2, 0, 0, 0, 0);[50.05, 50, 50, 50]
(0, 0.0, 0, 0, 1, 2, 0, 1, 0, 0, 0, 0, 0, 2, 0, 0, 0, 0);[50.45, 50, 50, 50]
(0, 0.0, 0, 0, 1, 2, 0, 1, 0, 0, 0, 0, 1, 2, 0, 1, 0, 0);[50.55, 50, 50, 50]
(0, 1.0, 0, 0, 1, 2, 0, 1, 0, 0, 0, 0, 1, 2, 0, 1, 0, 0);[69.789493630331, 50, 50, 50]
(0, 1.0, 0, 0, 2, 3, 0, 2, 0, 0, 0, 0, 1, 2, 0, 1, 0, 0);[53.235, 50, 50, 50]
(0, 1.0, 0, 0, 2, 3, 0, 2, 0, 0, 0, 0, 2, 3, 0, 1, 0, 0);[51.65, 50, 50, 50]
(0, 1.0, 1, 0, 2, 3, 0, 2, 0, 0, 0, 0, 2, 3, 0, 1, 0, 0);[51.55, 50, 50, 50]
(0, 1.0, 0, 0, 2, 3, 0, 2, 0, 0, 0, 0, 2, 3, 0, 2, 0, 0);[84.8951850226226, 50, 50, 50]
(0, 1.0, 0, 0, 3, 3, 0, 3, 0, 0, 0, 0, 2, 3, 0, 2, 0, 0);[53.885, 50, 50, 50]
(0, 1.0, 0, 0, 3, 3, 0, 3, 0, 0, 0, 0, 3, 3, 0, 2, 0, 0);[52.05, 50, 50, 50]
(0, 1.0, 0, 0, 3, 3, 0, 3, 1, 0, 0, 0, 3, 3, 0, 3, 0, 0);[55.9875, 50, 50, 50]
(0, 1.0, 1, 0, 3, 3, 0, 3, 1, 0, 0, 0, 3, 3, 0, 3, 0, 0);[52.683125, 50, 50, 50]
(0, 1.0, 0, 0, 3, 3, 0, 3, 1, 0, 0, 0, 3, 3, 0, 3, 1, 0);[51.95, 51.95, 50, 50]
(1, 0.0, 0, 0, 3, 3, 0, 2, 1, 0, 0, 0, 3, 3, 0, 1, 1, 0);[51.35, 50, 50, 50]
(1, 0.0, 0, 0, 3, 3, 0, 1, 1, 0, 0, 0, 3, 3, 0, 0, 1, 0);[50.95, 50, 50, 50]
(1, 1.0, 0, 0, 3, 3, 0, 0, 1, 0, 0, 0, 3, 3, 0, 0, 1, 0);[50.85, 50, 50, 50]
(0, 0.0, 0, 0, 3, 3, 0, 0, 1, 0, 0, 0, 3, 3, 0, 0, 1, 0);[51.615, 50, 50, 50]
(0, 1.0, 0, 0, 3, 3, 0, 0, 1, 0, 0, 0, 3, 3, 0, 0, 1, 0);[62.09066269576423, 50, 50, 50]
(0, 1.0, 0, 0, 4, 4, 0, 0, 1, 0, 0, 0, 3, 3, 0, 0, 1, 0);[51.45, 50, 50, 50]
(0, 1.0, 0, 0, 4, 4, 0, 0, 1, 0, 0, 0, 3, 4, 0, 0, 1, 0);[51.35, 50, 50, 50]
(0, 1.0, 0, 0, 4, 4, 0, 0, 1, 0, 0, 0, 4, 4, 0, 0, 1, 0);[82.7964539720287, 50, 50, 50]
(0, 1.0, 0, 0, 6, 4, 1, 0, 1, 0, 0, 0, 4, 4, 0, 0, 1, 0);[51.95, 50, 50, 50]
(0, 1.0, 0, 0, 6, 4, 1, 0, 1, 0, 0, 0, 5, 4, 0, 0, 1, 0);[51.95, 50, 50, 50]
(0, 1.0, 0, 0, 6, 4, 0, 0, 2, 0, 0, 0, 6, 4, 0, 0, 1, 0);[52.845, 50, 50, 50]
(0, 1.0, 0, 0, 6, 4, 0, 0, 2, 0, 0, 0, 6, 4, 0, 0, 2, 0);[66.32604944642954, 50, 51.55, 50]
(2, 0.0, 0, 0, 5, 4, 0, 0, 1, 0, 0, 0, 4, 4, 0, 0, 0, 0);[50.95, 50, 50, 50]
(2, 0.0, 0, 0, 4, 4, 0, 0, 0, 0, 0, 0, 1, 4, 0, 0, 0, 0);[50.15, 50, 50, 50]
(2, 1.0, 0, 0, 3, 4, 0, 0, 0, 0, 0, 0, 0, 4, 0, 0, 0, 0);[50.15, 50, 50, 50]
(0, 0.0, 0, 0, 2, 4, 0, 0, 0, 0, 0, 0, 0, 4, 0, 0, 0, 0);[50.45, 50, 50, 50]
(0, 0.0, 0, 0, 2, 4, 0, 0, 0, 0, 0, 0, 1, 4, 0, 0, 0, 0);[50.65, 50, 50, 50]
(0, 1.0, 0, 0, 2, 4, 0, 0, 0, 0, 0, 0, 2, 4, 0, 0, 0, 0);[55.032735454537274, 50, 50, 50]
(0, 1.0, 0, 0, 3, 5, 0, 0, 0, 0, 0, 0, 2, 4, 0, 0, 0, 0);[51.25, 50, 50, 50]
(0, 1.0, 0, 0, 3, 5, 1, 0, 0, 0, 0, 0, 2, 4, 0, 0, 0, 0);[51.25, 50, 50, 50]
(0, 1.0, 0, 0, 3, 5, 1, 0, 0, 0, 0, 0, 2, 5, 0, 0, 0, 0);[50.95, 50, 50, 50]
(0, 1.0, 0, 0, 3, 5, 0, 0, 0, 0, 0, 0, 3, 5, 0, 0, 0, 0);[70.07099203719923, 50, 50, 50]
(0, 1.0, 0, 0, 4, 6, 0, 0, 0, 0, 0, 0, 3, 5, 0, 0, 0, 0);[51.45, 50, 50, 50]
(0, 1.0, 0, 0, 4, 6, 1, 0, 0, 0, 0, 0, 3, 5, 0, 0, 0, 0);[51.45, 50, 50, 50]
(0, 1.0, 0, 0, 4, 6, 1, 0, 0, 0, 0, 0, 4, 6, 0, 0, 0, 0);[51.05, 50, 50, 50]
(0, 1.0, 0, 0, 4, 6, 0, 0, 1, 0, 0, 0, 4, 6, 0, 0, 0, 0);[52.095, 50, 50, 50]
(0, 1.0, 0, 0, 4, 6, 0, 0, 1, 0, 0, 0, 4, 6, 0, 0, 1, 0);[72.97141082583535, 50, 50, 50]
(0, 1.0, 0, 0, 6, 6, 0, 1, 1, 0, 0, 0, 4, 6, 0, 0, 1, 0);[53.035, 50, 50, 50]
(0, 1.0, 0, 0, 6, 6, 0, 1, 1, 0, 0, 0, 6, 6, 0, 1, 1, 0);[76.04587363339274, 50, 50, 50]
(0, 1.0, 0, 0, 6, 6, 0, 1, 1, 1, 0, 0, 6, 6, 0, 1, 1, 0);[51.95, 50, 50, 50]
(0, 1.0, 0, 0, 6, 6, 0, 1, 1, 2, 0, 0, 6, 6, 0, 1, 1, 0);[52.05, 50, 50, 50]
(0, 1.0, 0, 0, 6, 6, 0, 1, 2, 2, 0, 0, 6, 6, 0, 1, 1, 0);[52.05, 50, 50, 50]
(0, 1.0, 0, 0, 6, 6, 0, 1, 2, 2, 0, 0, 6, 6, 0, 1, 1, 2);[52.05, 50, 50, 50]
(0, 1.0, 0, 0, 6, 6, 0, 1, 2, 2, 0, 0, 6, 6, 0, 1, 2, 2);[56.338155, 50, 50, 50]
(0, 1.0, 0, 0, 7, 7, 0, 1, 2, 2, 0, 0, 6, 6, 0, 1, 2, 2);[52.85, 50, 50, 50]
(0, 1.0, 0, 0, 7, 7, 0, 1, 2, 3, 0, 0, 6, 7, 0, 1, 2, 2);[52.85, 50, 50, 50]
(0, 1.0, 0, 0, 7, 7, 0, 1, 2, 3, 0, 0, 7, 7, 0, 1, 2, 2);[52.55, 50, 50, 50]
(0, 1.0, 0, 0, 7, 7, 0, 1, 3, 3, 0, 0, 7, 7, 0, 1, 2, 3);[55.335, 50, 50, 50]
(0, 1.0, 0, 1, 7, 7, 0, 1, 3, 3, 0, 0, 7, 7, 0, 1, 2, 3);[52.95, 50, 50, 50]
(0, 1.0, 0, 1, 7, 7, 0, 1, 3, 3, 0, 0, 7, 7, 0, 1, 3, 3);[55.705000000000005, 50, 50, 50]
(0, 1.0, 0, 1, 7, 7, 0, 1, 3, 3, 0, 1, 7, 7, 0, 1, 3, 3);[105.97142255511154, 50, 50, 50]
(0, 1.0, 0, 1, 8, 7, 0, 2, 3, 3, 0, 1, 7, 7, 0, 1, 3, 3);[53.55, 50, 50, 50]
(0, 1.0, 0, 1, 8, 7, 0, 2, 3, 3, 0, 1, 8, 7, 0, 1, 3, 3);[53.35, 50, 50, 50]
(0, 1.0, 0, 1, 8, 7, 0, 2, 3, 3, 0, 1, 8, 7, 0, 2, 3, 3);[70.3512138525689, 50, 53.55, 50]
(2, 0.0, 0, 1, 7, 7, 0, 2, 2, 3, 0, 1, 6, 7, 0, 2, 1, 3);[52.85, 50, 50, 50]
(2, 0.0, 0, 1, 6, 7, 0, 2, 1, 3, 0, 1, 3, 7, 0, 2, 0, 3);[51.55, 50, 50, 50]
(2, 1.0, 0, 1, 4, 7, 0, 2, 0, 3, 0, 1, 1, 7, 0, 2, 0, 3);[51.55, 50, 50, 50]
(0, 0.0, 0, 1, 4, 7, 0, 2, 0, 3, 0, 1, 0, 7, 0, 2, 0, 3);[52.05, 50, 50, 50]
(0, 0.0, 0, 1, 4, 7, 0, 2, 0, 3, 0, 1, 1, 7, 0, 2, 0, 3);[52.15, 50, 50, 50]
(0, 1.0, 0, 1, 4, 7, 0, 2, 0, 3, 0, 1, 3, 7, 0, 2, 0, 3);[52.15, 50, 50, 50]
(0, 1.0, 0, 1, 4, 7, 0, 2, 0, 3, 0, 1, 4, 7, 0, 2, 0, 3);[75.54271474370572, 50, 50, 50]
(0, 1.0, 0, 1, 4, 8, 0, 2, 0, 3, 0, 1, 4, 7, 0, 2, 0, 3);[52.75, 50, 50, 50]
(0, 1.0, 0, 1, 5, 8, 1, 2, 0, 3, 0, 1, 4, 8, 0, 2, 0, 3);[55.025, 50, 50, 50]
(0, 1.0, 0, 1, 5, 8, 0, 2, 0, 3, 0, 1, 5, 8, 0, 2, 0, 3);[105.01916807183838, 50, 50, 50]
(0, 1.0, 0, 1, 6, 8, 0, 2, 0, 3, 0, 1, 5, 8, 0, 2, 0, 3);[55.705000000000005, 50, 50, 50]
(0, 1.0, 0, 1, 6, 8, 0, 2, 1, 3, 0, 1, 6, 8, 0, 2, 0, 3);[57.617615, 50, 50, 50]
(0, 1.0, 0, 1, 6, 8, 0, 2, 1, 3, 0, 1, 6, 8, 0, 2, 1, 3);[65.61018518726756, 50, 50, 50]
(0, 1.0, 0, 1, 7, 9, 0, 3, 1, 3, 0, 1, 6, 8, 0, 2, 1, 3);[53.35, 50, 50, 50]
(0, 1.0, 0, 1, 7, 9, 0, 3, 1, 3, 0, 1, 7, 9, 0, 2, 1, 3);[53.25, 50, 50, 50]
(0, 1.0, 0, 1, 7, 9, 0, 3, 1, 3, 0, 1, 7, 9, 0, 3, 1, 3);[83.33689884865797, 50, 50, 50]
(0, 1.0, 0, 1, 8, 9, 0, 3, 1, 3, 0, 1, 7, 9, 0, 3, 1, 3);[53.65, 50, 50, 50]
(0, 1.0, 0, 1, 8, 9, 0, 3, 1, 3, 0, 1, 8, 9, 0, 3, 1, 3);[89.63042095870642, 50, 50, 50]
(0, 1.0, 0, 1, 9, 9, 0, 4, 1, 3, 0, 1, 8, 9, 0, 3, 1, 3);[53.85, 50, 50, 50]
(0, 1.0, 0, 1, 9, 9, 0, 4, 1, 3, 0, 1, 9, 9, 0, 3, 1, 3);[56.915, 50, 50, 50]
(0, 1.0, 0, 1, 9, 9, 0, 4, 1, 3, 0, 1, 9, 9, 0, 4, 1, 3);[132.77397232305984, 50, 50, 50]
(0, 1.0, 0, 1, 9, 9, 0, 5, 1, 3, 0, 1, 9, 9, 0, 4, 1, 3);[57.315, 50, 50, 50]
(0, 1.0, 0, 1, 9, 9, 0, 5, 1, 3, 0, 1, 9, 9, 0, 5, 1, 3);[92.8964230816256, 50, 50, 50]
(0, 1.0, 0, 2, 9, 9, 0, 5, 1, 3, 0, 1, 9, 9, 0, 5, 1, 3);[61.126265000000004, 50, 50, 50]
(0, 1.0, 0, 2, 9, 9, 0, 5, 1, 3, 0, 2, 9, 9, 0, 5, 1, 3);[89.46170690180558, 50, 50, 50]
(0, 1.0, 0, 2, 9, 9, 0, 6, 1, 3, 0, 2, 9, 9, 0, 5, 1, 3);[57.875, 50, 50, 50]
(0, 1.0, 0, 2, 9, 9, 0, 6, 1, 3, 0, 2, 9, 9, 0, 6, 1, 3);[149.12063569167077, 50, 50, 50]
(0, 1.0, 0, 2, 9, 9, 0, 7, 1, 3, 0, 2, 9, 9, 0, 6, 1, 3);[54.45, 50, 50, 50]
(0, 1.0, 0, 2, 9, 9, 0, 7, 1, 3, 0, 2, 9, 9, 0, 7, 1, 3);[211.95679013896728, 50, 50, 50]
(0, 1.0, 0, 2, 9, 9, 0, 8, 1, 3, 0, 2, 9, 9, 0, 7, 1, 3);[54.75, 50, 50, 50]
(0, 1.0, 0, 2, 9, 9, 0, 8, 1, 3, 0, 2, 9, 9, 0, 8, 1, 3);[179.45574485849244, 50, 50, 50]
(0, 1.0, 0, 2, 9, 9, 0, 9, 1, 3, 0, 2, 9, 9, 0, 8, 1, 3);[55.55, 50, 50, 50]
(0, 1.0, 0, 2, 9, 9, 0, 9, 1, 3, 0, 2, 9, 9, 0, 9, 1, 3);[262.3368806283118, 50, 50, 50]
(0, 1.0, 0, 2, 9, 9, 0, 9, 2, 3, 0, 2, 9, 9, 0, 9, 1, 3);[65.735005, 50, 50, 50]
(0, 1.0, 0, 2, 9, 9, 0, 9, 2, 3, 0, 2, 9, 9, 0, 9, 2, 3);[182.70333658793072, 50, 50, 50]
(0, 1.0, 0, 2, 9, 9, 0, 9, 3, 3, 0, 2, 9, 9, 0, 9, 2, 3);[61.125, 50, 50, 50]
(0, 1.0, 0, 2, 9, 9, 0, 9, 3, 3, 0, 2, 9, 9, 0, 9, 3, 3);[113.76665162737945, 50, 50, 50]
(0, 1.0, 0, 2, 9, 9, 0, 9, 4, 3, 0, 2, 9, 9, 0, 9, 3, 3);[61.115, 50, 50, 50]
(0, 1.0, 0, 2, 9, 9, 0, 9, 4, 3, 0, 2, 9, 9, 0, 9, 4, 3);[170.93040540753358, 50, 50, 50]
(0, 1.0, 1, 2, 9, 9, 0, 9, 4, 3, 0, 2, 9, 9, 0, 9, 4, 3);[62.423995, 50, 50, 50]
(0, 1.0, 0, 2, 9, 9, 1, 9, 4, 3, 0, 2, 9, 9, 0, 9, 4, 3);[66.064735, 50, 50, 50]
(0, 1.0, 0, 2, 9, 9, 0, 9, 5, 3, 0, 2, 9, 9, 0, 9, 4, 3);[55.45, 50, 50, 50]
(0, 1.0, 0, 2, 9, 9, 0, 9, 5, 3, 0, 2, 9, 9, 0, 9, 5, 3);[179.9893622079517, 50, 50, 50]
(0, 1.0, 0, 2, 9, 9, 0, 9, 6, 3, 0, 2, 9, 9, 0, 9, 5, 3);[55.25, 50, 50, 50]
(0, 1.0, 0, 2, 9, 9, 0, 9, 6, 3, 0, 2, 9, 9, 0, 9, 6, 3);[184.1356262927455, 50, 50, 50]
(0, 1.0, 0, 2, 9, 9, 0, 9, 7, 3, 0, 2, 9, 9, 0, 9, 6, 3);[55.35, 50, 50, 50]
(0, 1.0, 0, 2, 9, 9, 0, 9, 7, 3, 0, 2, 9, 9, 0, 9, 7, 3);[463.0074498553064, 50, 50, 50]
(0, 1.0, 1, 2, 9, 9, 0, 9, 7, 3, 0, 2, 9, 9, 0, 9, 7, 3);[77.85702618174788, 50, 50, 50]
(0, 1.0, 2, 2, 9, 9, 0, 9, 7, 3, 0, 2, 9, 9, 0, 9, 7, 3);[56.23905, 50, 50, 50]
(0, 1.0, 0, 3, 9, 9, 0, 9, 7, 3, 0, 2, 9, 9, 0, 9, 7, 3);[55.65, 50, 50, 50]
(0, 1.0, 0, 4, 9, 9, 0, 9, 7, 3, 0, 2, 9, 9, 0, 9, 7, 3);[55.85, 50, 50, 50]
(0, 1.0, 0, 5, 9, 9, 0, 9, 7, 3, 0, 2, 9, 9, 0, 9, 7, 3);[55.95, 50, 50, 50]
(0, 1.0, 0, 6, 9, 9, 0, 9, 7, 3, 0, 4, 9, 9, 0, 9, 7, 3);[56.05, 50, 50, 50]
(0, 1.0, 0, 6, 9, 9, 0, 9, 7, 3, 0, 6, 9, 9, 0, 9, 7, 3);[567.7900879339173, 55.65, 50, 50]
(1, 0.0, 0, 5, 9, 9, 0, 9, 7, 3, 0, 4, 9, 9, 0, 8, 7, 3);[54.85, 50, 50, 50]
(1, 0.0, 0, 4, 9, 9, 0, 8, 7, 3, 0, 1, 9, 9, 0, 6, 7, 3);[53.75, 50, 50, 50]
(1, 1.0, 0, 2, 9, 9, 0, 7, 7, 3, 0, 0, 9, 9, 0, 4, 7, 3);[53.75, 50, 50, 50]
(0, 0.0, 0, 2, 9, 9, 0, 7, 7, 3, 0, 0, 9, 9, 0, 2, 7, 3);[53.95, 50, 50, 50]
(0, 0.0, 0, 2, 9, 9, 0, 7, 7, 3, 0, 2, 9, 9, 0, 2, 7, 3);[54.25, 50, 50, 50]
(0, 1.0, 0, 2, 9, 9, 0, 7, 7, 3, 0, 2, 9, 9, 0, 3, 7, 3);[54.55, 50, 50, 50]
(0, 1.0, 0, 2, 9, 9, 0, 8, 7, 3, 0, 2, 9, 9, 0, 4, 7, 3);[54.75, 50, 50, 50]
(0, 1.0, 0, 2, 9, 9, 0, 9, 7, 3, 0, 2, 9, 9, 0, 6, 7, 3);[54.65, 50, 50, 50]
(0, 1.0, 0, 2, 9, 9, 0, 9, 7, 3, 0, 2, 9, 9, 0, 7, 7, 3);[85.63291405561935, 50, 50, 50]
(0, 1.0, 0, 2, 9, 9, 2, 9, 7, 3, 0, 2, 9, 9, 0, 9, 7, 3);[64.57836045, 50, 50, 50]
(0, 1.0, 0, 2, 9, 9, 3, 9, 7, 3, 0, 2, 9, 9, 0, 9, 7, 3);[74.41621951899774, 50, 50, 50]
(0, 1.0, 0, 2, 9, 9, 4, 9, 7, 3, 0, 2, 9, 9, 0, 9, 7, 3);[54.15, 50, 50, 50]
(0, 1.0, 0, 2, 9, 9, 5, 9, 7, 3, 0, 2, 9, 9, 1, 9, 7, 3);[54.35, 50, 50, 50]
(0, 1.0, 0, 2, 9, 9, 6, 9, 7, 3, 0, 2, 9, 9, 2, 9, 7, 3);[54.65, 50, 50, 50]
(0, 1.0, 0, 2, 9, 9, 7, 9, 7, 3, 0, 2, 9, 9, 4, 9, 7, 3);[54.85, 50, 50, 50]
(0, 1.0, 0, 2, 9, 9, 8, 9, 7, 3, 0, 2, 9, 9, 5, 9, 7, 3);[55.05, 50, 50, 50]
(0, 1.0, 0, 2, 9, 9, 9, 9, 7, 3, 0, 2, 9, 9, 7, 9, 7, 3);[55.15, 50, 50, 50]
(0, 1.0, 0, 2, 9, 9, 9, 9, 7, 3, 0, 2, 9, 9, 8, 9, 7, 3);[55.15, 50, 50, 50]
(0, 1.0, 0, 2, 9, 9, 9, 9, 7, 3, 0, 2, 9, 9, 9, 9, 7, 3);[496.63839812795857, 50, 50, 50]
(0, 1.0, 0, 2, 9, 9, 9, 9, 8, 4, 0, 2, 9, 9, 9, 9, 7, 3);[55.65, 50, 50, 50]
(0, 1.0, 0, 2, 9, 9, 9, 9, 8, 5, 0, 2, 9, 9, 9, 9, 8, 3);[55.75, 50, 50, 50]
(0, 1.0, 0, 2, 9, 9, 9, 9, 8, 5, 0, 2, 9, 9, 9, 9, 8, 4);[55.75, 50, 50, 50]
(0, 1.0, 0, 2, 9, 9, 9, 9, 8, 5, 0, 2, 9, 9, 9, 9, 8, 5);[565.4988520790027, 50, 50, 56.15]
(3, 0.0, 0, 2, 9, 9, 9, 9, 8, 5, 0, 2, 9, 8, 9, 9, 8, 4);[55.45, 50, 50, 50]
(3, 0.0, 0, 2, 9, 8, 9, 9, 8, 4, 0, 2, 9, 5, 9, 9, 8, 1);[54.85, 50, 50, 50]
(3, 1.0, 0, 2, 9, 6, 9, 9, 8, 4, 0, 2, 9, 3, 9, 9, 8, 3);[54.75, 50, 50, 50]
(0, 0.0, 0, 2, 9, 6, 9, 9, 8, 4, 0, 2, 9, 1, 9, 9, 8, 4);[55.15, 50, 50, 50]
(0, 0.0, 0, 2, 9, 7, 9, 9, 8, 4, 0, 2, 9, 2, 9, 9, 8, 4);[55.55, 50, 50, 50]
(0, 1.0, 0, 2, 9, 7, 9, 9, 8, 4, 0, 2, 9, 3, 9, 9, 8, 4);[55.75, 50, 50, 50]
(0, 1.0, 0, 2, 9, 8, 9, 9, 8, 4, 0, 2, 9, 5, 9, 9, 8, 4);[55.85, 50, 50, 50]
(0, 1.0, 0, 2, 9, 9, 9, 9, 8, 4, 0, 2, 9, 6, 9, 9, 8, 4);[55.95, 50, 50, 50]
(0, 1.0, 0, 2, 9, 9, 9, 9, 8, 4, 0, 2, 9, 8, 9, 9, 8, 4);[55.95, 50, 50, 50]
(0, 1.0, 0, 2, 9, 9, 9, 9, 8, 4, 0, 2, 9, 9, 9, 9, 8, 4);[919.9954012722945, 55.75, 50, 50]
(1, 0.0, 0, 2, 9, 9, 9, 9, 8, 4, 0, 1, 9, 9, 9, 8, 8, 4);[54.95, 50, 50, 50]
(1, 0.0, 0, 1, 9, 9, 9, 8, 8, 4, 0, 0, 9, 9, 9, 6, 8, 4);[53.85, 50, 50, 50]
(1, 1.0, 0, 0, 9, 9, 9, 7, 8, 4, 0, 0, 9, 9, 9, 4, 8, 4);[53.95, 50, 50, 50]
(0, 0.0, 0, 0, 9, 9, 9, 7, 8, 4, 0, 0, 9, 9, 9, 2, 8, 4);[54.25, 50, 50, 50]
(0, 0.0, 0, 0, 9, 9, 9, 7, 8, 4, 0, 0, 9, 9, 9, 1, 8, 4);[54.35, 50, 50, 50]
(0, 1.0, 0, 0, 9, 9, 9, 7, 8, 4, 0, 0, 9, 9, 9, 3, 8, 4);[54.55, 50, 50, 50]
(0, 1.0, 0, 0, 9, 9, 9, 8, 8, 4, 0, 0, 9, 9, 9, 4, 8, 4);[54.65, 50, 50, 50]
(0, 1.0, 0, 0, 9, 9, 9, 8, 8, 4, 0, 0, 9, 9, 9, 6, 8, 4);[54.85, 50, 50, 50]
(0, 1.0, 0, 0, 9, 9, 9, 9, 8, 4, 0, 0, 9, 9, 9, 7, 8, 4);[54.85, 50, 50, 50]
(0, 1.0, 0, 0, 9, 9, 9, 9, 8, 4, 0, 0, 9, 9, 9, 9, 8, 4);[1930.1563866071301, 50, 50, 50]
(0, 1.0, 0, 0, 9, 9, 9, 9, 9, 4, 0, 0, 9, 9, 9, 9, 8, 4);[56.85, 50, 50, 50]
(0, 1.0, 0, 0, 9, 9, 9, 9, 9, 4, 0, 0, 9, 9, 9, 9, 9, 4);[508.4453525220905, 50, 50, 50]
(0, 1.0, 0, 0, 9, 9, 9, 9, 9, 5, 0, 0, 9, 9, 9, 9, 9, 4);[50, 57.15, 50, 50]
(1, 0.0, 0, 0, 9, 9, 9, 9, 9, 6, 0, 0, 9, 9, 9, 8, 9, 5);[56.75, 50, 50, 50]
(1, 0.0, 0, 0, 9, 9, 9, 8, 9, 6, 0, 0, 9, 9, 9, 6, 9, 6);[61.683949999999996, 50, 50, 50]
(1, 1.0, 0, 0, 9, 9, 9, 7, 9, 6, 0, 0, 9, 9, 9, 4, 9, 6);[62.042905, 50, 50, 50]
(0, 0.0, 0, 0, 9, 9, 9, 7, 9, 6, 0, 0, 9, 9, 9, 2, 9, 6);[65.8855, 50, 50, 50]
(0, 1.0, 0, 0, 9, 9, 9, 7, 9, 6, 0, 0, 9, 9, 9, 3, 9, 6);[61.475, 50, 50, 50]
(0, 1.0, 0, 0, 9, 9, 9, 7, 9, 6, 0, 0, 9, 9, 9, 4, 9, 6);[56.45, 50, 50, 50]
(0, 1.0, 0, 0, 9, 9, 9, 8, 9, 6, 0, 0, 9, 9, 9, 6, 9, 6);[56.65, 50, 50, 50]
(0, 1.0, 0, 0, 9, 9, 9, 9, 9, 6, 0, 0, 9, 9, 9, 7, 9, 6);[146.50869558303427, 50, 50, 50]
(0, 1.0, 0, 0, 9, 9, 9, 9, 9, 6, 0, 0, 9, 9, 9, 8, 9, 6);[56.65, 50, 50, 50]
(0, 1.0, 0, 0, 9, 9, 9, 9, 9, 6, 0, 0, 9, 9, 9, 9, 9, 6);[1618.5099160324019, 56.55, 55.95, 50]
(0, 1.0, 1, 0, 9, 9, 9, 9, 9, 6, 0, 0, 9, 9, 9, 9, 9, 6);[57.15, 50, 50, 50]
(0, 1.0, 2, 0, 9, 9, 9, 9, 9, 6, 0, 0, 9, 9, 9, 9, 9, 6);[78.49750434474036, 50, 50, 50]
(1, 0.0, 0, 0, 9, 9, 9, 9, 9, 6, 0, 0, 9, 9, 9, 8, 9, 6);[56.75885, 50, 50, 50]
(0, 0.0, 0, 0, 9, 9, 9, 7, 9, 6, 0, 0, 9, 9, 9, 1, 9, 6);[56.16875, 50, 50, 50]
(0, 1.0, 0, 0, 9, 9, 9, 8, 9, 6, 0, 0, 9, 9, 9, 4, 9, 6);[55.95, 50, 50, 50]
(0, 1.0, 0, 0, 9, 9, 9, 9, 9, 6, 0, 0, 9, 9, 9, 6, 9, 6);[56.70835, 50, 50, 50]
(2, 0.0, 0, 0, 9, 9, 9, 9, 9, 6, 0, 0, 9, 9, 9, 9, 8, 6);[55.55, 50, 50, 50]
(2, 0.0, 0, 0, 9, 9, 9, 9, 8, 6, 0, 0, 9, 9, 9, 9, 5, 6);[54.95, 50, 50, 50]
(2, 1.0, 0, 0, 9, 9, 9, 9, 6, 6, 0, 0, 9, 9, 9, 9, 3, 5);[55.05, 50, 50, 50]
(0, 0.0, 0, 0, 9, 9, 9, 9, 6, 6, 0, 0, 9, 9, 9, 9, 1, 2);[55.25, 50, 50, 50]
(0, 0.0, 0, 0, 9, 9, 9, 9, 6, 6, 0, 0, 9, 9, 9, 9, 2, 4);[55.45, 50, 50, 50]
(0, 1.0, 0, 0, 9, 9, 9, 9, 6, 6, 0, 0, 9, 9, 9, 9, 3, 6);[55.45, 50, 50, 50]
(0, 1.0, 0, 0, 9, 9, 9, 9, 6, 6, 0, 0, 9, 9, 9, 9, 5, 6);[55.45, 50, 50, 50]
(0, 1.0, 0, 0, 9, 9, 9, 9, 6, 6, 0, 0, 9, 9, 9, 9, 6, 6);[2476.7847656296058, 50, 55.35, 55.35]
(3, 0.0, 0, 0, 9, 9, 9, 9, 6, 6, 0, 0, 9, 8, 9, 9, 6, 6);[54.95, 50, 50, 50]
(3, 0.0, 0, 0, 9, 8, 9, 9, 6, 6, 0, 0, 9, 5, 9, 9, 6, 6);[54.35, 50, 50, 50]
(3, 1.0, 0, 0, 9, 6, 9, 9, 6, 6, 0, 0, 9, 3, 9, 9, 6, 6);[54.35, 50, 50, 50]
(0, 0.0, 0, 0, 9, 6, 9, 9, 6, 6, 0, 0, 9, 1, 9, 9, 6, 6);[54.75, 50, 50, 50]
(0, 0.0, 0, 0, 9, 7, 9, 9, 6, 6, 0, 0, 9, 1, 9, 9, 6, 6);[55.15, 50, 50, 50]
(0, 1.0, 0, 0, 9, 8, 9, 9, 6, 6, 0, 0, 9, 3, 9, 9, 6, 6);[55.25, 50, 50, 50]
(0, 1.0, 0, 0, 9, 8, 9, 9, 6, 6, 0, 0, 9, 5, 9, 9, 6, 6);[55.35, 50, 50, 50]
(0, 1.0, 0, 0, 9, 9, 9, 9, 6, 6, 0, 0, 9, 7, 9, 9, 6, 6);[205.2237523935237, 50, 50, 50]
(2, 0.0, 0, 0, 9, 9, 9, 9, 6, 6, 0, 0, 9, 9, 9, 9, 5, 6);[54.95, 50, 50, 50]
(2, 0.0, 0, 0, 9, 9, 9, 9, 5, 6, 0, 0, 9, 9, 9, 9, 2, 6);[54.35, 50, 50, 50]
(2, 1.0, 0, 0, 9, 9, 9, 9, 3, 6, 0, 0, 9, 9, 9, 9, 0, 6);[54.45, 50, 50, 50]
(0, 0.0, 0, 0, 9, 9, 9, 9, 3, 6, 0, 0, 9, 9, 9, 9, 0, 6);[54.65, 50, 50, 50]
(0, 0.0, 0, 0, 9, 9, 9, 9, 3, 6, 0, 0, 9, 9, 9, 9, 2, 6);[54.85, 50, 50, 50]
(0, 1.0, 0, 0, 9, 9, 9, 9, 3, 6, 0, 0, 9, 9, 9, 9, 3, 6);[629.4615857021021, 50, 50, 50]
(0, 1.0, 1, 0, 9, 9, 9, 9, 3, 6, 0, 0, 9, 9, 9, 9, 3, 6);[55.35, 50, 50, 50]
(0, 1.0, 2, 0, 9, 9, 9, 9, 3, 6, 0, 0, 9, 9, 9, 9, 3, 6);[55.15, 50, 50, 50]
(0, 1.0, 1, 0, 9, 9, 9, 9, 4, 6, 0, 0, 9, 9, 9, 9, 3, 6);[54.65, 50, 50, 50]
(0, 1.0, 0, 0, 9, 9, 9, 9, 4, 6, 0, 0, 9, 9, 9, 9, 3, 6);[54.75, 50, 50, 50]
(0, 1.0, 0, 0, 9, 9, 9, 9, 4, 6, 0, 0, 9, 9, 9, 9, 4, 6);[189.1912863074252, 50, 50, 50]
(0, 1.0, 0, 0, 9, 9, 9, 9, 4, 7, 0, 0, 9, 9, 9, 9, 4, 6);[55.35, 50, 50, 50]
(0, 1.0, 0, 0, 9, 9, 9, 9, 5, 7, 0, 0, 9, 9, 9, 9, 4, 7);[60.165, 50, 50, 50]
(0, 1.0, 0, 0, 9, 9, 9, 9, 5, 7, 0, 0, 9, 9, 9, 9, 5, 7);[108.25096788827231, 50, 50, 50]
(0, 1.0, 0, 0, 9, 9, 9, 9, 5, 8, 0, 0, 9, 9, 9, 9, 5, 7);[55.65, 50, 50, 50]
(0, 1.0, 0, 0, 9, 9, 9, 9, 6, 8, 0, 0, 9, 9, 9, 9, 5, 8);[66.60440674654075, 50, 50, 50]
(0, 1.0, 0, 0, 9, 9, 9, 9, 6, 8, 0, 0, 9, 9, 9, 9, 6, 8);[229.95301789641212, 50, 50, 50]
(0, 1.0, 0, 0, 9, 9, 9, 9, 7, 8, 0, 0, 9, 9, 9, 9, 6, 8);[56.05, 50, 50, 50]
(0, 1.0, 0, 0, 9, 9, 9, 9, 8, 8, 0, 0, 9, 9, 9, 9, 7, 8);[56.15, 50, 50, 50]
(0, 1.0, 0, 0, 9, 9, 9, 9, 9, 8, 0, 0, 9, 9, 9, 9, 8, 8);[56.15, 50, 50, 50]
(0, 1.0, 0, 0, 9, 9, 9, 9, 9, 8, 0, 0, 9, 9, 9, 9, 9, 8);[1548.714855937876, 56.35, 56.15, 50]
(0, 1.0, 0, 0, 9, 9, 9, 9, 9, 8, 0, 0, 9, 9, 7, 9, 9, 8);[168.07323578599554, 50, 50, 50]
(0, 1.0, 0, 0, 9, 9, 7, 9, 9, 8, 0, 0, 9, 9, 5, 9, 9, 8);[57.05, 50, 50, 50]
(0, 1.0, 0, 0, 9, 9, 7, 9, 9, 8, 0, 0, 9, 9, 3, 9, 9, 8);[62.045, 50, 50, 50]
(0, 1.0, 0, 0, 9, 9, 5, 9, 9, 8, 0, 0, 9, 9, 1, 9, 9, 8);[56.15, 50, 50, 50]
(0, 1.0, 0, 0, 9, 9, 4, 9, 9, 8, 0, 0, 9, 9, 0, 9, 9, 8);[65.0325, 50, 50, 50]
(0, 1.0, 0, 0, 9, 9, 3, 9, 9, 8, 0, 0, 9, 9, 0, 9, 9, 8);[61.017075, 50, 50, 50]
(0, 1.0, 0, 0, 9, 9, 6, 9, 9, 8, 0, 0, 9, 9, 2, 9, 9, 8);[56.49845, 50, 50, 50]
(0, 1.0, 0, 0, 9, 9, 8, 9, 9, 8, 0, 0, 9, 9, 5, 9, 9, 8);[56.35, 50, 50, 50]
(0, 1.0, 0, 0, 9, 9, 9, 9, 9, 8, 0, 0, 9, 9, 6, 9, 9, 8);[57.16775, 50, 50, 50]
(1, 0.0, 0, 0, 9, 9, 9, 9, 9, 8, 0, 0, 9, 9, 9, 8, 9, 8);[55.95, 50, 50, 50]
(1, 0.0, 0, 0, 9, 9, 9, 8, 9, 8, 0, 0, 9, 9, 9, 6, 9, 8);[55.35, 50, 50, 50]
(1, 1.0, 0, 0, 9, 9, 9, 7, 9, 8, 0, 0, 9, 9, 9, 4, 9, 8);[55.25, 50, 50, 50]
(0, 0.0, 0, 0, 9, 9, 9, 7, 9, 8, 0, 0, 9, 9, 9, 2, 9, 8);[55.25, 50, 50, 50]
(0, 0.0, 0, 0, 9, 9, 9, 7, 9, 8, 0, 0, 9, 9, 9, 1, 9, 8);[55.35, 50, 50, 50]
(0, 1.0, 0, 0, 9, 9, 9, 7, 9, 8, 0, 0, 9, 9, 9, 3, 9, 8);[55.55, 50, 50, 50]
(0, 1.0, 0, 0, 9, 9, 9, 8, 9, 8, 0, 0, 9, 9, 9, 4, 9, 8);[55.75, 50, 50, 50]
(0, 1.0, 0, 0, 9, 9, 9, 9, 9, 8, 0, 0, 9, 9, 9, 6, 9, 8);[55.85, 50, 50, 50]
(0, 1.0, 0, 0, 9, 9, 9, 9, 9, 8, 0, 0, 9, 9, 9, 7, 9, 8);[55.85, 50, 50, 50]
(0, 1.0, 0, 0, 9, 9, 9, 9, 9, 8, 0, 0, 9, 9, 9, 8, 9, 8);[183.4114727093169, 50, 50, 50]
(2, 0.0, 0, 0, 9, 9, 9, 9, 8, 8, 0, 0, 9, 9, 9, 9, 7, 8);[55.75, 50, 50, 50]
(2, 0.0, 0, 0, 9, 9, 9, 9, 7, 8, 0, 0, 9, 9, 9, 9, 5, 8);[55.15, 50, 50, 50]
(2, 1.0, 0, 0, 9, 9, 9, 9, 5, 8, 0, 0, 9, 9, 9, 9, 5, 8);[55.25, 50, 50, 50]
(0, 0.0, 0, 0, 9, 9, 9, 9, 5, 8, 0, 0, 9, 9, 9, 9, 5, 8);[60.55500000000001, 50, 50, 50]
(0, 1.0, 0, 0, 9, 9, 9, 9, 5, 8, 0, 0, 9, 9, 9, 9, 5, 8);[419.19852508692935, 50, 50, 50]
(0, 1.0, 1, 0, 9, 9, 9, 9, 6, 8, 0, 0, 9, 9, 9, 9, 6, 8);[85.19905098945627, 50, 50, 50]
(0, 1.0, 2, 0, 9, 9, 9, 9, 6, 8, 0, 0, 9, 9, 9, 9, 6, 8);[74.87622823384018, 50, 50, 50]
(0, 1.0, 1, 0, 9, 9, 9, 9, 6, 8, 1, 0, 9, 9, 9, 9, 6, 8);[823.908774882376, 55.65, 50, 55.05]
(1, 0.0, 1, 0, 9, 9, 9, 9, 6, 8, 1, 0, 9, 9, 9, 8, 6, 8);[55.25, 50, 50, 50]
(1, 0.0, 1, 0, 9, 9, 9, 8, 6, 8, 1, 0, 9, 9, 9, 6, 6, 8);[54.65, 50, 50, 50]
(1, 1.0, 1, 0, 9, 9, 9, 7, 6, 8, 1, 0, 9, 9, 9, 4, 6, 8);[54.65, 50, 50, 50]
(0, 0.0, 1, 0, 9, 9, 9, 7, 6, 8, 1, 0, 9, 9, 9, 2, 6, 8);[58.935, 50, 50, 50]
(0, 1.0, 1, 0, 9, 9, 9, 7, 6, 8, 1, 0, 9, 9, 9, 3, 6, 8);[54.95, 50, 50, 50]
(0, 1.0, 1, 0, 9, 9, 9, 8, 6, 8, 1, 0, 9, 9, 9, 5, 6, 8);[55.15, 50, 50, 50]
(0, 1.0, 1, 0, 9, 9, 9, 9, 6, 8, 1, 0, 9, 9, 9, 6, 6, 8);[55.25, 50, 50, 50]
(0, 1.0, 1, 0, 9, 9, 9, 9, 6, 8, 1, 0, 9, 9, 9, 7, 6, 8);[74.8387423691966, 50, 50, 50]
(3, 0.0, 1, 0, 9, 9, 9, 9, 6, 7, 1, 0, 9, 8, 9, 9, 6, 6);[54.55, 50, 50, 50]
(3, 0.0, 1, 0, 9, 8, 9, 9, 6, 7, 1, 0, 9, 5, 9, 9, 6, 4);[53.95, 50, 50, 50]
(3, 1.0, 1, 0, 9, 6, 9, 9, 6, 7, 1, 0, 9, 3, 9, 9, 5, 3);[53.95, 50, 50, 50]
(0, 0.0, 1, 0, 9, 6, 9, 9, 6, 7, 1, 0, 9, 0, 9, 9, 5, 5);[54.25, 50, 50, 50]
(0, 0.0, 1, 0, 9, 7, 9, 9, 6, 7, 1, 0, 9, 2, 9, 9, 6, 7);[61.37255, 50, 50, 50]
(0, 1.0, 1, 0, 9, 8, 9, 9, 6, 7, 1, 0, 9, 3, 9, 9, 6, 7);[58.780289595000006, 50, 50, 50]
(0, 1.0, 1, 0, 9, 9, 9, 9, 6, 7, 1, 0, 9, 5, 9, 9, 6, 7);[59.00495, 50, 50, 50]
(0, 1.0, 1, 0, 9, 9, 9, 9, 6, 7, 1, 0, 9, 7, 9, 9, 6, 7);[446.3915825045635, 50, 50, 50]
(0, 1.0, 1, 0, 9, 9, 9, 9, 6, 7, 1, 0, 9, 9, 9, 9, 6, 7);[3115.6390291887665, 70.04058547550001, 53.95, 61.71747295]
(1, 0.0, 1, 0, 9, 9, 9, 9, 6, 7, 1, 0, 9, 9, 9, 8, 6, 7);[58.63605, 50, 50, 50]
(1, 0.0, 1, 0, 9, 9, 9, 8, 6, 7, 1, 0, 9, 9, 9, 6, 6, 7);[57.105000000000004, 50, 50, 50]
(1, 1.0, 1, 0, 9, 9, 9, 7, 6, 7, 1, 0, 9, 9, 9, 3, 6, 7);[53.85, 50, 50, 50]
(0, 0.0, 1, 0, 9, 9, 9, 7, 6, 7, 1, 0, 9, 9, 9, 2, 6, 7);[57.30605, 50, 50, 50]
(0, 0.0, 1, 0, 9, 9, 9, 7, 6, 7, 1, 0, 9, 9, 9, 1, 6, 7);[57.51585, 50, 50, 50]
(0, 1.0, 1, 0, 9, 9, 9, 7, 6, 7, 1, 0, 9, 9, 9, 3, 6, 7);[57.91565, 50, 50, 50]
(0, 1.0, 1, 0, 9, 9, 9, 8, 6, 7, 1, 0, 9, 9, 9, 4, 6, 7);[58.305550000000004, 50, 50, 50]
(0, 1.0, 1, 0, 9, 9, 9, 9, 6, 7, 1, 0, 9, 9, 9, 6, 6, 7);[58.49555, 50, 50, 50]
(0, 1.0, 1, 0, 9, 9, 9, 9, 6, 7, 1, 0, 9, 9, 9, 7, 6, 7);[58.74253079420308, 50, 50, 50]
(0, 1.0, 1, 0, 9, 9, 9, 9, 6, 7, 1, 0, 9, 9, 9, 8, 6, 7);[120.2157752919164, 50, 50, 50]
(0, 1.0, 1, 0, 9, 9, 9, 9, 6, 7, 0, 0, 9, 9, 9, 9, 6, 7);[61.259526271149625, 50, 50, 50]
(1, 1.0, 1, 0, 9, 9, 9, 7, 6, 7, 1, 0, 9, 9, 9, 4, 6, 7);[53.83115, 50, 50, 50]
(3, 0.0, 1, 0, 9, 9, 9, 9, 6, 7, 1, 0, 9, 8, 9, 9, 6, 7);[60.44814, 50, 50, 50]
(3, 0.0, 1, 0, 9, 8, 9, 9, 6, 7, 1, 0, 9, 5, 9, 9, 6, 7);[58.37655000000001, 50, 50, 50]
(3, 1.0, 1, 0, 9, 6, 9, 9, 6, 7, 1, 0, 9, 3, 9, 9, 6, 7);[55.605000000000004, 50, 50, 50]
(0, 0.0, 1, 0, 9, 6, 9, 9, 6, 7, 1, 0, 9, 1, 9, 9, 6, 7);[60.169441725, 50, 50, 50]
(0, 1.0, 1, 0, 9, 7, 9, 9, 6, 7, 1, 0, 9, 3, 9, 9, 6, 7);[57.846045, 50, 50, 50]
(0, 1.0, 1, 0, 9, 9, 9, 9, 6, 7, 1, 0, 9, 8, 9, 9, 6, 7);[165.2837184929549, 50, 50, 50]
(3, 1.0, 1, 0, 9, 7, 9, 9, 6, 7, 1, 0, 9, 2, 9, 9, 6, 7);[53.31830475, 50, 50, 50]
(0, 1.0, 1, 0, 9, 8, 9, 9, 6, 7, 1, 0, 9, 5, 9, 9, 6, 7);[72.14784331936477, 50, 50, 50]
(1, 0.0, 1, 0, 9, 9, 9, 9, 6, 7, 1, 0, 9, 9, 9, 9, 6, 7);[74.04320179710993, 50, 50, 50]
(1, 1.0, 1, 0, 9, 9, 9, 9, 6, 7, 1, 0, 9, 9, 9, 9, 6, 7);[123.68149791666671, 50, 50, 50]
(0, 0.0, 1, 0, 9, 9, 9, 9, 6, 7, 1, 0, 9, 9, 9, 9, 6, 7);[734.147038289695, 50, 50, 50]
(0, 0.0, 1, 0, 9, 6, 9, 9, 6, 7, 1, 0, 9, 0, 9, 9, 6, 7);[54.134575, 50, 50, 50]
(2, 0.0, 1, 0, 9, 9, 9, 9, 5, 7, 1, 0, 9, 9, 9, 9, 5, 7);[57.315, 50, 50, 50]
(2, 1.0, 1, 0, 9, 9, 9, 9, 5, 7, 1, 0, 9, 9, 9, 9, 5, 7);[53.95, 50, 50, 50]
(0, 0.0, 1, 0, 9, 9, 9, 9, 5, 7, 1, 0, 9, 9, 9, 9, 5, 7);[145.87693648778992, 50, 50, 50]
(0, 1.0, 1, 0, 9, 9, 9, 9, 5, 7, 1, 0, 9, 9, 9, 9, 5, 7);[1875.804220628877, 53.95, 50, 53.85]
(1, 0.0, 1, 0, 9, 9, 9, 9, 5, 7, 1, 0, 9, 9, 9, 9, 5, 7);[57.505, 50, 50, 50]
(1, 1.0, 1, 0, 9, 9, 9, 9, 5, 7, 1, 0, 9, 9, 9, 9, 5, 7);[54.692995, 50, 50, 50]
(3, 0.0, 1, 0, 9, 9, 9, 9, 5, 7, 1, 0, 9, 8, 9, 9, 5, 7);[53.45, 50, 50, 50]
(3, 0.0, 1, 0, 9, 8, 9, 9, 5, 7, 1, 0, 9, 5, 9, 9, 5, 7);[52.85, 50, 50, 50]
(3, 1.0, 1, 0, 9, 6, 9, 9, 5, 7, 1, 0, 9, 3, 9, 9, 5, 7);[52.85, 50, 50, 50]
(0, 0.0, 1, 0, 9, 6, 9, 9, 5, 7, 1, 0, 9, 1, 9, 9, 5, 7);[53.15, 50, 50, 50]
(0, 0.0, 1, 0, 9, 6, 9, 9, 5, 7, 1, 0, 9, 2, 9, 9, 5, 7);[53.55, 50, 50, 50]
(0, 1.0, 1, 0, 9, 7, 9, 9, 5, 7, 1, 0, 9, 3, 9, 9, 5, 7);[53.85, 50, 50, 50]
(0, 1.0, 1, 0, 9, 9, 9, 9, 5, 7, 1, 0, 9, 5, 9, 9, 5, 7);[53.85, 50, 50, 50]
(0, 1.0, 1, 0, 9, 9, 9, 9, 5, 7, 1, 0, 9, 7, 9, 9, 5, 7);[53.95, 50, 50, 50]
(0, 1.0, 1, 0, 9, 9, 9, 9, 5, 7, 1, 0, 9, 8, 9, 9, 5, 7);[156.50339225247058, 50, 50, 50]
(0, 1.0, 1, 0, 9, 9, 9, 9, 5, 8, 1, 0, 9, 9, 9, 9, 5, 7);[57.695, 50, 50, 50]
(0, 1.0, 1, 0, 9, 9, 9, 9, 5, 8, 1, 0, 9, 9, 9, 9, 5, 8);[891.9398470348034, 50, 50, 53.95]
(0, 1.0, 1, 1, 9, 9, 9, 9, 5, 8, 1, 0, 9, 9, 9, 9, 5, 8);[61.896175, 50, 50, 50]
(0, 1.0, 1, 1, 9, 9, 9, 9, 5, 8, 1, 1, 9, 9, 9, 9, 5, 8);[1482.8849036508852, 54.15, 50, 54.15]
(3, 0.0, 1, 1, 9, 9, 9, 9, 5, 8, 1, 1, 9, 8, 9, 9, 5, 8);[53.55, 50, 50, 50]
(3, 0.0, 1, 1, 9, 7, 9, 9, 5, 8, 1, 1, 9, 5, 9, 9, 5, 8);[53.15, 50, 50, 50]
(3, 1.0, 1, 1, 9, 6, 9, 9, 5, 8, 1, 1, 9, 3, 9, 9, 5, 8);[53.25, 50, 50, 50]
(0, 0.0, 1, 1, 9, 6, 9, 9, 5, 8, 1, 1, 9, 1, 9, 9, 5, 8);[53.35, 50, 50, 50]
(0, 0.0, 1, 1, 9, 6, 9, 9, 5, 8, 1, 1, 9, 2, 9, 9, 5, 8);[53.85, 50, 50, 50]
(0, 1.0, 1, 1, 9, 7, 9, 9, 5, 8, 1, 1, 9, 4, 9, 9, 5, 8);[54.05, 50, 50, 50]
(0, 1.0, 1, 1, 9, 8, 9, 9, 5, 8, 1, 1, 9, 6, 9, 9, 5, 8);[54.15, 50, 50, 50]
(0, 1.0, 1, 1, 9, 9, 9, 9, 5, 8, 1, 1, 9, 7, 9, 9, 5, 8);[54.25, 50, 50, 50]
(0, 1.0, 1, 1, 9, 9, 9, 9, 5, 8, 1, 1, 9, 8, 9, 9, 5, 8);[88.1655572257154, 50, 50, 50]
(1, 0.0, 1, 0, 9, 9, 9, 9, 5, 8, 1, 0, 9, 9, 9, 9, 5, 8);[57.315, 50, 50, 50]
(1, 1.0, 1, 0, 9, 9, 9, 9, 5, 8, 1, 0, 9, 9, 9, 9, 5, 8);[54.05, 50, 50, 50]
(0, 0.0, 1, 0, 9, 9, 9, 9, 5, 8, 1, 0, 9, 9, 9, 9, 5, 8);[85.54841264605408, 50, 50, 50]
(3, 0.0, 1, 0, 9, 9, 9, 9, 5, 8, 1, 0, 9, 8, 9, 9, 5, 8);[53.55, 50, 50, 50]
(3, 0.0, 1, 0, 9, 8, 9, 9, 5, 8, 1, 0, 9, 5, 9, 9, 5, 8);[52.95, 50, 50, 50]
(3, 1.0, 1, 0, 9, 6, 9, 9, 5, 8, 1, 0, 9, 3, 9, 9, 5, 8);[53.05, 50, 50, 50]
(0, 0.0, 1, 0, 9, 6, 9, 9, 5, 8, 1, 0, 9, 1, 9, 9, 5, 8);[56.385, 50, 50, 50]
(0, 1.0, 1, 0, 9, 7, 9, 9, 5, 8, 1, 0, 9, 3, 9, 9, 5, 8);[53.75, 50, 50, 50]
(0, 1.0, 1, 0, 9, 8, 9, 9, 5, 8, 1, 0, 9, 4, 9, 9, 5, 8);[53.95, 50, 50, 50]
(0, 1.0, 1, 0, 9, 9, 9, 9, 5, 8, 1, 0, 9, 7, 9, 9, 5, 8);[54.05, 50, 50, 50]
(0, 1.0, 1, 0, 9, 9, 9, 9, 5, 8, 1, 0, 9, 8, 9, 9, 5, 8);[136.45674293652803, 50, 50, 50]
(0, 1.0, 2, 0, 9, 9, 9, 9, 5, 8, 1, 0, 9, 9, 9, 9, 5, 8);[54.55, 50, 50, 50]
(0, 1.0, 3, 0, 9, 9, 9, 9, 5, 8, 1, 0, 9, 9, 9, 9, 5, 8);[54.65, 50, 50, 50]
(0, 1.0, 4, 0, 9, 9, 9, 9, 5, 8, 2, 0, 9, 9, 9, 9, 5, 8);[54.65, 50, 50, 50]
(0, 1.0, 4, 0, 9, 9, 9, 9, 5, 8, 3, 0, 9, 9, 9, 9, 5, 8);[54.65, 50, 50, 50]
(0, 1.0, 4, 0, 9, 9, 9, 9, 5, 8, 4, 0, 9, 9, 9, 9, 5, 8);[3201.9370653998176, 54.65, 50, 59.25575]
(1, 0.0, 4, 0, 9, 9, 9, 9, 5, 8, 4, 0, 9, 9, 9, 9, 5, 8);[58.835, 50, 50, 50]
(1, 1.0, 4, 0, 9, 9, 9, 9, 5, 8, 4, 0, 9, 9, 9, 9, 5, 8);[54.65, 50, 50, 50]
(0, 0.0, 4, 0, 9, 9, 9, 9, 5, 8, 4, 0, 9, 9, 9, 9, 5, 8);[252.86106003360374, 50, 50, 50]
(3, 0.0, 4, 0, 9, 9, 9, 9, 5, 8, 4, 0, 9, 8, 9, 9, 5, 8);[58.43635, 50, 50, 50]
(3, 0.0, 4, 0, 9, 8, 9, 9, 5, 8, 4, 0, 9, 5, 9, 9, 5, 8);[57.29635, 50, 50, 50]
(3, 1.0, 4, 0, 9, 6, 9, 9, 5, 8, 4, 0, 9, 3, 9, 9, 5, 8);[57.22605, 50, 50, 50]
(0, 0.0, 4, 0, 9, 6, 9, 9, 5, 8, 4, 0, 9, 1, 9, 9, 5, 8);[57.405, 50, 50, 50]
(0, 0.0, 4, 0, 9, 7, 9, 9, 5, 8, 4, 0, 9, 2, 9, 9, 5, 8);[54.35, 50, 50, 50]
(0, 1.0, 4, 0, 9, 8, 9, 9, 5, 8, 4, 0, 9, 3, 9, 9, 5, 8);[54.65, 50, 50, 50]
(0, 1.0, 4, 0, 9, 9, 9, 9, 5, 8, 4, 0, 9, 5, 9, 9, 5, 8);[54.65, 50, 50, 50]
(0, 1.0, 4, 0, 9, 9, 9, 9, 5, 8, 4, 0, 9, 7, 9, 9, 5, 8);[92.59503628840415, 50, 50, 50]
(0, 1.0, 4, 0, 9, 9, 9, 9, 5, 8, 4, 0, 9, 8, 9, 9, 5, 8);[695.626411348387, 50, 50, 50]
(0, 0.0, 4, 0, 9, 6, 9, 9, 5, 8, 4, 0, 9, 2, 9, 9, 5, 8);[54.35, 50, 50, 50]
(0, 1.0, 4, 0, 9, 7, 9, 9, 5, 8, 4, 0, 9, 3, 9, 9, 5, 8);[54.55, 50, 50, 50]
(0, 1.0, 4, 0, 9, 8, 9, 9, 5, 8, 4, 0, 9, 4, 9, 9, 5, 8);[55.12025, 50, 50, 50]
(0, 1.0, 5, 0, 9, 9, 9, 9, 5, 8, 4, 0, 9, 9, 9, 9, 5, 8);[55.25, 50, 50, 50]
(0, 1.0, 6, 0, 9, 9, 9, 9, 5, 8, 4, 0, 9, 9, 9, 9, 5, 8);[55.35, 50, 50, 50]
(0, 1.0, 7, 0, 9, 9, 9, 9, 5, 8, 6, 0, 9, 9, 9, 9, 5, 8);[55.35, 50, 50, 50]
(0, 1.0, 7, 0, 9, 9, 9, 9, 5, 8, 7, 0, 9, 9, 9, 9, 5, 8);[1117.4400436703627, 55.35, 50, 50]
(1, 0.0, 7, 0, 9, 9, 9, 9, 5, 8, 7, 0, 9, 9, 9, 9, 5, 8);[60.165, 50, 50, 50]
(1, 1.0, 7, 0, 9, 9, 9, 9, 5, 8, 7, 0, 9, 9, 9, 9, 5, 8);[55.35, 50, 50, 50]
(0, 0.0, 7, 0, 9, 9, 9, 9, 5, 8, 7, 0, 9, 9, 9, 9, 5, 8);[120.08579409504131, 50, 50, 50]
(0, 1.0, 8, 1, 9, 9, 9, 9, 5, 8, 7, 0, 9, 9, 9, 9, 5, 8);[55.85, 50, 50, 50]
(0, 1.0, 8, 2, 9, 9, 9, 9, 5, 8, 8, 0, 9, 9, 9, 9, 5, 8);[56.05, 50, 50, 50]
(0, 1.0, 8, 3, 9, 9, 9, 9, 5, 8, 8, 1, 9, 9, 9, 9, 5, 8);[56.05, 50, 50, 50]
(0, 1.0, 8, 3, 9, 9, 9, 9, 5, 8, 8, 2, 9, 9, 9, 9, 5, 8);[56.05, 50, 50, 50]
(0, 1.0, 8, 3, 9, 9, 9, 9, 5, 8, 8, 3, 9, 9, 9, 9, 5, 8);[3008.698222753912, 56.05, 56.05, 61.85445]
(3, 0.0, 8, 3, 9, 9, 9, 9, 5, 8, 8, 3, 9, 8, 9, 9, 5, 8);[61.03505, 50, 50, 50]
(3, 0.0, 8, 3, 9, 8, 9, 9, 5, 8, 8, 3, 9, 5, 9, 9, 5, 8);[59.895050000000005, 50, 50, 50]
(3, 1.0, 8, 3, 9, 6, 9, 9, 5, 8, 8, 3, 9, 3, 9, 9, 5, 8);[59.91485, 50, 50, 50]
(0, 0.0, 8, 3, 9, 6, 9, 9, 5, 8, 8, 3, 9, 1, 9, 9, 5, 8);[65.30451500000001, 50, 50, 50]
(0, 0.0, 8, 3, 9, 7, 9, 9, 5, 8, 8, 3, 9, 2, 9, 9, 5, 8);[55.55, 50, 50, 50]
(0, 1.0, 8, 3, 9, 7, 9, 9, 5, 8, 8, 3, 9, 3, 9, 9, 5, 8);[61.70405, 50, 50, 50]
(0, 1.0, 8, 3, 9, 8, 9, 9, 5, 8, 8, 3, 9, 5, 9, 9, 5, 8);[69.96260458607598, 50, 50, 50]
(0, 1.0, 8, 3, 9, 9, 9, 9, 5, 8, 8, 3, 9, 7, 9, 9, 5, 8);[320.0667502118413, 50, 50, 50]
(1, 0.0, 8, 3, 9, 9, 9, 9, 5, 8, 8, 3, 9, 9, 9, 9, 5, 8);[61.495, 50, 50, 50]
(1, 1.0, 8, 3, 9, 9, 9, 9, 5, 8, 8, 3, 9, 9, 9, 9, 5, 8);[56.05, 50, 50, 50]
(0, 0.0, 8, 3, 9, 9, 9, 9, 5, 8, 8, 3, 9, 9, 9, 9, 5, 8);[397.9644411760544, 50, 50, 50]
(2, 0.0, 8, 3, 9, 9, 9, 9, 5, 8, 8, 3, 9, 9, 9, 9, 5, 8);[61.495, 50, 50, 50]
(2, 1.0, 8, 3, 9, 9, 9, 9, 5, 8, 8, 3, 9, 9, 9, 9, 5, 8);[68.85546932983495, 50, 50, 50]
(0, 1.0, 8, 4, 9, 9, 9, 9, 5, 8, 8, 3, 9, 9, 9, 9, 5, 8);[56.55, 50, 50, 50]
(0, 1.0, 8, 6, 9, 9, 9, 9, 5, 8, 8, 4, 9, 9, 9, 9, 5, 8);[56.65, 50, 50, 50]
(0, 1.0, 8, 6, 9, 9, 9, 9, 5, 8, 8, 6, 9, 9, 9, 9, 5, 8);[2877.5317595967026, 56.65, 63.885864999999995, 56.55]
(2, 0.0, 8, 6, 9, 9, 9, 9, 5, 8, 8, 6, 9, 9, 9, 9, 5, 8);[74.65347849999999, 50, 50, 50]
(2, 1.0, 8, 6, 9, 9, 9, 9, 5, 8, 8, 6, 9, 9, 9, 9, 5, 8);[64.5347063582773, 50, 50, 50]
(0, 0.0, 8, 6, 9, 9, 9, 9, 5, 8, 8, 6, 9, 9, 9, 9, 5, 8);[556.7556388892367, 50, 50, 50]
(3, 0.0, 8, 6, 9, 9, 9, 9, 5, 8, 8, 6, 9, 8, 9, 9, 5, 8);[56.15, 50, 50, 50]
(3, 0.0, 8, 6, 9, 8, 9, 9, 5, 8, 8, 6, 9, 5, 9, 9, 5, 8);[55.55, 50, 50, 50]
(3, 1.0, 8, 6, 9, 6, 9, 9, 5, 8, 8, 6, 9, 3, 9, 9, 5, 8);[55.55, 50, 50, 50]
(0, 0.0, 8, 6, 9, 6, 9, 9, 5, 8, 8, 6, 9, 1, 9, 9, 5, 8);[55.85, 50, 50, 50]
(0, 0.0, 8, 6, 9, 7, 9, 9, 5, 8, 8, 6, 9, 1, 9, 9, 5, 8);[56.25, 50, 50, 50]
(0, 1.0, 8, 6, 9, 7, 9, 9, 5, 8, 8, 6, 9, 3, 9, 9, 5, 8);[56.45, 50, 50, 50]
(0, 1.0, 8, 6, 9, 8, 9, 9, 5, 8, 8, 6, 9, 6, 9, 9, 5, 8);[56.55, 50, 50, 50]
(0, 1.0, 8, 6, 9, 9, 9, 9, 5, 8, 8, 6, 9, 7, 9, 9, 5, 8);[56.65, 50, 50, 50]
(0, 1.0, 8, 6, 9, 9, 9, 9, 5, 8, 8, 6, 9, 8, 9, 9, 5, 8);[138.09900801585735, 50, 50, 50]
(1, 0.0, 8, 6, 9, 9, 9, 9, 5, 8, 8, 6, 9, 9, 9, 9, 5, 8);[62.635, 50, 50, 50]
(1, 1.0, 8, 6, 9, 9, 9, 9, 5, 8, 8, 6, 9, 9, 9, 9, 5, 8);[82.52369759383963, 50, 50, 50]
(0, 1.0, 8, 8, 9, 9, 9, 9, 5, 8, 8, 6, 9, 9, 9, 9, 5, 8);[57.05, 50, 50, 50]
(0, 1.0, 9, 8, 9, 9, 9, 9, 5, 8, 9, 8, 9, 9, 9, 9, 5, 8);[7096.146328264842, 121.265538783133, 338.2457006972608, 133.45464271973728]
(3, 0.0, 9, 8, 9, 9, 9, 9, 5, 8, 9, 8, 9, 8, 9, 9, 5, 8);[120.02562716174347, 50, 50, 50]
(3, 0.0, 9, 8, 9, 8, 9, 9, 5, 8, 9, 8, 9, 5, 9, 9, 5, 8);[113.9625803733376, 50, 50, 50]
(3, 1.0, 9, 8, 9, 6, 9, 9, 5, 8, 9, 8, 9, 2, 9, 9, 5, 8);[63.126298150000004, 50, 50, 50]
(0, 0.0, 9, 8, 9, 6, 9, 9, 5, 8, 9, 8, 9, 1, 9, 9, 5, 8);[122.23107459733065, 50, 50, 61.88180230376307]
(0, 0.0, 9, 8, 9, 7, 9, 9, 5, 8, 9, 8, 9, 1, 9, 9, 5, 8);[56.55, 50, 50, 50]
(0, 1.0, 9, 8, 9, 7, 9, 9, 5, 8, 9, 8, 9, 3, 9, 9, 5, 8);[135.8265790704774, 50, 50, 50]
(0, 1.0, 9, 8, 9, 8, 9, 9, 5, 8, 9, 8, 9, 4, 9, 9, 5, 8);[253.12581439964933, 50, 50, 50]
(0, 1.0, 9, 8, 9, 9, 9, 9, 5, 8, 9, 8, 9, 7, 9, 9, 5, 8);[2518.4999329942416, 50, 50, 50]
(0, 1.0, 9, 8, 9, 9, 9, 9, 5, 8, 9, 8, 9, 8, 9, 9, 5, 8);[3639.559537592341, 50, 50, 50]
(1, 0.0, 9, 8, 9, 9, 9, 9, 5, 8, 9, 8, 9, 9, 9, 9, 5, 8);[289.660151059263, 50, 50, 50]
(1, 1.0, 9, 8, 9, 9, 9, 9, 5, 8, 9, 8, 9, 9, 9, 9, 5, 8);[1426.8056420432101, 50, 50, 50]
(0, 0.0, 9, 8, 9, 9, 9, 9, 5, 8, 9, 8, 9, 9, 9, 9, 5, 8);[5702.896109840528, 50, 50, 50]
(2, 0.0, 9, 8, 9, 9, 9, 9, 5, 8, 9, 8, 9, 9, 9, 9, 5, 8);[1023.349580204976, 50, 50, 50]
(2, 1.0, 9, 8, 9, 9, 9, 9, 5, 8, 9, 8, 9, 9, 9, 9, 5, 8);[2771.47928969223, 50, 50, 50]
(3, 1.0, 9, 8, 9, 6, 9, 9, 5, 8, 9, 8, 9, 3, 9, 9, 5, 8);[124.25743519652187, 50, 50, 50]
(0, 0.0, 9, 8, 9, 6, 9, 9, 5, 8, 9, 8, 9, 2, 9, 9, 5, 8);[77.96605162104808, 50, 50, 50]
(0, 1.0, 9, 8, 9, 7, 9, 9, 5, 8, 9, 8, 9, 4, 9, 9, 5, 8);[65.17189430964329, 50, 50, 50]
(0, 1.0, 9, 8, 9, 8, 9, 9, 5, 8, 9, 8, 9, 6, 9, 9, 5, 8);[135.54047658140456, 50, 50, 50]
(0, 0.0, 9, 8, 9, 7, 9, 9, 5, 8, 9, 8, 9, 2, 9, 9, 5, 8);[93.44874637963659, 50, 50, 50]
(0, 1.0, 9, 8, 9, 8, 9, 9, 5, 8, 9, 8, 9, 3, 9, 9, 5, 8);[69.661714844809, 50, 50, 50]
(0, 1.0, 9, 8, 9, 9, 9, 9, 5, 8, 9, 8, 9, 5, 9, 9, 5, 8);[237.30206532475597, 50, 50, 50]
(3, 0.0, 9, 8, 9, 7, 9, 9, 5, 8, 9, 8, 9, 5, 9, 9, 5, 8);[69.16049097244249, 50, 50, 50]
(0, 1.0, 9, 8, 9, 8, 9, 9, 5, 8, 9, 8, 9, 5, 9, 9, 5, 8);[518.1730397713751, 50, 50, 50]
(0, 1.0, 9, 8, 9, 9, 9, 9, 5, 8, 9, 8, 9, 6, 9, 9, 5, 8);[539.4764584791428, 50, 50, 50]
(0, 1.0, 9, 8, 9, 6, 9, 9, 5, 8, 9, 8, 9, 3, 9, 9, 5, 8);[56.45, 50, 50, 50]
(0, 1.0, 9, 8, 9, 6, 9, 9, 5, 8, 9, 8, 9, 4, 9, 9, 5, 8);[56.45, 50, 50, 50]
(0, 1.0, 9, 8, 9, 6, 9, 9, 5, 8, 9, 8, 9, 6, 9, 9, 5, 8);[2801.9637136765914, 50, 50, 56.35]
(3, 0.0, 9, 8, 9, 6, 9, 9, 5, 8, 9, 8, 9, 4, 9, 9, 5, 8);[55.95, 50, 50, 50]
(3, 0.0, 9, 8, 9, 4, 9, 9, 5, 8, 9, 8, 9, 2, 9, 9, 5, 8);[55.35, 50, 50, 50]
(3, 1.0, 9, 8, 9, 3, 9, 9, 5, 8, 9, 8, 9, 0, 9, 9, 5, 8);[55.35, 50, 50, 50]
(0, 0.0, 9, 8, 9, 3, 9, 9, 5, 8, 9, 8, 9, 0, 9, 9, 5, 8);[55.55, 50, 50, 50]
(0, 0.0, 9, 8, 9, 3, 9, 9, 5, 8, 9, 8, 9, 2, 9, 9, 5, 8);[55.85, 50, 50, 50]
(0, 1.0, 9, 8, 9, 3, 9, 9, 5, 8, 9, 8, 9, 3, 9, 9, 5, 8);[2916.4766427969994, 50, 68.9909235035, 55.75]
(2, 0.0, 9, 8, 9, 3, 9, 9, 5, 8, 9, 8, 9, 3, 9, 9, 5, 8);[82.89012549641983, 50, 50, 50]
(2, 1.0, 9, 8, 9, 3, 9, 9, 5, 8, 9, 8, 9, 3, 9, 9, 5, 8);[99.41078548196775, 50, 50, 50]
(0, 0.0, 9, 8, 9, 3, 9, 9, 5, 8, 9, 8, 9, 3, 9, 9, 5, 8);[438.299737371186, 50, 50, 50]
(3, 0.0, 9, 8, 9, 2, 9, 9, 5, 8, 9, 8, 9, 1, 9, 9, 5, 8);[55.35, 50, 50, 50]
(3, 0.0, 9, 8, 9, 1, 9, 9, 5, 8, 9, 8, 9, 0, 9, 9, 5, 8);[54.75, 50, 50, 50]
(3, 1.0, 9, 8, 9, 0, 9, 9, 5, 8, 9, 8, 9, 0, 9, 9, 5, 8);[60.475895, 50, 50, 50]
(0, 0.0, 9, 8, 9, 0, 9, 9, 5, 8, 9, 8, 9, 0, 9, 9, 5, 8);[731.3851513364507, 50, 50, 50]
(0, 1.0, 9, 8, 9, 0, 9, 9, 5, 8, 9, 8, 9, 0, 9, 9, 5, 8);[3844.1547657752626, 60.962525, 50, 55.25]
(3, 0.0, 9, 8, 9, 0, 9, 9, 5, 8, 9, 8, 9, 0, 9, 9, 5, 8);[60.44525, 50, 50, 50]
(1, 0.0, 9, 8, 9, 0, 9, 9, 5, 8, 9, 8, 9, 0, 9, 9, 5, 8);[70.56113997069463, 50, 50, 50]
(1, 1.0, 9, 8, 9, 0, 9, 9, 5, 8, 9, 8, 9, 0, 9, 9, 5, 8);[103.62524377859856, 50, 50, 50]
