(0, 0.0, 0, 0, 0, 0, 0, 0, 0, 0, 0, 0, 0, 0, 0, 0, 0, 0);[5.229910000000001, 0, 0, 0]
(0, 1.0, 0, 0, 0, 0, 0, 0, 0, 0, 0, 0, 0, 0, 0, 0, 0, 0);[50.979190539865, 50, 50, 50]
(0, 1.0, 0, 1, 0, 0, 0, 0, 1, 0, 0, 0, 0, 0, 0, 0, 1, 0);[50.45, 50, 50, 50]
(0, 1.0, 0, 1, 0, 0, 0, 0, 1, 0, 0, 0, 0, 0, 0, 0, 0, 0);[50.45, 50, 50, 50]
(0, 1.0, 0, 1, 0, 0, 0, 0, 1, 0, 0, 1, 0, 0, 0, 0, 0, 0);[50.575, 50, 50, 50]
(0, 1.0, 0, 1, 0, 0, 0, 0, 1, 0, 0, 1, 0, 0, 0, 0, 1, 0);[51.155, 50, 50, 50]
(0, 1.0, 0, 1, 0, 0, 0, 0, 2, 0, 0, 1, 0, 0, 0, 0, 1, 0);[50.85, 50, 50, 50]
(0, 1.0, 0, 1, 0, 0, 0, 1, 2, 0, 0, 1, 0, 0, 0, 0, 1, 0);[52.379235, 50, 50, 50]
(0, 1.0, 0, 1, 0, 0, 0, 1, 2, 0, 0, 1, 0, 0, 0, 1, 2, 0);[55.777910648439594, 50, 50, 50]
(0, 1.0, 0, 2, 0, 0, 0, 1, 2, 0, 0, 1, 0, 0, 0, 1, 2, 0);[51.815, 50, 50, 50]
(0, 1.0, 0, 2, 0, 0, 0, 1, 2, 0, 0, 2, 0, 0, 0, 1, 2, 0);[51.15, 50, 50, 50]
(0, 1.0, 0, 2, 0, 0, 0, 1, 3, 0, 0, 2, 0, 0, 0, 1, 2, 0);[52.375, 50, 50, 50]
(0, 1.0, 0, 2, 0, 0, 0, 1, 3, 0, 0, 2, 0, 0, 0, 1, 3, 0);[51.35, 50, 50, 50]
(0, 1.0, 0, 2, 0, 0, 0, 1, 4, 0, 0, 2, 0, 0, 0, 1, 3, 0);[51.55, 50, 50, 50]
(0, 1.0, 0, 2, 0, 0, 0, 1, 4, 0, 0, 2, 0, 0, 0, 1, 4, 0);[51.85, 50, 50, 50]
(0, 1.0, 0, 2, 0, 0, 0, 2, 4, 0, 0, 2, 0, 0, 0, 1, 4, 0);[52.15, 50, 50, 50]
(0, 1.0, 0, 2, 1, 0, 1, 2, 4, 0, 0, 2, 0, 0, 0, 1, 4, 0);[52.05, 50, 50, 50]
(0, 1.0, 0, 2, 0, 0, 1, 2, 4, 0, 0, 2, 0, 0, 0, 1, 4, 0);[51.75, 50, 50, 50]
(0, 1.0, 0, 2, 0, 0, 1, 2, 4, 0, 0, 2, 0, 0, 0, 2, 4, 0);[51.45, 50, 50, 50]
(0, 1.0, 0, 2, 0, 0, 0, 2, 4, 0, 0, 2, 0, 0, 0, 2, 4, 0);[51.45, 50, 50, 50]
(0, 1.0, 0, 2, 0, 0, 0, 2, 5, 0, 0, 2, 0, 0, 0, 2, 5, 0);[51.45, 50, 50, 50]
(0, 1.0, 0, 2, 0, 0, 0, 2, 5, 0, 0, 2, 0, 0, 0, 2, 4, 0);[51.95, 50, 50, 50]
(0, 1.0, 0, 2, 0, 0, 0, 3, 5, 0, 0, 2, 0, 0, 0, 2, 5, 0);[52.35, 50, 50, 50]
(0, 1.0, 0, 2, 0, 0, 0, 3, 6, 0, 0, 2, 0, 0, 0, 2, 6, 0);[52.35, 50, 50, 50]
(0, 1.0, 0, 2, 0, 0, 0, 3, 6, 0, 0, 2, 0, 0, 0, 3, 5, 0);[52.45, 50, 50, 50]
(0, 1.0, 0, 2, 0, 0, 0, 3, 6, 0, 0, 2, 0, 0, 0, 3, 6, 0);[52.45, 50, 50, 50]
(0, 1.0, 0, 3, 0, 0, 0, 3, 6, 0, 0, 2, 0, 0, 0, 3, 6, 0);[52.65, 50, 50, 50]
(0, 1.0, 0, 3, 1, 0, 0, 3, 6, 0, 0, 2, 0, 0, 0, 3, 6, 0);[52.65, 50, 50, 50]
(0, 1.0, 0, 3, 1, 0, 0, 3, 6, 0, 0, 3, 0, 0, 0, 3, 6, 0);[55.035, 50, 50, 50]
(0, 1.0, 0, 3, 1, 0, 0, 3, 6, 0, 0, 3, 1, 0, 0, 3, 6, 0);[62.555160077435005, 50, 50, 50]
(0, 1.0, 0, 3, 1, 0, 0, 3, 7, 0, 0, 3, 1, 0, 0, 3, 7, 0);[52.85, 50, 50, 50]
(0, 1.0, 0, 3, 1, 0, 0, 3, 7, 0, 0, 3, 1, 0, 0, 3, 6, 0);[50, 52.75, 50, 50]
(1, 0.0, 0, 2, 2, 0, 0, 2, 7, 0, 0, 1, 1, 0, 0, 1, 7, 0);[51.85, 50, 50, 50]
(1, 0.0, 0, 1, 2, 0, 0, 1, 7, 0, 0, 0, 1, 0, 0, 0, 7, 0);[50.95, 50, 50, 50]
(1, 1.0, 0, 0, 2, 1, 0, 0, 7, 0, 0, 0, 2, 0, 0, 0, 7, 0);[51.05, 50, 50, 50]
(0, 0.0, 0, 0, 2, 2, 0, 0, 7, 0, 0, 0, 2, 0, 0, 0, 7, 0);[50, 51.25, 50, 50]
(0, 0.0, 0, 0, 2, 2, 0, 0, 7, 0, 0, 0, 2, 1, 0, 0, 7, 0);[51.55, 50, 50, 50]
(0, 1.0, 0, 0, 2, 2, 0, 0, 7, 0, 0, 0, 2, 2, 0, 0, 7, 0);[51.65, 50, 50, 50]
(0, 1.0, 0, 0, 3, 2, 0, 0, 7, 0, 0, 0, 2, 2, 0, 0, 7, 0);[53.135, 50, 50, 50]
(0, 1.0, 0, 0, 3, 2, 0, 0, 7, 0, 0, 0, 3, 2, 0, 0, 7, 0);[61.836226476384454, 50, 50, 50]
(0, 1.0, 0, 0, 3, 2, 0, 0, 8, 0, 0, 0, 3, 2, 0, 0, 7, 0);[52.15, 50, 50, 50]
(0, 1.0, 0, 0, 3, 2, 0, 0, 8, 0, 0, 0, 3, 2, 0, 0, 8, 0);[60.637858097975, 50, 50, 50]
(0, 1.0, 0, 1, 4, 2, 0, 0, 8, 0, 0, 0, 3, 2, 0, 0, 8, 0);[52.65, 50, 50, 50]
(0, 1.0, 0, 1, 4, 2, 0, 0, 9, 0, 0, 0, 3, 2, 0, 0, 9, 0);[52.75, 50, 50, 50]
(0, 1.0, 0, 1, 4, 2, 0, 0, 9, 0, 0, 0, 4, 2, 0, 0, 8, 0);[52.65, 50, 50, 50]
(0, 1.0, 0, 1, 4, 2, 0, 0, 9, 0, 0, 1, 4, 2, 0, 0, 9, 0);[85.45204509982075, 50, 50, 50]
(0, 1.0, 0, 1, 5, 2, 0, 0, 9, 0, 0, 1, 4, 2, 0, 0, 9, 0);[55.004407299969664, 50, 50, 50]
(0, 1.0, 0, 2, 4, 2, 0, 0, 9, 0, 0, 1, 4, 2, 0, 0, 9, 0);[56.655, 50, 50, 50]
(0, 1.0, 0, 2, 4, 2, 0, 0, 9, 0, 0, 2, 4, 2, 0, 0, 9, 0);[66.1657144565, 50, 50, 50]
(0, 1.0, 0, 2, 4, 2, 1, 0, 9, 0, 0, 2, 4, 2, 0, 0, 9, 0);[58.480728590215, 50, 50, 50]
(0, 1.0, 0, 2, 4, 2, 1, 1, 9, 0, 0, 2, 4, 2, 0, 0, 9, 0);[53.95, 50, 50, 50]
(0, 1.0, 0, 2, 4, 2, 2, 0, 9, 0, 0, 2, 4, 2, 0, 0, 9, 0);[53.85, 50, 50, 50]
(0, 1.0, 0, 3, 5, 2, 2, 0, 9, 0, 0, 2, 4, 2, 0, 0, 9, 0);[56.635, 50, 50, 50]
(0, 1.0, 0, 3, 4, 3, 1, 0, 9, 0, 0, 2, 4, 2, 0, 0, 9, 0);[53.05, 50, 50, 50]
(0, 1.0, 0, 3, 4, 3, 0, 0, 9, 0, 0, 3, 4, 3, 0, 0, 9, 0);[50, 50, 52.85, 50]
(2, 0.0, 0, 3, 3, 3, 0, 0, 9, 0, 0, 3, 2, 3, 0, 0, 8, 0);[51.85, 50, 50, 50]
(2, 0.0, 0, 3, 2, 3, 0, 0, 8, 0, 0, 3, 0, 3, 0, 0, 5, 0);[50.85, 50, 50, 50]
(2, 1.0, 0, 3, 1, 3, 0, 0, 6, 0, 0, 3, 0, 3, 0, 0, 3, 0);[50.65, 50, 50, 50]
(0, 0.0, 0, 3, 1, 2, 0, 0, 6, 0, 0, 3, 0, 2, 0, 0, 2, 0);[51.05, 50, 50, 50]
(0, 0.0, 0, 3, 1, 2, 0, 0, 6, 0, 0, 3, 1, 2, 0, 0, 1, 0);[51.15, 50, 50, 50]
(0, 1.0, 0, 3, 2, 2, 0, 0, 7, 0, 0, 3, 1, 2, 0, 0, 3, 0);[51.55, 50, 50, 50]
(0, 1.0, 0, 3, 2, 2, 0, 0, 7, 1, 0, 3, 1, 2, 0, 0, 5, 0);[51.85, 50, 50, 50]
(0, 1.0, 0, 4, 2, 2, 0, 0, 8, 1, 0, 3, 2, 2, 0, 0, 7, 0);[52.05, 50, 50, 50]
(0, 1.0, 0, 4, 2, 2, 0, 0, 9, 1, 0, 3, 2, 2, 0, 0, 8, 1);[52.05, 50, 50, 50]
(0, 1.0, 0, 4, 2, 2, 0, 0, 9, 1, 0, 3, 2, 2, 0, 0, 9, 1);[52.15, 50, 50, 50]
(0, 1.0, 0, 4, 2, 2, 0, 0, 9, 1, 0, 4, 2, 2, 0, 0, 9, 1);[82.70570549927024, 50, 50, 50]
(0, 1.0, 0, 4, 2, 3, 0, 0, 9, 1, 0, 4, 2, 2, 0, 0, 9, 1);[54.755, 50, 50, 50]
(0, 1.0, 0, 4, 3, 3, 0, 0, 9, 1, 0, 4, 2, 3, 0, 0, 9, 1);[50, 50, 50, 52.35]
(3, 0.0, 0, 4, 3, 2, 0, 0, 9, 0, 0, 4, 2, 1, 0, 0, 9, 0);[51.75, 50, 50, 50]
(3, 0.0, 0, 4, 3, 1, 0, 1, 9, 0, 0, 4, 2, 0, 0, 0, 9, 0);[51.45, 50, 50, 50]
(3, 1.0, 0, 4, 2, 1, 0, 1, 9, 0, 0, 4, 2, 0, 0, 0, 9, 0);[51.55, 50, 50, 50]
(0, 0.0, 0, 4, 2, 1, 0, 1, 9, 0, 0, 4, 0, 0, 0, 1, 9, 0);[51.85, 50, 50, 50]
(0, 0.0, 0, 4, 2, 0, 0, 1, 9, 0, 0, 4, 1, 0, 0, 1, 9, 0);[52.05, 50, 50, 50]
(0, 1.0, 0, 4, 2, 0, 0, 1, 9, 0, 0, 4, 2, 0, 0, 1, 9, 0);[56.967885, 50, 50, 50]
(0, 1.0, 0, 4, 3, 0, 0, 1, 9, 0, 0, 4, 2, 0, 0, 1, 9, 0);[55.035, 50, 50, 50]
(0, 1.0, 0, 4, 3, 0, 0, 1, 9, 0, 0, 4, 3, 0, 0, 1, 9, 0);[52.85, 50, 50, 50]
(0, 1.0, 0, 4, 3, 0, 1, 1, 9, 0, 0, 4, 3, 0, 0, 1, 9, 0);[53.25, 50, 50, 50]
(0, 1.0, 0, 4, 3, 0, 2, 1, 9, 0, 0, 4, 3, 0, 0, 1, 9, 0);[55.875, 50, 50, 50]
(0, 1.0, 0, 4, 3, 1, 2, 1, 9, 0, 0, 4, 3, 0, 0, 1, 9, 0);[52.35, 50, 50, 50]
(0, 1.0, 0, 4, 3, 1, 1, 1, 9, 0, 0, 4, 3, 0, 0, 1, 9, 0);[52.15, 50, 50, 50]
(0, 1.0, 0, 4, 3, 1, 0, 1, 9, 0, 0, 4, 3, 1, 0, 1, 9, 0);[52.45, 50, 50, 50]
(0, 1.0, 0, 4, 4, 1, 0, 1, 9, 0, 0, 4, 3, 1, 0, 1, 9, 0);[50, 50, 50, 52.65]
(3, 0.0, 0, 4, 4, 1, 1, 1, 9, 0, 0, 4, 3, 0, 0, 1, 9, 0);[52.15, 50, 50, 50]
(3, 0.0, 0, 5, 4, 0, 1, 1, 9, 0, 0, 4, 4, 0, 0, 1, 9, 0);[52.15, 50, 50, 50]
(3, 1.0, 0, 5, 4, 0, 1, 1, 9, 0, 0, 4, 4, 0, 0, 1, 9, 0);[52.05, 50, 50, 50]
(0, 0.0, 0, 5, 4, 0, 0, 1, 9, 0, 0, 5, 4, 0, 0, 1, 9, 0);[53.705000000000005, 50, 50, 50]
(0, 1.0, 0, 5, 4, 0, 0, 1, 9, 0, 0, 5, 4, 0, 0, 1, 9, 0);[67.22736445041335, 50, 50, 50]
(0, 1.0, 0, 5, 5, 0, 0, 1, 9, 0, 0, 5, 4, 0, 0, 1, 9, 0);[52.45, 50, 50, 50]
(0, 1.0, 0, 5, 4, 0, 0, 2, 9, 0, 0, 5, 4, 0, 0, 1, 9, 0);[57.137705, 50, 50, 50]
(0, 1.0, 0, 5, 4, 0, 0, 2, 9, 0, 0, 5, 4, 0, 0, 2, 9, 0);[54.745, 50, 50, 50]
(0, 1.0, 0, 6, 4, 0, 0, 2, 9, 0, 0, 5, 4, 0, 0, 2, 9, 0);[54.755, 50, 50, 50]
(0, 1.0, 0, 6, 4, 1, 0, 2, 9, 0, 0, 6, 4, 0, 0, 2, 9, 0);[55.235, 50, 50, 50]
(0, 1.0, 0, 6, 5, 1, 0, 2, 9, 0, 0, 6, 4, 0, 0, 2, 9, 0);[52.85, 50, 50, 50]
(0, 1.0, 0, 6, 5, 1, 0, 2, 9, 0, 0, 6, 4, 1, 0, 2, 9, 0);[52.85, 50, 50, 50]
(0, 1.0, 0, 6, 5, 1, 0, 2, 9, 0, 0, 6, 5, 1, 0, 2, 9, 0);[66.66820662672767, 50, 50, 50]
(0, 1.0, 0, 7, 5, 1, 0, 2, 9, 0, 0, 6, 5, 1, 0, 2, 9, 0);[55.985, 50, 50, 50]
(0, 1.0, 0, 7, 5, 1, 0, 2, 9, 0, 0, 7, 5, 1, 0, 2, 9, 0);[62.116227925, 50, 50, 50]
(0, 1.0, 0, 7, 5, 2, 0, 2, 9, 0, 0, 7, 5, 1, 0, 2, 9, 0);[59.376985, 50, 50, 50]
(0, 1.0, 0, 7, 5, 2, 0, 2, 9, 0, 0, 7, 5, 2, 0, 2, 9, 0);[72.04393615434317, 50, 50, 50]
(0, 1.0, 0, 7, 5, 2, 0, 3, 9, 0, 0, 7, 5, 2, 0, 2, 9, 0);[53.65, 50, 50, 50]
(0, 1.0, 0, 7, 6, 2, 0, 3, 9, 0, 0, 7, 5, 2, 0, 2, 9, 0);[53.65, 50, 50, 50]
(0, 1.0, 0, 7, 6, 2, 0, 3, 9, 0, 0, 7, 5, 2, 0, 3, 9, 0);[53.65, 50, 50, 50]
(0, 1.0, 0, 7, 6, 2, 0, 3, 9, 0, 0, 7, 6, 2, 0, 3, 9, 0);[71.21218283357828, 50, 50, 50]
(0, 1.0, 0, 7, 7, 2, 1, 4, 9, 0, 0, 7, 6, 2, 0, 3, 9, 0);[54.95, 50, 50, 50]
(0, 1.0, 0, 8, 7, 2, 0, 5, 9, 0, 0, 7, 6, 2, 0, 3, 9, 0);[54.85, 50, 50, 50]
(0, 1.0, 0, 8, 8, 2, 0, 5, 9, 0, 0, 8, 7, 2, 0, 5, 9, 0);[59.415, 50, 50, 50]
(0, 1.0, 0, 8, 8, 2, 0, 5, 9, 0, 0, 8, 8, 2, 0, 5, 9, 0);[89.1621553101472, 50, 50, 50]
(0, 1.0, 1, 8, 8, 2, 0, 5, 9, 0, 0, 8, 8, 2, 0, 5, 9, 0);[58.56380088500119, 50, 50, 50]
(0, 1.0, 0, 9, 8, 2, 0, 5, 9, 0, 0, 8, 8, 2, 0, 5, 9, 0);[55.35, 50, 50, 50]
(0, 1.0, 0, 9, 8, 2, 0, 6, 9, 0, 0, 9, 8, 2, 0, 5, 9, 0);[60.565, 50, 50, 50]
(0, 1.0, 0, 9, 8, 2, 1, 6, 9, 0, 0, 9, 8, 2, 0, 6, 9, 0);[60.825, 50, 50, 50]
(0, 1.0, 0, 9, 8, 2, 0, 6, 9, 0, 0, 9, 8, 2, 0, 6, 9, 0);[65.735005, 50, 50, 50]
(0, 1.0, 0, 9, 8, 3, 0, 6, 9, 0, 0, 9, 8, 2, 0, 6, 9, 0);[66.284825, 50, 50, 50]
(0, 1.0, 0, 9, 8, 3, 0, 6, 9, 0, 0, 9, 8, 3, 0, 6, 9, 0);[61.215, 50, 50, 50]
(0, 1.0, 1, 9, 8, 3, 0, 6, 9, 0, 0, 9, 8, 3, 0, 6, 9, 0);[56.05, 50, 50, 50]
(0, 1.0, 1, 9, 9, 3, 0, 6, 9, 0, 0, 9, 8, 3, 0, 6, 9, 0);[56.15, 50, 50, 50]
(0, 1.0, 1, 9, 9, 3, 0, 6, 9, 0, 0, 9, 9, 3, 0, 6, 9, 0);[56.15, 50, 50, 50]
(0, 1.0, 1, 9, 9, 3, 0, 6, 9, 0, 1, 9, 9, 3, 0, 6, 9, 0);[111.35158803904366, 50, 50, 50]
(0, 1.0, 2, 9, 9, 3, 0, 6, 9, 0, 1, 9, 9, 3, 0, 6, 9, 0);[67.494375, 50, 50, 50]
(0, 1.0, 2, 9, 9, 3, 0, 6, 9, 0, 2, 9, 9, 3, 0, 6, 9, 0);[101.74191550611494, 50, 50, 50]
(0, 1.0, 3, 9, 9, 3, 0, 6, 9, 0, 2, 9, 9, 3, 0, 6, 9, 0);[62.745, 50, 50, 50]
(0, 1.0, 3, 9, 9, 3, 0, 6, 9, 0, 3, 9, 9, 3, 0, 6, 9, 0);[57.25, 50, 50, 50]
(0, 1.0, 4, 9, 9, 3, 0, 6, 9, 0, 3, 9, 9, 3, 0, 6, 9, 0);[70.293475, 50, 50, 50]
(0, 1.0, 4, 9, 9, 3, 0, 6, 9, 0, 4, 9, 9, 3, 0, 6, 9, 0);[70.673385, 50, 50, 50]
(0, 1.0, 5, 9, 9, 3, 0, 6, 9, 0, 4, 9, 9, 3, 0, 6, 9, 0);[64.155, 50, 50, 50]
(0, 1.0, 5, 9, 9, 3, 0, 6, 9, 0, 5, 9, 9, 3, 0, 6, 9, 0);[105.54334998037577, 50, 50, 50]
(0, 1.0, 6, 9, 9, 3, 0, 6, 9, 0, 5, 9, 9, 3, 0, 6, 9, 0);[65.015, 50, 50, 50]
(0, 1.0, 6, 9, 9, 3, 0, 6, 9, 0, 6, 9, 9, 3, 0, 6, 9, 0);[110.18041191887818, 50, 50, 50]
(0, 1.0, 7, 9, 9, 3, 0, 6, 9, 0, 6, 9, 9, 3, 0, 6, 9, 0);[66.055, 50, 50, 50]
(0, 1.0, 7, 9, 9, 3, 0, 6, 9, 0, 7, 9, 9, 3, 0, 6, 9, 0);[156.55639981556308, 50, 50, 50]
(0, 1.0, 8, 9, 9, 3, 0, 6, 9, 0, 7, 9, 9, 3, 0, 6, 9, 0);[58.55, 50, 50, 50]
(0, 1.0, 8, 9, 9, 3, 0, 6, 9, 0, 8, 9, 9, 3, 0, 6, 9, 0);[92.66458545725854, 50, 58.35, 50]
(2, 0.0, 8, 9, 9, 3, 0, 6, 9, 0, 8, 9, 8, 3, 0, 6, 8, 0);[50, 57.35, 50, 50]
(2, 0.0, 8, 9, 8, 3, 0, 6, 8, 0, 8, 9, 5, 3, 0, 6, 5, 0);[56.25, 50, 50, 50]
(2, 1.0, 8, 9, 6, 3, 0, 6, 6, 0, 8, 9, 3, 3, 0, 6, 3, 0);[56.35, 50, 50, 50]
(0, 0.0, 8, 9, 6, 3, 0, 6, 6, 0, 8, 9, 1, 3, 0, 6, 1, 0);[57.05, 50, 50, 50]
(0, 0.0, 8, 9, 7, 3, 0, 6, 6, 0, 8, 9, 2, 3, 0, 6, 2, 0);[57.45, 50, 50, 50]
(0, 1.0, 8, 9, 7, 4, 0, 6, 7, 0, 8, 9, 3, 3, 0, 6, 3, 0);[57.65, 50, 50, 50]
(0, 1.0, 8, 9, 7, 4, 0, 6, 8, 0, 8, 9, 5, 3, 0, 6, 5, 0);[57.85, 50, 50, 50]
(0, 1.0, 8, 9, 7, 4, 0, 6, 9, 0, 8, 9, 6, 4, 0, 6, 6, 0);[58.05, 50, 50, 50]
(0, 1.0, 9, 9, 7, 4, 0, 6, 9, 0, 8, 9, 7, 4, 0, 6, 8, 0);[58.05, 50, 50, 50]
(0, 1.0, 9, 9, 7, 4, 0, 6, 9, 0, 9, 9, 7, 4, 0, 6, 9, 0);[89.77057946025795, 50, 57.75, 50]
(2, 0.0, 9, 9, 6, 4, 0, 6, 9, 0, 9, 9, 5, 4, 0, 6, 8, 0);[56.85, 50, 50, 50]
(2, 0.0, 9, 9, 5, 4, 0, 6, 8, 0, 9, 9, 2, 4, 0, 6, 5, 0);[55.95, 50, 50, 50]
(2, 1.0, 9, 9, 3, 4, 0, 6, 6, 0, 9, 9, 0, 4, 0, 6, 3, 0);[55.65, 50, 50, 50]
(0, 0.0, 9, 9, 3, 4, 0, 6, 6, 0, 9, 9, 0, 4, 0, 6, 1, 0);[50, 55.95, 50, 50]
(0, 0.0, 9, 9, 3, 4, 0, 6, 6, 0, 9, 9, 2, 4, 0, 6, 2, 0);[56.35, 50, 50, 50]
(0, 1.0, 9, 9, 3, 4, 0, 6, 7, 0, 9, 9, 3, 4, 0, 6, 4, 0);[56.55, 50, 50, 50]
(0, 1.0, 9, 9, 3, 4, 0, 6, 8, 0, 9, 9, 3, 4, 0, 6, 5, 0);[56.65, 50, 50, 50]
(0, 1.0, 9, 9, 3, 4, 0, 6, 8, 0, 9, 9, 3, 4, 0, 6, 6, 0);[56.85, 50, 50, 50]
(0, 1.0, 9, 9, 3, 4, 0, 6, 9, 0, 9, 9, 3, 4, 0, 6, 9, 0);[264.07057600855455, 50, 50, 50]
(0, 1.0, 9, 9, 3, 5, 0, 6, 9, 0, 9, 9, 3, 4, 0, 6, 9, 0);[62.635, 50, 50, 50]
(0, 1.0, 9, 9, 3, 5, 0, 6, 9, 0, 9, 9, 3, 5, 0, 6, 9, 0);[68.914015, 50, 50, 50]
(0, 1.0, 9, 9, 5, 5, 0, 6, 9, 0, 9, 9, 3, 5, 0, 6, 9, 0);[56.95, 50, 50, 50]
(0, 1.0, 9, 9, 4, 5, 0, 6, 9, 0, 9, 9, 3, 5, 0, 6, 9, 0);[56.95, 50, 50, 50]
(0, 1.0, 9, 9, 4, 5, 0, 6, 9, 0, 9, 9, 4, 5, 0, 6, 9, 0);[259.92650271303546, 50, 50, 50]
(0, 1.0, 9, 9, 5, 5, 0, 6, 9, 0, 9, 9, 4, 5, 0, 6, 9, 0);[57.45, 50, 50, 50]
(0, 1.0, 9, 9, 7, 5, 0, 6, 9, 0, 9, 9, 5, 5, 0, 6, 9, 0);[57.75, 50, 50, 50]
(0, 1.0, 9, 9, 7, 5, 0, 6, 9, 0, 9, 9, 6, 5, 0, 6, 9, 0);[58.05, 50, 50, 50]
(0, 1.0, 9, 9, 7, 5, 0, 6, 9, 0, 9, 9, 7, 5, 0, 6, 9, 0);[82.15173219194999, 50, 50, 57.85]
(3, 0.0, 9, 9, 7, 5, 0, 6, 9, 0, 9, 9, 7, 3, 0, 6, 9, 0);[57.25, 50, 50, 50]
(3, 0.0, 9, 9, 7, 3, 0, 6, 9, 0, 9, 9, 7, 1, 0, 6, 9, 0);[56.75, 50, 50, 50]
(3, 1.0, 9, 9, 7, 2, 0, 6, 9, 0, 9, 9, 7, 0, 0, 6, 9, 0);[56.95, 50, 50, 50]
(0, 0.0, 9, 9, 7, 2, 0, 6, 9, 0, 9, 9, 7, 1, 0, 6, 9, 0);[57.15, 50, 50, 50]
(0, 0.0, 9, 9, 7, 2, 0, 6, 9, 0, 9, 9, 7, 2, 0, 6, 9, 0);[57.35, 50, 50, 50]
(0, 1.0, 9, 9, 8, 2, 0, 6, 9, 0, 9, 9, 7, 2, 0, 6, 9, 0);[57.35, 50, 50, 50]
(0, 1.0, 9, 9, 8, 2, 0, 6, 9, 0, 9, 9, 8, 2, 0, 6, 9, 0);[483.231188610736, 50, 50, 50]
(0, 1.0, 9, 9, 8, 2, 1, 6, 9, 0, 9, 9, 8, 2, 0, 6, 9, 0);[72.3524247356653, 50, 50, 50]
(0, 1.0, 9, 9, 8, 2, 2, 6, 9, 0, 9, 9, 8, 2, 0, 6, 9, 0);[58.20735, 50, 50, 50]
(0, 1.0, 9, 9, 8, 3, 0, 6, 9, 0, 9, 9, 8, 2, 0, 6, 9, 0);[68.61401500000001, 50, 50, 50]
(0, 1.0, 9, 9, 8, 3, 0, 6, 9, 0, 9, 9, 8, 3, 0, 6, 9, 0);[50, 56.45, 50, 50]
(1, 0.0, 9, 9, 8, 3, 0, 6, 9, 0, 8, 9, 8, 3, 0, 5, 9, 0);[55.65, 50, 50, 50]
(1, 0.0, 8, 8, 8, 3, 0, 5, 9, 0, 6, 6, 8, 3, 0, 2, 9, 0);[54.55, 50, 50, 50]
(1, 1.0, 8, 7, 8, 3, 0, 3, 9, 0, 7, 5, 8, 3, 0, 0, 9, 0);[50, 53.55, 50, 50]
(1, 1.0, 8, 6, 8, 3, 0, 2, 9, 0, 7, 4, 8, 3, 0, 0, 9, 0);[53.45, 50, 50, 50]
(0, 0.0, 7, 7, 8, 3, 0, 1, 9, 0, 5, 4, 8, 3, 0, 0, 9, 0);[53.25, 50, 50, 50]
(0, 0.0, 5, 8, 8, 3, 0, 1, 9, 0, 3, 5, 8, 3, 0, 1, 9, 0);[52.95, 50, 50, 50]
(0, 1.0, 3, 8, 8, 3, 0, 1, 9, 0, 3, 5, 8, 3, 0, 1, 9, 0);[53.05, 50, 50, 50]
(0, 1.0, 3, 8, 8, 3, 0, 1, 9, 0, 3, 6, 8, 3, 0, 1, 9, 0);[53.45, 50, 50, 50]
(0, 1.0, 3, 8, 8, 3, 0, 1, 9, 0, 3, 8, 8, 3, 0, 1, 9, 0);[105.61360925895612, 50, 50, 50]
(0, 1.0, 3, 8, 8, 3, 1, 1, 9, 0, 3, 8, 8, 3, 0, 1, 9, 0);[54.878126401304996, 50, 50, 50]
(0, 1.0, 3, 8, 8, 3, 1, 2, 9, 0, 3, 8, 8, 3, 0, 1, 9, 0);[60.866445, 50, 50, 50]
(0, 1.0, 3, 8, 8, 3, 1, 2, 9, 0, 3, 8, 8, 3, 1, 2, 9, 0);[54.05, 50, 50, 50]
(0, 1.0, 3, 8, 8, 3, 2, 2, 9, 0, 3, 8, 8, 3, 1, 2, 9, 0);[54.15, 50, 50, 50]
(0, 1.0, 3, 8, 8, 3, 3, 2, 9, 0, 3, 8, 8, 3, 1, 2, 9, 0);[54.35, 50, 50, 50]
(0, 1.0, 3, 8, 8, 3, 3, 3, 9, 0, 3, 8, 8, 3, 2, 2, 9, 0);[54.45, 50, 50, 50]
(0, 1.0, 3, 8, 8, 3, 4, 3, 9, 0, 3, 8, 8, 3, 3, 2, 9, 0);[54.45, 50, 50, 50]
(0, 1.0, 3, 8, 8, 3, 3, 3, 9, 0, 3, 8, 8, 3, 3, 3, 9, 0);[86.47808399987416, 50, 50, 50]
(0, 1.0, 3, 8, 8, 3, 4, 3, 9, 0, 3, 8, 8, 3, 4, 3, 9, 0);[62.835905, 50, 50, 50]
(0, 1.0, 3, 8, 8, 3, 4, 3, 9, 0, 3, 8, 8, 3, 3, 3, 9, 0);[59.09545, 50, 50, 50]
(0, 1.0, 3, 8, 8, 3, 5, 3, 9, 0, 3, 8, 8, 3, 4, 3, 9, 0);[58.835, 50, 50, 50]
(0, 1.0, 3, 8, 8, 3, 5, 3, 9, 0, 3, 8, 8, 3, 5, 3, 9, 0);[67.39244918499999, 50, 50, 50]
(0, 1.0, 3, 8, 8, 3, 6, 3, 9, 0, 3, 8, 8, 3, 5, 3, 9, 0);[55.15, 50, 50, 50]
(0, 1.0, 3, 8, 8, 3, 7, 4, 9, 0, 3, 8, 8, 3, 5, 3, 9, 0);[55.25, 50, 50, 50]
(0, 1.0, 3, 8, 8, 3, 7, 4, 9, 0, 3, 8, 8, 3, 7, 3, 9, 0);[55.25, 50, 50, 50]
(0, 1.0, 3, 8, 8, 3, 7, 4, 9, 0, 3, 8, 8, 3, 7, 4, 9, 0);[64.795275, 50, 50, 50]
(0, 1.0, 3, 8, 9, 3, 7, 4, 9, 0, 3, 8, 8, 3, 7, 4, 9, 0);[55.35, 50, 50, 50]
(0, 1.0, 3, 8, 9, 3, 7, 4, 9, 0, 3, 8, 9, 3, 7, 4, 9, 0);[375.6412172979472, 50, 50, 50]
(0, 1.0, 3, 8, 9, 3, 8, 4, 9, 0, 3, 8, 9, 3, 7, 4, 9, 0);[55.35, 50, 50, 50]
(0, 1.0, 3, 8, 9, 3, 8, 4, 9, 0, 3, 8, 9, 3, 8, 4, 9, 0);[108.55663098696924, 55.15, 50, 50]
(1, 0.0, 3, 8, 9, 3, 8, 3, 9, 0, 2, 7, 9, 3, 8, 2, 9, 0);[54.35, 50, 50, 50]
(1, 0.0, 2, 7, 9, 3, 8, 2, 9, 0, 2, 4, 9, 3, 8, 0, 9, 0);[53.35, 50, 50, 50]
(1, 1.0, 2, 6, 9, 3, 8, 1, 9, 0, 2, 2, 9, 3, 8, 0, 9, 0);[53.15, 50, 50, 50]
(0, 0.0, 2, 7, 9, 3, 8, 0, 9, 0, 2, 1, 9, 3, 8, 0, 9, 0);[53.45, 50, 50, 50]
(0, 0.0, 2, 7, 9, 3, 8, 0, 9, 0, 2, 3, 9, 3, 8, 0, 9, 0);[53.75, 50, 50, 50]
(0, 1.0, 1, 8, 9, 3, 8, 0, 9, 0, 0, 4, 9, 3, 8, 0, 9, 0);[53.85, 50, 50, 50]
(0, 1.0, 1, 8, 9, 3, 8, 0, 9, 0, 0, 5, 9, 3, 8, 0, 9, 0);[53.85, 50, 50, 50]
(0, 1.0, 1, 9, 9, 3, 8, 0, 9, 0, 0, 6, 9, 3, 8, 0, 9, 0);[53.95, 50, 50, 50]
(0, 1.0, 2, 9, 9, 3, 8, 0, 9, 0, 0, 8, 9, 3, 8, 0, 9, 0);[53.95, 50, 50, 50]
(0, 1.0, 2, 9, 9, 3, 8, 0, 9, 0, 0, 9, 9, 3, 8, 0, 9, 0);[54.15, 50, 50, 50]
(0, 1.0, 3, 9, 9, 3, 8, 0, 9, 0, 1, 9, 9, 3, 8, 0, 9, 0);[54.45, 50, 50, 50]
(0, 1.0, 4, 9, 9, 3, 8, 0, 9, 0, 2, 9, 9, 3, 8, 0, 9, 0);[54.55, 50, 50, 50]
(0, 1.0, 5, 9, 9, 3, 8, 0, 9, 0, 3, 9, 9, 3, 8, 0, 9, 0);[54.75, 50, 50, 50]
(0, 1.0, 6, 9, 9, 3, 8, 0, 9, 0, 4, 9, 9, 3, 8, 0, 9, 0);[54.95, 50, 50, 50]
(0, 1.0, 7, 9, 9, 3, 8, 0, 9, 0, 5, 9, 9, 3, 8, 0, 9, 0);[55.15, 50, 50, 50]
(0, 1.0, 8, 9, 9, 3, 8, 0, 9, 0, 6, 9, 9, 3, 8, 0, 9, 0);[55.35, 50, 50, 50]
(0, 1.0, 8, 9, 9, 3, 8, 0, 9, 0, 7, 9, 9, 3, 8, 0, 9, 0);[55.45, 50, 50, 50]
(0, 1.0, 9, 9, 9, 3, 8, 0, 9, 0, 8, 9, 9, 3, 8, 0, 9, 0);[55.45, 50, 50, 50]
(0, 1.0, 9, 9, 9, 3, 8, 0, 9, 0, 9, 9, 9, 3, 8, 0, 9, 0);[322.7217258903412, 50, 50, 50]
(0, 1.0, 9, 9, 9, 3, 9, 0, 9, 0, 9, 9, 9, 3, 8, 0, 9, 0);[55.75, 50, 50, 50]
(0, 1.0, 9, 9, 9, 3, 9, 0, 9, 0, 9, 9, 9, 3, 9, 0, 9, 0);[287.3585883873136, 50, 50, 50]
(0, 1.0, 9, 9, 9, 3, 9, 1, 9, 0, 9, 9, 9, 3, 9, 0, 9, 0);[66.094825, 50, 50, 50]
(0, 1.0, 9, 9, 9, 3, 9, 1, 9, 0, 9, 9, 9, 3, 9, 1, 9, 0);[665.1715756616343, 50, 55.75, 50]
(2, 0.0, 9, 9, 9, 3, 9, 1, 9, 0, 9, 9, 8, 3, 9, 1, 9, 0);[55.35, 50, 50, 50]
(2, 0.0, 9, 9, 8, 3, 9, 1, 9, 0, 9, 9, 5, 3, 9, 1, 9, 0);[54.75, 50, 50, 50]
(2, 1.0, 9, 9, 6, 3, 9, 1, 9, 0, 9, 9, 2, 3, 9, 1, 9, 0);[54.85, 50, 50, 50]
(0, 0.0, 9, 9, 6, 3, 9, 1, 9, 0, 9, 9, 1, 3, 9, 1, 9, 0);[55.05, 50, 50, 50]
(0, 0.0, 9, 9, 6, 3, 9, 1, 9, 0, 9, 9, 2, 3, 9, 1, 9, 0);[55.55, 50, 50, 50]
(0, 1.0, 9, 9, 7, 4, 9, 1, 9, 0, 9, 9, 3, 3, 9, 1, 9, 0);[55.75, 50, 50, 50]
(0, 1.0, 9, 9, 7, 5, 9, 1, 9, 0, 9, 9, 6, 3, 9, 1, 9, 0);[55.75, 50, 50, 50]
(0, 1.0, 9, 9, 6, 6, 9, 1, 9, 0, 9, 9, 6, 3, 9, 1, 9, 0);[55.75, 50, 50, 50]
(0, 1.0, 9, 9, 6, 6, 9, 1, 9, 0, 9, 9, 6, 5, 9, 1, 9, 0);[55.75, 50, 50, 50]
(0, 1.0, 9, 9, 6, 6, 9, 1, 9, 0, 9, 9, 6, 6, 9, 1, 9, 0);[115.03159895445394, 56.05, 50, 50]
(1, 0.0, 8, 9, 6, 6, 9, 1, 9, 0, 8, 9, 6, 6, 9, 0, 9, 0);[55.35, 50, 50, 50]
(1, 0.0, 8, 8, 6, 6, 9, 0, 9, 0, 8, 6, 6, 6, 9, 0, 9, 0);[55.25, 50, 50, 50]
(1, 1.0, 8, 9, 6, 6, 9, 0, 9, 0, 7, 5, 6, 6, 9, 0, 9, 0);[55.35, 50, 50, 50]
(0, 0.0, 7, 9, 6, 6, 9, 0, 9, 0, 6, 4, 6, 6, 9, 0, 9, 0);[54.85, 50, 50, 50]
(0, 0.0, 6, 9, 6, 6, 9, 0, 9, 0, 6, 5, 6, 6, 9, 0, 9, 0);[54.85, 50, 50, 50]
(0, 1.0, 6, 9, 6, 6, 9, 0, 9, 0, 6, 7, 6, 6, 9, 0, 9, 0);[55.15, 50, 50, 50]
(0, 1.0, 6, 9, 6, 6, 9, 0, 9, 0, 6, 9, 6, 6, 9, 0, 9, 0);[172.0683079789547, 50, 50, 50]
(0, 1.0, 6, 9, 7, 6, 9, 0, 9, 0, 6, 9, 7, 6, 9, 0, 9, 0);[55.35, 50, 50, 50]
(0, 1.0, 6, 9, 6, 7, 9, 0, 9, 0, 6, 9, 6, 6, 9, 0, 9, 0);[55.35, 50, 50, 50]
(0, 1.0, 6, 9, 6, 7, 9, 0, 9, 0, 6, 9, 6, 7, 9, 0, 9, 0);[183.86679941783646, 50, 50, 50]
(0, 1.0, 6, 9, 7, 7, 9, 0, 9, 0, 6, 9, 7, 7, 9, 0, 9, 0);[404.9649877575681, 50, 50, 50]
(0, 1.0, 6, 9, 7, 7, 9, 0, 9, 0, 6, 9, 6, 7, 9, 0, 9, 0);[55.98955, 50, 50, 50]
(0, 1.0, 6, 9, 7, 8, 9, 0, 9, 0, 6, 9, 7, 7, 9, 0, 9, 0);[60.355000000000004, 50, 50, 50]
(0, 1.0, 6, 9, 7, 8, 9, 0, 9, 0, 6, 9, 7, 8, 9, 0, 9, 0);[525.6967447112511, 50, 50, 50]
(0, 1.0, 6, 9, 7, 9, 9, 0, 9, 0, 6, 9, 7, 8, 9, 0, 9, 0);[55.45, 50, 50, 50]
(0, 1.0, 6, 9, 7, 9, 9, 0, 9, 0, 6, 9, 7, 9, 9, 0, 9, 0);[967.2790461627937, 50, 50, 50]
(0, 1.0, 6, 9, 8, 9, 9, 0, 9, 0, 6, 9, 7, 9, 9, 0, 9, 0);[55.15, 50, 50, 50]
(0, 1.0, 6, 9, 8, 9, 9, 0, 9, 0, 6, 9, 8, 9, 9, 0, 9, 0);[150.45826675699922, 50, 50, 50]
(0, 1.0, 6, 9, 9, 9, 9, 0, 9, 0, 6, 9, 9, 9, 9, 0, 9, 0);[1111.22705946863, 50, 55.05, 50]
(0, 1.0, 6, 9, 9, 9, 9, 0, 9, 0, 6, 9, 8, 9, 9, 0, 9, 0);[55.76975, 50, 50, 50]
(2, 0.0, 6, 9, 9, 9, 9, 0, 9, 0, 6, 9, 8, 9, 9, 0, 9, 0);[54.65, 50, 50, 50]
(2, 0.0, 6, 9, 8, 9, 9, 0, 9, 0, 6, 9, 5, 9, 9, 0, 9, 0);[54.15, 50, 50, 50]
(2, 1.0, 6, 9, 6, 9, 9, 0, 9, 0, 6, 9, 3, 9, 9, 0, 9, 0);[54.25, 50, 50, 50]
(0, 0.0, 6, 9, 6, 9, 9, 0, 9, 0, 6, 9, 3, 9, 9, 0, 9, 0);[54.55, 50, 50, 50]
(0, 0.0, 6, 9, 6, 9, 9, 0, 9, 0, 6, 9, 4, 9, 9, 0, 9, 0);[54.65, 50, 50, 50]
(0, 1.0, 6, 9, 6, 9, 9, 0, 9, 0, 6, 9, 6, 9, 9, 0, 9, 0);[1652.9993327883933, 50, 53.45, 50]
(2, 0.0, 6, 9, 6, 9, 9, 0, 9, 0, 6, 9, 5, 9, 9, 0, 9, 0);[52.95, 50, 50, 50]
(2, 0.0, 6, 9, 5, 9, 9, 0, 9, 0, 6, 9, 2, 9, 9, 0, 9, 0);[52.45, 50, 50, 50]
(2, 1.0, 6, 9, 3, 9, 9, 0, 9, 0, 6, 9, 2, 9, 9, 0, 9, 0);[52.65, 50, 50, 50]
(0, 0.0, 6, 9, 3, 9, 9, 0, 9, 0, 6, 9, 3, 9, 9, 0, 9, 0);[55.515, 50, 50, 50]
(0, 1.0, 6, 9, 3, 9, 9, 0, 9, 0, 6, 9, 3, 9, 9, 0, 9, 0);[346.8380033086767, 50, 52.75, 50]
(2, 0.0, 6, 9, 2, 9, 9, 0, 9, 0, 6, 9, 2, 9, 9, 0, 9, 0);[1168.107290280263, 231.17100434723696, 50, 50]
(2, 1.0, 6, 9, 2, 9, 9, 0, 9, 0, 6, 9, 2, 9, 9, 0, 9, 0);[2054.8459133143774, 50, 50, 50]
(0, 0.0, 6, 9, 2, 9, 9, 0, 9, 0, 6, 9, 2, 9, 9, 0, 9, 0);[2596.087824541945, 50, 50, 50]
(0, 1.0, 6, 9, 2, 9, 9, 0, 9, 0, 6, 9, 2, 9, 9, 0, 9, 0);[2599.9998840687035, 1127.3251919013226, 583.2611794833842, 471.923101257399]
(1, 0.0, 6, 9, 2, 9, 9, 0, 9, 0, 6, 9, 2, 9, 9, 0, 9, 0);[1788.3976899743293, 50, 50, 50]
(1, 1.0, 6, 9, 2, 9, 9, 0, 9, 0, 6, 9, 2, 9, 9, 0, 9, 0);[2344.237547269837, 50, 50, 50]
(3, 0.0, 6, 9, 2, 9, 9, 0, 9, 0, 6, 9, 2, 8, 9, 0, 9, 0);[52.45, 50, 50, 50]
(3, 0.0, 6, 9, 2, 9, 9, 0, 9, 0, 6, 9, 2, 6, 9, 0, 9, 0);[52.45, 50, 50, 50]
(3, 1.0, 6, 9, 2, 9, 9, 0, 9, 0, 6, 9, 2, 6, 9, 0, 9, 0);[52.45, 50, 50, 50]
(0, 0.0, 6, 9, 2, 9, 9, 0, 9, 0, 6, 9, 2, 5, 9, 0, 9, 0);[52.45, 50, 50, 50]
(0, 0.0, 6, 9, 2, 9, 9, 0, 9, 0, 6, 9, 2, 6, 9, 0, 9, 0);[52.45, 50, 50, 50]
(0, 1.0, 6, 9, 2, 9, 9, 0, 9, 0, 6, 9, 2, 8, 9, 0, 9, 0);[300.27679218567147, 50, 50, 50]
(3, 0.0, 6, 9, 2, 9, 9, 0, 9, 0, 6, 9, 2, 9, 9, 0, 9, 0);[1083.7070657463164, 50, 50, 50]
(3, 1.0, 6, 9, 2, 9, 9, 0, 9, 0, 6, 9, 2, 9, 9, 0, 9, 0);[1953.0326372835957, 50, 50, 50]
