(0, 0.0, 0, 0, 0, 0, 0, 0, 0, 0, 0, 0, 0, 0, 0, 0, 0, 0);[5.550000000000001, 0, 0, 0]
(0, 0.0, 0, 0, 1, 0, 0, 0, 0, 0, 0, 0, 0, 0, 0, 0, 0, 0);[50.845, 50, 50, 50]
(0, 1.0, 0, 0, 1, 0, 0, 0, 0, 0, 0, 0, 0, 0, 0, 0, 0, 0);[50.25, 50, 50, 50]
(0, 1.0, 0, 0, 1, 0, 0, 0, 0, 0, 0, 0, 1, 0, 0, 0, 0, 0);[60.37073030701424, 50, 50, 50]
(0, 1.0, 0, 0, 1, 1, 0, 0, 0, 0, 0, 0, 1, 0, 0, 0, 0, 0);[51.05, 50, 50, 50]
(0, 1.0, 0, 0, 2, 1, 0, 0, 0, 0, 0, 0, 1, 0, 0, 0, 0, 0);[51.605000000000004, 50, 50, 50]
(0, 1.0, 0, 0, 2, 1, 0, 0, 1, 0, 0, 0, 2, 1, 0, 0, 0, 0);[52.379325, 50, 50, 50]
(0, 1.0, 0, 0, 2, 1, 0, 0, 1, 0, 0, 0, 2, 1, 0, 0, 1, 0);[67.9281117454421, 50, 50, 50]
(0, 1.0, 0, 0, 3, 1, 0, 1, 1, 0, 0, 0, 2, 1, 0, 0, 1, 0);[53.958695, 50, 50, 50]
(0, 1.0, 0, 0, 3, 1, 0, 1, 1, 0, 0, 0, 3, 1, 0, 1, 1, 0);[52.865, 50, 50, 51.15]
(0, 1.0, 1, 0, 3, 1, 0, 1, 1, 0, 0, 0, 3, 1, 0, 1, 1, 0);[53.208635, 50, 50, 50]
(3, 0.0, 0, 0, 3, 1, 0, 1, 1, 0, 0, 0, 3, 0, 0, 1, 1, 0);[50.75, 50, 50, 50]
(3, 0.0, 0, 0, 3, 0, 0, 1, 1, 0, 0, 0, 3, 0, 0, 1, 1, 0);[50.65, 50, 50, 50]
(3, 1.0, 0, 0, 3, 0, 0, 1, 1, 0, 0, 0, 3, 0, 0, 1, 1, 0);[50.65, 50, 50, 50]
(0, 0.0, 0, 0, 3, 0, 0, 1, 1, 0, 0, 0, 3, 0, 0, 1, 1, 0);[51.425, 50, 50, 50]
(0, 1.0, 0, 0, 3, 0, 0, 1, 1, 0, 0, 0, 3, 0, 0, 1, 1, 0);[62.84502203306847, 50, 50, 50]
(0, 1.0, 0, 0, 4, 0, 0, 2, 1, 0, 0, 0, 3, 0, 0, 1, 1, 0);[52.89855, 50, 50, 51.25]
(3, 0.0, 0, 0, 4, 0, 0, 2, 2, 0, 0, 0, 4, 0, 0, 2, 1, 0);[52.475, 50, 50, 50]
(3, 1.0, 0, 0, 4, 0, 0, 2, 2, 0, 0, 0, 4, 0, 0, 2, 2, 0);[51.25, 50, 50, 50]
(0, 0.0, 0, 0, 4, 0, 0, 2, 2, 0, 0, 0, 4, 0, 0, 2, 2, 0);[52.375, 50, 50, 50]
(0, 1.0, 0, 0, 4, 0, 0, 2, 2, 0, 0, 0, 4, 0, 0, 2, 2, 0);[76.01895493156182, 50, 51.15, 50]
(2, 0.0, 0, 0, 3, 0, 0, 2, 2, 0, 0, 0, 2, 0, 0, 2, 1, 0);[50.85, 50, 50, 50]
(2, 0.0, 0, 0, 3, 0, 0, 3, 0, 0, 0, 0, 0, 0, 0, 2, 0, 0);[50.05, 50, 50, 50]
(2, 1.0, 0, 0, 2, 0, 0, 3, 0, 0, 0, 0, 0, 0, 0, 2, 0, 0);[50.25, 50, 50, 50]
(0, 0.0, 0, 0, 2, 0, 0, 3, 0, 0, 0, 0, 0, 0, 0, 3, 0, 0);[50.25, 50, 50, 50]
(0, 0.0, 0, 1, 2, 0, 0, 3, 0, 0, 0, 0, 1, 0, 0, 3, 0, 0);[50.45, 50, 50, 50]
(0, 1.0, 0, 1, 2, 0, 0, 3, 0, 0, 0, 0, 2, 0, 0, 3, 0, 0);[51.435, 50, 50, 50]
(0, 1.0, 0, 1, 2, 0, 0, 3, 0, 0, 0, 1, 2, 0, 0, 3, 0, 0);[67.05607506133059, 50, 50, 50]
(0, 1.0, 0, 1, 3, 1, 1, 3, 0, 0, 0, 1, 2, 0, 0, 3, 0, 0);[52.544999999999995, 50, 50, 50]
(0, 1.0, 0, 1, 3, 1, 0, 3, 0, 0, 0, 1, 3, 1, 0, 3, 0, 0);[52.005, 50, 50, 50]
(0, 1.0, 0, 1, 3, 1, 0, 3, 1, 0, 0, 1, 3, 1, 0, 3, 0, 0);[53.398875000000004, 50, 50, 50]
(0, 1.0, 0, 1, 3, 1, 0, 3, 1, 0, 0, 1, 3, 1, 0, 3, 1, 0);[50, 50, 50, 51.25]
(3, 0.0, 0, 1, 3, 0, 0, 3, 1, 0, 0, 1, 3, 0, 0, 3, 1, 0);[51.905, 50, 50, 50]
(3, 1.0, 0, 1, 3, 0, 0, 3, 1, 0, 0, 1, 3, 0, 0, 3, 1, 0);[51.15, 50, 50, 50]
(0, 0.0, 0, 1, 3, 0, 0, 3, 1, 0, 0, 1, 3, 0, 0, 3, 1, 0);[52.375, 50, 50, 50]
(0, 1.0, 0, 1, 3, 0, 0, 3, 1, 0, 0, 1, 3, 0, 0, 3, 1, 0);[71.50912295882917, 50, 50, 50]
(0, 1.0, 0, 1, 4, 0, 0, 3, 1, 0, 0, 1, 3, 0, 0, 3, 1, 0);[53.985, 50, 50, 50]
(0, 1.0, 0, 1, 4, 0, 0, 3, 1, 0, 0, 1, 4, 0, 0, 3, 1, 0);[87.4332611639731, 50, 50, 50]
(0, 1.0, 1, 1, 4, 0, 0, 3, 1, 0, 0, 1, 4, 0, 0, 3, 1, 0);[57.04203747464929, 50, 50, 50]
(0, 1.0, 2, 2, 4, 0, 0, 3, 1, 0, 0, 1, 4, 0, 0, 3, 1, 0);[52.45, 50, 50, 50]
(0, 1.0, 2, 1, 4, 0, 0, 3, 1, 0, 0, 1, 4, 0, 0, 3, 1, 0);[52.20245, 50, 50, 50]
(0, 1.0, 0, 1, 5, 1, 0, 4, 1, 0, 0, 1, 4, 0, 0, 3, 1, 0);[55.325, 50, 50, 50]
(0, 1.0, 0, 1, 5, 1, 0, 4, 1, 0, 0, 1, 5, 0, 0, 4, 1, 0);[52.75, 50, 50, 50]
(0, 1.0, 0, 1, 5, 1, 0, 4, 2, 0, 0, 1, 5, 1, 0, 4, 1, 0);[52.75, 50, 50, 50]
(0, 1.0, 0, 1, 5, 1, 0, 4, 2, 0, 0, 1, 5, 1, 0, 4, 2, 0);[72.62026109666392, 50, 52.55, 50]
(2, 0.0, 0, 1, 4, 1, 0, 4, 1, 0, 0, 1, 3, 1, 0, 4, 0, 0);[51.65, 50, 50, 50]
(2, 0.0, 0, 1, 3, 1, 0, 4, 0, 0, 0, 1, 1, 1, 0, 4, 0, 0);[50.85, 50, 50, 50]
(2, 1.0, 0, 1, 2, 1, 0, 4, 0, 0, 0, 1, 0, 1, 0, 4, 0, 0);[51.15, 50, 50, 50]
(0, 0.0, 0, 1, 2, 1, 0, 4, 0, 0, 0, 1, 0, 1, 0, 4, 0, 0);[51.55, 50, 50, 50]
(0, 0.0, 0, 1, 2, 1, 0, 4, 0, 0, 0, 1, 2, 1, 0, 4, 0, 0);[51.55, 50, 50, 50]
(0, 1.0, 0, 1, 2, 1, 0, 4, 0, 0, 0, 1, 2, 1, 0, 4, 0, 0);[66.58649300695134, 50, 50, 50]
(0, 1.0, 0, 1, 3, 1, 0, 5, 0, 0, 0, 1, 2, 1, 0, 4, 0, 0);[54.375, 50, 50, 50]
(0, 1.0, 0, 1, 3, 1, 0, 5, 0, 0, 0, 1, 2, 1, 0, 5, 0, 0);[52.15, 50, 50, 50]
(0, 1.0, 0, 1, 3, 1, 0, 5, 0, 0, 0, 1, 3, 1, 0, 5, 0, 0);[65.50352657419523, 50, 50, 52.15]
(3, 0.0, 0, 1, 3, 1, 0, 5, 0, 0, 0, 1, 3, 0, 0, 5, 0, 0);[51.65, 50, 50, 50]
(3, 0.0, 0, 1, 3, 0, 0, 5, 0, 0, 0, 1, 3, 0, 0, 5, 0, 0);[51.65, 50, 50, 50]
(3, 1.0, 0, 1, 3, 0, 0, 5, 0, 0, 0, 1, 3, 0, 0, 5, 0, 0);[51.75, 50, 50, 50]
(0, 0.0, 0, 1, 3, 0, 0, 5, 0, 0, 0, 1, 3, 0, 0, 5, 0, 0);[53.705000000000005, 50, 50, 50]
(0, 1.0, 0, 1, 3, 0, 0, 5, 0, 0, 0, 1, 3, 0, 0, 5, 0, 0);[73.49455523266333, 50, 50, 50]
(0, 1.0, 0, 1, 4, 0, 0, 6, 0, 0, 0, 1, 3, 0, 0, 5, 0, 0);[52.55, 50, 50, 50]
(0, 1.0, 0, 1, 4, 0, 0, 6, 0, 0, 0, 1, 3, 0, 0, 6, 0, 0);[52.55, 50, 50, 50]
(0, 1.0, 0, 1, 4, 0, 0, 6, 0, 0, 0, 1, 4, 0, 0, 6, 0, 0);[52.25, 50, 50, 50]
(0, 1.0, 0, 1, 4, 0, 0, 6, 1, 0, 0, 1, 4, 0, 0, 6, 0, 0);[54.375, 50, 50, 50]
(0, 1.0, 0, 1, 4, 0, 0, 6, 1, 0, 0, 1, 4, 0, 0, 6, 1, 0);[69.8008982920684, 50, 50, 50]
(0, 1.0, 0, 1, 4, 0, 0, 6, 2, 0, 0, 1, 4, 0, 0, 6, 1, 0);[55.515, 50, 50, 50]
(0, 1.0, 0, 1, 4, 0, 0, 6, 3, 0, 0, 1, 4, 0, 0, 6, 1, 0);[52.95, 50, 50, 50]
(0, 1.0, 0, 1, 4, 0, 0, 6, 3, 0, 0, 1, 4, 0, 0, 6, 3, 0);[82.60941220007538, 50, 50, 50]
(0, 1.0, 0, 1, 5, 1, 0, 6, 3, 0, 0, 1, 4, 0, 0, 6, 3, 0);[56.345, 50, 50, 50]
(0, 1.0, 0, 1, 5, 1, 0, 6, 3, 0, 0, 1, 5, 1, 0, 6, 3, 0);[62.106317835, 50, 50, 50]
(0, 1.0, 0, 1, 5, 1, 0, 6, 4, 0, 0, 1, 5, 1, 0, 6, 3, 0);[56.175, 50, 50, 50]
(0, 1.0, 0, 1, 5, 1, 0, 6, 4, 0, 0, 1, 5, 1, 0, 6, 4, 0);[93.28965570905571, 50, 53.05, 50]
(2, 0.0, 0, 1, 4, 1, 0, 6, 3, 0, 0, 1, 3, 1, 0, 6, 2, 0);[52.25, 50, 50, 50]
(2, 0.0, 0, 1, 3, 1, 0, 6, 2, 0, 0, 1, 1, 1, 0, 6, 0, 0);[51.25, 50, 50, 50]
(2, 1.0, 0, 1, 2, 1, 0, 6, 0, 0, 0, 1, 0, 1, 0, 6, 0, 0);[51.25, 50, 50, 50]
(0, 0.0, 0, 1, 2, 1, 0, 6, 0, 0, 0, 1, 0, 1, 0, 6, 0, 0);[51.65, 50, 50, 50]
(0, 0.0, 0, 1, 2, 1, 0, 6, 0, 0, 0, 1, 2, 1, 0, 6, 0, 0);[51.85, 50, 50, 50]
(0, 1.0, 0, 1, 2, 1, 0, 6, 0, 0, 0, 1, 2, 1, 0, 6, 0, 0);[52.25, 50, 50, 50]
(0, 1.0, 0, 1, 2, 1, 0, 7, 0, 0, 0, 1, 2, 1, 0, 6, 0, 0);[52.45, 50, 50, 50]
(0, 1.0, 0, 1, 3, 1, 0, 7, 0, 0, 0, 1, 2, 1, 0, 6, 0, 0);[52.45, 50, 50, 50]
(0, 1.0, 0, 1, 3, 1, 0, 7, 0, 0, 0, 1, 2, 1, 0, 7, 0, 0);[52.35, 50, 50, 50]
(0, 1.0, 0, 1, 3, 1, 0, 7, 1, 0, 0, 1, 3, 1, 0, 7, 0, 0);[56.957885, 50, 50, 50]
(0, 1.0, 0, 1, 3, 1, 0, 7, 1, 0, 0, 1, 3, 1, 0, 7, 1, 0);[79.04092781763423, 52.25, 50, 50]
(1, 0.0, 0, 1, 3, 1, 0, 7, 1, 0, 0, 0, 3, 1, 0, 6, 1, 0);[51.35, 50, 50, 50]
(1, 0.0, 0, 0, 3, 1, 0, 6, 1, 0, 0, 0, 3, 1, 0, 3, 1, 0);[50.85, 50, 50, 50]
(1, 1.0, 0, 0, 3, 1, 0, 4, 1, 0, 0, 0, 3, 1, 0, 1, 1, 0);[50.95, 50, 50, 50]
(0, 0.0, 0, 0, 3, 1, 0, 4, 1, 0, 0, 0, 3, 1, 0, 0, 1, 0);[51.05, 50, 50, 50]
(0, 0.0, 0, 0, 3, 1, 0, 4, 1, 0, 0, 0, 3, 1, 0, 1, 1, 0);[51.05, 50, 50, 50]
(0, 1.0, 0, 0, 3, 1, 0, 4, 1, 0, 0, 0, 3, 1, 0, 2, 1, 0);[51.05, 50, 50, 50]
(0, 1.0, 0, 0, 3, 1, 0, 4, 1, 0, 0, 0, 3, 1, 0, 4, 1, 0);[54.482165945, 50, 50, 50]
(0, 1.0, 0, 0, 4, 2, 0, 5, 1, 0, 0, 0, 3, 1, 0, 4, 1, 0);[53.135, 50, 50, 50]
(0, 1.0, 0, 0, 4, 2, 0, 5, 1, 0, 0, 0, 3, 2, 0, 5, 1, 0);[51.35, 50, 50, 50]
(0, 1.0, 0, 0, 4, 2, 0, 5, 2, 0, 0, 0, 4, 2, 0, 5, 1, 0);[52.765, 50, 50, 50]
(0, 1.0, 0, 0, 4, 2, 0, 5, 2, 0, 0, 0, 4, 2, 0, 5, 2, 0);[54.34545155, 50, 50, 51.25]
(3, 0.0, 0, 0, 4, 1, 0, 5, 2, 0, 0, 0, 4, 0, 0, 5, 2, 0);[50.85, 50, 50, 50]
(3, 0.0, 0, 0, 4, 0, 0, 5, 2, 0, 0, 0, 4, 0, 0, 5, 2, 0);[50.65, 50, 50, 50]
(3, 1.0, 0, 0, 4, 0, 0, 5, 2, 0, 0, 0, 4, 0, 0, 5, 2, 0);[50.75, 50, 50, 50]
(0, 0.0, 0, 0, 4, 0, 0, 5, 2, 0, 0, 0, 4, 0, 0, 5, 2, 0);[51.995, 50, 50, 50]
(0, 1.0, 0, 0, 4, 0, 0, 5, 2, 0, 0, 0, 4, 0, 0, 5, 2, 0);[64.79434803594405, 50, 50, 50]
(0, 1.0, 0, 0, 5, 0, 1, 5, 2, 0, 0, 0, 4, 0, 0, 5, 2, 0);[53.135, 50, 50, 50]
(0, 1.0, 0, 0, 5, 0, 1, 5, 2, 0, 0, 0, 5, 0, 0, 5, 2, 0);[51.25, 50, 50, 50]
(0, 1.0, 0, 0, 5, 0, 0, 5, 2, 0, 0, 0, 5, 0, 0, 5, 2, 0);[79.46381550226246, 50, 50, 50]
(0, 1.0, 0, 0, 6, 1, 1, 5, 2, 0, 0, 0, 5, 0, 0, 5, 2, 0);[51.85, 50, 50, 50]
(0, 1.0, 0, 0, 6, 1, 1, 5, 2, 0, 0, 0, 6, 0, 0, 5, 2, 0);[51.75, 50, 50, 50]
(0, 1.0, 0, 0, 6, 1, 0, 5, 2, 0, 0, 0, 6, 0, 0, 5, 2, 0);[51.35, 50, 50, 50]
(0, 1.0, 0, 0, 6, 1, 0, 5, 3, 0, 0, 0, 6, 1, 0, 5, 2, 0);[52.855000000000004, 50, 50, 50]
(0, 1.0, 0, 0, 6, 1, 0, 5, 3, 0, 0, 0, 6, 1, 0, 5, 3, 0);[81.47274821227805, 50, 50, 50]
(0, 1.0, 0, 0, 7, 1, 1, 5, 3, 0, 0, 0, 6, 1, 0, 5, 3, 0);[52.05, 50, 50, 50]
(0, 1.0, 0, 0, 7, 1, 1, 5, 3, 0, 0, 0, 7, 1, 0, 5, 3, 0);[51.75, 50, 50, 50]
(0, 1.0, 0, 0, 7, 1, 0, 5, 3, 0, 0, 0, 7, 1, 0, 5, 3, 0);[51.55, 50, 50, 50]
(0, 1.0, 0, 0, 7, 1, 0, 5, 4, 0, 0, 0, 7, 1, 0, 5, 3, 0);[51.75, 50, 50, 50]
(0, 1.0, 0, 0, 7, 1, 0, 5, 4, 0, 0, 0, 7, 1, 0, 5, 4, 0);[85.6434301862278, 50, 50, 50]
(0, 1.0, 0, 0, 8, 2, 0, 5, 4, 0, 0, 0, 7, 1, 0, 5, 4, 0);[52.25, 50, 50, 50]
(0, 1.0, 0, 0, 8, 2, 1, 5, 4, 0, 0, 0, 8, 1, 0, 5, 4, 0);[54.075, 50, 50, 50]
(0, 1.0, 0, 0, 8, 2, 0, 5, 4, 0, 0, 0, 8, 2, 0, 5, 4, 0);[83.93196925980622, 50, 50, 50]
(0, 1.0, 1, 0, 8, 2, 0, 5, 4, 0, 0, 0, 8, 2, 0, 5, 4, 0);[55.58232323150469, 50, 50, 50]
(0, 1.0, 2, 0, 8, 2, 0, 5, 4, 0, 0, 0, 8, 2, 0, 5, 4, 0);[54.30765, 50, 50, 50]
(0, 1.0, 0, 0, 9, 2, 0, 5, 4, 0, 0, 0, 8, 2, 0, 5, 4, 0);[52.45, 50, 50, 50]
(0, 1.0, 0, 0, 9, 2, 1, 5, 4, 0, 0, 0, 9, 2, 0, 5, 4, 0);[54.355000000000004, 50, 50, 50]
(0, 1.0, 0, 0, 9, 2, 0, 5, 5, 0, 0, 0, 9, 2, 0, 5, 4, 0);[51.95, 50, 50, 50]
(0, 1.0, 0, 0, 9, 2, 0, 5, 5, 0, 0, 0, 9, 2, 0, 5, 5, 0);[96.13618962658667, 50, 50, 50]
(0, 1.0, 0, 0, 9, 3, 1, 5, 5, 0, 0, 0, 9, 2, 0, 5, 5, 0);[54.555, 50, 50, 50]
(0, 1.0, 0, 0, 9, 3, 0, 5, 5, 0, 0, 0, 9, 3, 0, 5, 5, 0);[99.73648592588768, 50, 50, 50]
(0, 1.0, 0, 0, 9, 3, 1, 5, 5, 0, 0, 0, 9, 3, 0, 5, 5, 0);[54.355000000000004, 50, 50, 50]
(0, 1.0, 0, 0, 9, 3, 0, 5, 6, 0, 0, 0, 9, 3, 0, 5, 5, 0);[53.995, 50, 50, 50]
(0, 1.0, 0, 0, 9, 3, 0, 5, 6, 0, 0, 0, 9, 3, 0, 5, 6, 0);[96.13610158593463, 50, 50, 50]
(0, 1.0, 0, 0, 9, 4, 1, 5, 6, 0, 0, 0, 9, 3, 0, 5, 6, 0);[52.45, 50, 50, 50]
(0, 1.0, 0, 0, 9, 4, 1, 5, 6, 0, 0, 0, 9, 4, 0, 5, 6, 0);[56.657795, 50, 50, 50]
(0, 1.0, 0, 0, 9, 4, 0, 5, 6, 0, 0, 0, 9, 4, 0, 5, 6, 0);[100.07170092256796, 50, 50, 50]
(0, 1.0, 0, 0, 9, 4, 0, 5, 7, 0, 0, 0, 9, 4, 0, 5, 6, 0);[51.95, 50, 50, 50]
(0, 1.0, 0, 0, 9, 4, 0, 5, 7, 0, 0, 0, 9, 4, 0, 5, 7, 0);[96.03618962658666, 50, 50, 50]
(0, 1.0, 0, 0, 9, 5, 0, 5, 7, 0, 0, 0, 9, 4, 0, 5, 7, 0);[52.45, 50, 50, 50]
(0, 1.0, 0, 0, 9, 5, 1, 5, 7, 0, 0, 0, 9, 4, 0, 5, 7, 0);[52.45, 50, 50, 50]
(0, 1.0, 0, 0, 9, 5, 1, 5, 7, 0, 0, 0, 9, 5, 0, 5, 7, 0);[52.15, 50, 50, 50]
(0, 1.0, 0, 0, 9, 5, 0, 5, 8, 0, 0, 0, 9, 5, 0, 5, 7, 0);[51.95, 50, 50, 50]
(0, 1.0, 0, 0, 9, 5, 0, 5, 8, 0, 0, 0, 9, 5, 0, 5, 8, 0);[96.04788432344887, 50, 50, 50]
(0, 1.0, 0, 0, 9, 6, 1, 5, 8, 0, 0, 0, 9, 5, 0, 5, 8, 0);[54.655, 50, 50, 50]
(0, 1.0, 0, 0, 9, 6, 0, 5, 8, 0, 0, 0, 9, 6, 0, 5, 8, 0);[99.56093392473329, 50, 50, 50]
(0, 1.0, 0, 0, 9, 6, 1, 5, 8, 0, 0, 0, 9, 6, 0, 5, 8, 0);[54.555, 50, 50, 50]
(0, 1.0, 0, 0, 9, 6, 0, 5, 9, 0, 0, 0, 9, 6, 0, 5, 8, 0);[51.95, 50, 50, 50]
(0, 1.0, 0, 0, 9, 6, 0, 5, 9, 0, 0, 0, 9, 6, 0, 5, 9, 0);[97.93732709118143, 50, 50, 50]
(0, 1.0, 0, 0, 9, 7, 1, 5, 9, 0, 0, 0, 9, 6, 0, 5, 9, 0);[52.45, 50, 50, 50]
(0, 1.0, 0, 0, 9, 7, 1, 5, 9, 0, 0, 0, 9, 7, 0, 5, 9, 0);[61.26039923264504, 50, 50, 50]
(0, 1.0, 0, 0, 9, 7, 0, 5, 9, 0, 0, 0, 9, 7, 0, 5, 9, 0);[143.891859521663, 50, 50, 50]
(0, 1.0, 0, 0, 9, 8, 1, 5, 9, 0, 0, 0, 9, 7, 0, 5, 9, 0);[52.55, 50, 50, 50]
(0, 1.0, 0, 0, 9, 8, 1, 5, 9, 0, 0, 0, 9, 8, 0, 5, 9, 0);[57.137705, 50, 50, 50]
(0, 1.0, 0, 0, 9, 8, 1, 5, 9, 0, 0, 0, 9, 8, 1, 5, 9, 0);[107.31245422565428, 50, 50, 50]
(0, 1.0, 0, 0, 9, 8, 3, 5, 9, 0, 0, 0, 9, 8, 1, 5, 9, 0);[58.257345, 50, 50, 50]
(0, 1.0, 0, 0, 9, 8, 3, 5, 9, 0, 0, 0, 9, 8, 3, 5, 9, 0);[73.51696709076711, 52.85, 50, 50]
(1, 0.0, 0, 0, 9, 8, 3, 4, 9, 0, 0, 0, 9, 8, 3, 3, 9, 0);[52.45, 50, 50, 50]
(1, 0.0, 0, 0, 9, 8, 3, 3, 9, 0, 0, 0, 9, 8, 3, 1, 9, 0);[51.85, 50, 50, 50]
(1, 1.0, 0, 0, 9, 8, 3, 2, 9, 0, 0, 0, 9, 8, 3, 0, 9, 0);[51.75, 50, 50, 50]
(0, 0.0, 0, 0, 9, 8, 3, 2, 9, 0, 0, 0, 9, 8, 3, 0, 9, 0);[51.75, 50, 50, 50]
(0, 0.0, 0, 0, 9, 8, 3, 2, 9, 0, 0, 0, 9, 8, 3, 1, 9, 0);[51.75, 50, 50, 50]
(0, 1.0, 0, 0, 9, 8, 3, 2, 9, 0, 0, 0, 9, 8, 3, 2, 9, 0);[69.38863435597692, 50, 50, 50]
(0, 1.0, 0, 0, 9, 9, 3, 3, 9, 0, 0, 0, 9, 8, 3, 2, 9, 0);[52.15, 50, 50, 50]
(0, 1.0, 0, 0, 9, 9, 3, 3, 9, 0, 0, 0, 9, 9, 3, 2, 9, 0);[52.15, 50, 50, 50]
(0, 1.0, 0, 0, 9, 9, 3, 3, 9, 0, 0, 0, 9, 9, 3, 3, 9, 0);[102.23577503589372, 50, 50, 50]
(0, 1.0, 0, 0, 9, 9, 5, 3, 9, 0, 0, 0, 9, 9, 3, 3, 9, 0);[54.845, 50, 50, 50]
(0, 1.0, 0, 0, 9, 9, 5, 3, 9, 0, 0, 0, 9, 9, 4, 3, 9, 0);[52.55, 50, 50, 50]
(0, 1.0, 0, 0, 9, 9, 5, 3, 9, 0, 0, 0, 9, 9, 5, 3, 9, 0);[109.63095563626767, 50, 50, 50]
(0, 1.0, 0, 0, 9, 9, 6, 3, 9, 0, 0, 0, 9, 9, 5, 3, 9, 0);[55.415, 50, 50, 50]
(0, 1.0, 0, 0, 9, 9, 6, 3, 9, 0, 0, 0, 9, 9, 6, 3, 9, 0);[116.41101467336384, 50, 50, 50]
(0, 1.0, 0, 0, 9, 9, 7, 3, 9, 0, 0, 0, 9, 9, 6, 3, 9, 0);[55.985, 50, 50, 50]
(0, 1.0, 0, 0, 9, 9, 7, 3, 9, 0, 0, 0, 9, 9, 7, 3, 9, 0);[126.05756063531788, 50, 50, 50]
(0, 1.0, 0, 0, 9, 9, 8, 3, 9, 0, 0, 0, 9, 9, 7, 3, 9, 0);[53.45, 50, 50, 50]
(0, 1.0, 0, 0, 9, 9, 9, 3, 9, 0, 0, 0, 9, 9, 8, 3, 9, 0);[53.45, 50, 50, 50]
(0, 1.0, 0, 0, 9, 9, 9, 3, 9, 0, 0, 0, 9, 9, 9, 3, 9, 0);[783.2940853342657, 50, 50, 53.45]
(0, 1.0, 1, 0, 9, 9, 9, 3, 9, 0, 0, 0, 9, 9, 9, 3, 9, 0);[53.85, 50, 50, 50]
(0, 1.0, 2, 0, 9, 9, 9, 3, 9, 0, 0, 0, 9, 9, 9, 3, 9, 0);[58.0418979492726, 50, 50, 50]
(3, 0.0, 0, 0, 9, 9, 9, 3, 9, 0, 0, 0, 9, 8, 9, 3, 9, 0);[52.95, 50, 50, 50]
(3, 0.0, 0, 0, 9, 8, 9, 3, 9, 0, 0, 0, 9, 5, 9, 3, 9, 0);[52.45, 50, 50, 50]
(3, 1.0, 0, 0, 9, 6, 9, 3, 9, 0, 0, 0, 9, 3, 9, 3, 9, 0);[52.45, 50, 50, 50]
(0, 0.0, 0, 0, 9, 6, 9, 3, 9, 0, 0, 0, 9, 1, 9, 3, 9, 0);[52.75, 50, 50, 50]
(0, 0.0, 0, 0, 9, 6, 9, 3, 9, 0, 0, 0, 9, 2, 9, 3, 9, 0);[53.15, 50, 50, 50]
(0, 1.0, 0, 0, 9, 7, 9, 3, 9, 0, 0, 0, 9, 3, 9, 3, 9, 0);[53.35, 50, 50, 50]
(0, 1.0, 0, 0, 9, 8, 9, 3, 9, 0, 0, 0, 9, 5, 9, 3, 9, 0);[53.45, 50, 50, 50]
(0, 1.0, 0, 0, 9, 9, 9, 3, 9, 0, 0, 0, 9, 7, 9, 3, 9, 0);[53.55, 50, 50, 50]
(0, 1.0, 0, 0, 9, 9, 9, 3, 9, 0, 0, 0, 9, 8, 9, 3, 9, 0);[127.37868824248689, 50, 50, 50]
(0, 1.0, 0, 0, 9, 9, 9, 4, 9, 0, 0, 0, 9, 9, 9, 3, 9, 0);[62.666085, 50, 50, 50]
(0, 1.0, 0, 0, 9, 9, 9, 6, 9, 0, 0, 0, 9, 9, 9, 4, 9, 0);[59.325, 50, 50, 50]
(0, 1.0, 0, 0, 9, 9, 9, 7, 9, 0, 0, 0, 9, 9, 9, 6, 9, 0);[67.12737833869022, 50, 50, 50]
(0, 1.0, 0, 0, 9, 9, 9, 8, 9, 0, 0, 0, 9, 9, 9, 7, 9, 0);[55.45, 50, 50, 50]
(0, 1.0, 0, 0, 9, 9, 9, 9, 9, 0, 0, 0, 9, 9, 9, 7, 9, 0);[83.61374496213533, 50, 50, 50]
(0, 1.0, 0, 0, 9, 9, 9, 9, 9, 0, 0, 0, 9, 9, 9, 9, 9, 0);[2358.704370785027, 59.75515, 50, 59.94505]
(3, 0.0, 0, 0, 9, 9, 9, 9, 9, 0, 0, 0, 9, 8, 9, 9, 9, 0);[66.86680798525, 50, 50, 50]
(3, 0.0, 0, 0, 9, 8, 9, 9, 9, 0, 0, 0, 9, 5, 9, 9, 9, 0);[63.836445275, 50, 50, 50]
(3, 1.0, 0, 0, 9, 6, 9, 9, 9, 0, 0, 0, 9, 3, 9, 9, 9, 0);[61.5771, 50, 50, 50]
(0, 0.0, 0, 0, 9, 6, 9, 9, 9, 0, 0, 0, 9, 1, 9, 9, 9, 0);[68.18924988500001, 50, 50, 50]
(0, 0.0, 0, 0, 9, 6, 9, 9, 9, 0, 0, 0, 9, 2, 9, 9, 9, 0);[58.885, 50, 50, 50]
(0, 1.0, 0, 0, 9, 7, 9, 9, 9, 0, 0, 0, 9, 3, 9, 9, 9, 0);[59.155, 50, 50, 50]
(0, 1.0, 0, 0, 9, 9, 9, 9, 9, 0, 0, 0, 9, 6, 9, 9, 9, 0);[55.55, 50, 50, 50]
(0, 1.0, 0, 0, 9, 9, 9, 9, 9, 0, 0, 0, 9, 8, 9, 9, 9, 0);[426.77829354344306, 50, 50, 50]
(0, 1.0, 0, 0, 9, 9, 9, 9, 9, 0, 0, 0, 9, 9, 8, 9, 9, 0);[228.3840622035361, 50, 50, 50]
(0, 1.0, 0, 0, 9, 9, 8, 9, 9, 0, 0, 0, 9, 9, 6, 9, 9, 0);[56.35, 50, 50, 50]
(0, 1.0, 0, 0, 9, 9, 7, 9, 9, 0, 0, 0, 9, 9, 4, 9, 9, 0);[59.96445, 50, 50, 50]
(0, 1.0, 0, 0, 9, 9, 6, 9, 9, 0, 0, 0, 9, 9, 2, 9, 9, 0);[63.1508135, 50, 50, 50]
(0, 1.0, 0, 0, 9, 9, 4, 9, 9, 0, 0, 0, 9, 9, 0, 9, 9, 0);[76.56861239872958, 50, 50, 50]
(0, 1.0, 0, 0, 9, 9, 3, 9, 9, 0, 0, 0, 9, 9, 0, 9, 9, 0);[86.10345167885669, 50, 50, 50]
(0, 1.0, 0, 0, 9, 9, 2, 9, 9, 0, 0, 0, 9, 9, 0, 9, 9, 0);[69.18284913985681, 50, 50, 50]
(0, 1.0, 0, 0, 9, 9, 5, 9, 9, 0, 0, 0, 9, 9, 1, 9, 9, 0);[59.60122293429994, 50, 50, 50]
(0, 1.0, 0, 0, 9, 9, 7, 9, 9, 0, 0, 0, 9, 9, 2, 9, 9, 0);[54.95, 50, 50, 50]
(0, 1.0, 0, 0, 9, 9, 7, 9, 9, 0, 0, 0, 9, 9, 3, 9, 9, 0);[59.075, 50, 50, 50]
(0, 1.0, 0, 0, 9, 9, 9, 9, 9, 0, 0, 0, 9, 9, 5, 9, 9, 0);[55.25, 50, 50, 50]
(0, 1.0, 0, 0, 9, 9, 9, 9, 9, 0, 0, 0, 9, 9, 7, 9, 9, 0);[252.66642299499617, 50, 50, 50]
(1, 0.0, 0, 0, 9, 9, 9, 9, 9, 0, 0, 0, 9, 9, 9, 8, 9, 0);[58.93575, 50, 50, 50]
(1, 0.0, 0, 0, 9, 9, 9, 8, 9, 0, 0, 0, 9, 9, 9, 6, 9, 0);[57.785849999999996, 50, 50, 50]
(1, 1.0, 0, 0, 9, 9, 9, 7, 9, 0, 0, 0, 9, 9, 9, 4, 9, 0);[57.965615, 50, 50, 50]
(0, 0.0, 0, 0, 9, 9, 9, 7, 9, 0, 0, 0, 9, 9, 9, 2, 9, 0);[60.546499999999995, 50, 50, 50]
(0, 1.0, 0, 0, 9, 9, 9, 7, 9, 0, 0, 0, 9, 9, 9, 3, 9, 0);[57.691850795, 50, 50, 50]
(0, 1.0, 0, 0, 9, 9, 9, 7, 9, 0, 0, 0, 9, 9, 9, 4, 9, 0);[59.341319, 50, 50, 50]
(0, 1.0, 0, 0, 9, 9, 9, 7, 9, 0, 0, 0, 9, 9, 9, 7, 9, 0);[85.6727425793841, 50, 50, 50]
(0, 1.0, 0, 0, 9, 9, 9, 9, 9, 0, 0, 0, 9, 9, 9, 8, 9, 0);[512.6303335616394, 50, 50, 50]
(0, 1.0, 0, 0, 9, 9, 8, 9, 9, 0, 0, 0, 9, 9, 7, 9, 9, 0);[55.32915, 50, 50, 50]
(0, 1.0, 0, 0, 9, 9, 8, 9, 9, 0, 0, 0, 9, 9, 5, 9, 9, 0);[54.55, 50, 50, 50]
(0, 1.0, 0, 0, 9, 9, 9, 9, 9, 0, 0, 0, 9, 9, 6, 9, 9, 0);[55.24384655, 50, 50, 50]
(0, 0.0, 0, 0, 9, 7, 9, 9, 9, 0, 0, 0, 9, 2, 9, 9, 9, 0);[54.35, 50, 50, 50]
(0, 1.0, 0, 0, 9, 8, 9, 9, 9, 0, 0, 0, 9, 3, 9, 9, 9, 0);[54.55, 50, 50, 50]
(0, 1.0, 0, 0, 9, 9, 9, 9, 9, 0, 0, 0, 9, 5, 9, 9, 9, 0);[54.55, 50, 50, 50]
(0, 1.0, 0, 0, 9, 9, 9, 9, 9, 0, 0, 0, 9, 7, 9, 9, 9, 0);[561.0627751679446, 50, 50, 50]
(0, 1.0, 0, 0, 9, 9, 9, 9, 9, 1, 0, 0, 9, 9, 9, 9, 9, 0);[406.6151897685208, 50, 50, 50]
(0, 1.0, 0, 0, 9, 9, 9, 9, 9, 2, 0, 0, 9, 9, 9, 9, 9, 0);[59.765, 50, 50, 50]
(0, 1.0, 0, 0, 9, 9, 9, 9, 9, 4, 0, 0, 9, 9, 9, 9, 9, 1);[55.55, 50, 50, 50]
(0, 1.0, 0, 0, 9, 9, 9, 9, 9, 5, 0, 0, 9, 9, 9, 9, 9, 2);[55.55, 50, 50, 50]
(0, 1.0, 0, 0, 9, 9, 9, 9, 9, 5, 0, 0, 9, 9, 9, 9, 9, 5);[1598.639938604975, 50, 55.45, 50]
(2, 0.0, 0, 0, 9, 9, 9, 9, 9, 5, 0, 0, 9, 9, 9, 9, 8, 4);[55.05, 50, 50, 50]
(2, 0.0, 0, 0, 9, 9, 9, 9, 8, 4, 0, 0, 9, 9, 9, 9, 6, 4);[54.55, 50, 50, 50]
(2, 1.0, 0, 0, 9, 9, 9, 9, 8, 3, 0, 0, 9, 9, 9, 9, 6, 3);[54.55, 50, 50, 50]
(0, 0.0, 0, 0, 9, 9, 9, 9, 8, 2, 0, 0, 9, 9, 9, 9, 5, 2);[54.75, 50, 50, 50]
(0, 0.0, 0, 0, 9, 9, 9, 9, 9, 2, 0, 0, 9, 9, 9, 9, 4, 1);[54.95, 50, 50, 50]
(0, 1.0, 0, 0, 9, 9, 9, 9, 9, 2, 0, 0, 9, 9, 9, 9, 5, 2);[54.95, 50, 50, 50]
(0, 1.0, 0, 0, 9, 9, 9, 9, 9, 2, 0, 0, 9, 9, 9, 9, 8, 2);[54.95, 50, 50, 50]
(0, 1.0, 0, 0, 9, 9, 9, 9, 9, 2, 0, 0, 9, 9, 9, 9, 9, 2);[2793.8572325673154, 65.7107707225, 59.115, 54.75]
(2, 0.0, 0, 0, 9, 9, 9, 9, 8, 2, 0, 0, 9, 9, 9, 9, 7, 2);[54.45, 50, 50, 50]
(2, 0.0, 0, 0, 9, 9, 9, 9, 7, 2, 0, 0, 9, 9, 9, 9, 5, 2);[53.85, 50, 50, 50]
(2, 1.0, 0, 0, 9, 9, 9, 9, 6, 1, 0, 0, 9, 9, 9, 9, 4, 1);[53.95, 50, 50, 50]
(0, 0.0, 0, 0, 9, 9, 9, 9, 7, 0, 0, 0, 9, 9, 9, 9, 3, 0);[54.05, 50, 50, 50]
(0, 0.0, 0, 0, 9, 9, 9, 9, 7, 0, 0, 0, 9, 9, 9, 9, 2, 0);[54.45, 50, 50, 50]
(0, 1.0, 0, 0, 9, 9, 9, 9, 8, 0, 0, 0, 9, 9, 9, 9, 4, 0);[54.55, 50, 50, 50]
(0, 1.0, 0, 0, 9, 9, 9, 9, 9, 0, 0, 0, 9, 9, 9, 9, 5, 0);[59.17410543555, 50, 50, 50]
(0, 1.0, 0, 0, 9, 9, 9, 9, 9, 0, 0, 0, 9, 9, 9, 9, 7, 0);[50, 50, 50, 60.546131395550006]
(0, 1.0, 0, 0, 9, 7, 9, 9, 9, 0, 0, 0, 9, 4, 9, 9, 9, 0);[54.45, 50, 50, 50]
(0, 1.0, 0, 0, 9, 8, 9, 9, 9, 0, 0, 0, 9, 6, 9, 9, 9, 0);[85.66581117764363, 50, 50, 50]
(0, 1.0, 1, 0, 9, 9, 9, 9, 9, 0, 0, 0, 9, 9, 9, 9, 9, 0);[535.9053294421432, 50, 50, 50]
(0, 1.0, 2, 0, 9, 9, 9, 9, 9, 0, 0, 0, 9, 9, 9, 9, 9, 0);[87.66341411865737, 50, 50, 50]
(0, 0.0, 0, 0, 9, 9, 9, 7, 9, 0, 0, 0, 9, 9, 9, 1, 9, 0);[53.86085, 50, 50, 50]
(0, 1.0, 0, 0, 9, 9, 7, 9, 9, 0, 0, 0, 9, 9, 5, 9, 9, 0);[53.95, 50, 50, 50]
(0, 1.0, 0, 0, 9, 9, 6, 9, 9, 0, 0, 0, 9, 9, 3, 9, 9, 0);[54.12025, 50, 50, 50]
(0, 1.0, 0, 0, 9, 9, 5, 9, 9, 0, 0, 0, 9, 9, 0, 9, 9, 0);[53.85, 50, 50, 50]
(0, 1.0, 0, 0, 9, 9, 6, 9, 9, 1, 0, 0, 9, 9, 2, 9, 9, 0);[54.15, 50, 50, 50]
(0, 1.0, 0, 0, 9, 9, 7, 9, 9, 1, 0, 0, 9, 9, 3, 9, 9, 0);[54.45, 50, 50, 50]
(0, 1.0, 0, 0, 9, 9, 8, 9, 9, 1, 0, 0, 9, 9, 5, 9, 9, 1);[59.30535, 50, 50, 50]
(0, 1.0, 0, 0, 9, 9, 9, 9, 9, 1, 0, 0, 9, 9, 6, 9, 9, 1);[54.65, 50, 50, 50]
(0, 1.0, 0, 0, 9, 9, 9, 9, 9, 1, 0, 0, 9, 9, 7, 9, 9, 1);[58.935, 50, 50, 50]
(0, 1.0, 0, 0, 9, 9, 9, 9, 9, 1, 0, 0, 9, 9, 9, 9, 9, 1);[4159.727590704444, 96.97043451312774, 70.828027845, 54.95]
(0, 1.0, 0, 0, 9, 9, 8, 9, 9, 1, 0, 0, 9, 9, 7, 9, 9, 1);[61.45515, 50, 50, 50]
(0, 1.0, 0, 0, 9, 9, 7, 9, 9, 1, 0, 0, 9, 9, 5, 9, 9, 1);[60.811455, 50, 50, 50]
(0, 1.0, 0, 0, 9, 9, 6, 9, 9, 1, 0, 0, 9, 9, 3, 9, 9, 1);[63.165219549999996, 50, 50, 50]
(0, 1.0, 0, 0, 9, 9, 5, 9, 9, 1, 0, 0, 9, 9, 1, 9, 9, 1);[62.627064250000004, 50, 50, 50]
(0, 1.0, 0, 0, 9, 9, 4, 9, 9, 1, 0, 0, 9, 9, 0, 9, 9, 1);[69.2576007751935, 50, 50, 50]
(0, 1.0, 0, 0, 9, 9, 3, 9, 9, 1, 0, 0, 9, 9, 0, 9, 9, 1);[96.29181915866904, 50, 50, 50]
(0, 1.0, 0, 0, 9, 9, 2, 9, 9, 1, 0, 0, 9, 9, 0, 9, 9, 1);[54.418672968035, 50, 50, 50]
(0, 1.0, 1, 0, 9, 9, 7, 9, 9, 1, 0, 0, 9, 9, 4, 9, 9, 1);[54.45, 50, 50, 50]
(0, 1.0, 2, 0, 9, 9, 8, 9, 9, 1, 0, 0, 9, 9, 5, 9, 9, 1);[54.45, 50, 50, 50]
(0, 1.0, 2, 0, 9, 9, 9, 9, 9, 1, 0, 0, 9, 9, 7, 9, 9, 1);[109.24706617840553, 50, 50, 50]
(1, 0.0, 0, 0, 9, 9, 9, 9, 9, 1, 0, 0, 9, 9, 9, 8, 9, 1);[57.915, 50, 50, 50]
(1, 0.0, 0, 0, 9, 9, 9, 8, 9, 1, 0, 0, 9, 9, 9, 6, 9, 1);[53.85, 50, 50, 50]
(1, 1.0, 0, 0, 9, 9, 9, 8, 9, 1, 0, 0, 9, 9, 9, 5, 9, 1);[53.85, 50, 50, 50]
(0, 0.0, 0, 0, 9, 9, 9, 8, 9, 1, 0, 0, 9, 9, 9, 4, 9, 1);[57.415, 50, 50, 50]
(0, 1.0, 0, 0, 9, 9, 9, 9, 9, 1, 0, 0, 9, 9, 9, 5, 9, 1);[54.05, 50, 50, 50]
(0, 1.0, 0, 0, 9, 9, 9, 9, 9, 1, 0, 0, 9, 9, 9, 7, 9, 1);[143.3446220288071, 50, 50, 50]
(0, 1.0, 1, 0, 9, 9, 9, 9, 9, 1, 0, 0, 9, 9, 9, 9, 9, 1);[663.9210109631458, 50, 50, 50]
(0, 1.0, 2, 0, 9, 9, 9, 9, 9, 1, 0, 0, 9, 9, 9, 9, 9, 1);[824.4795381215332, 50, 50, 50]
(1, 0.0, 0, 0, 9, 9, 9, 9, 9, 1, 0, 0, 9, 9, 9, 9, 9, 1);[166.56629108570812, 50, 50, 50]
(1, 1.0, 0, 0, 9, 9, 9, 9, 9, 1, 0, 0, 9, 9, 9, 9, 9, 1);[387.884421089925, 50, 50, 50]
(0, 0.0, 0, 0, 9, 9, 9, 9, 9, 1, 0, 0, 9, 9, 9, 9, 9, 1);[1337.8994364944208, 50, 50, 50]
(0, 1.0, 0, 1, 9, 9, 9, 9, 9, 1, 0, 0, 9, 9, 9, 9, 9, 1);[242.20762155788123, 50, 50, 50]
(0, 1.0, 0, 1, 9, 9, 9, 9, 9, 1, 0, 1, 9, 9, 9, 9, 9, 1);[2536.835984899176, 66.3108855218327, 50, 66.71317415]
(0, 1.0, 1, 1, 9, 9, 9, 9, 9, 1, 0, 1, 9, 9, 9, 9, 9, 1);[269.0364061395005, 50, 50, 50]
(0, 1.0, 2, 1, 9, 9, 9, 9, 9, 1, 0, 1, 9, 9, 9, 9, 9, 1);[322.82416022527934, 50, 50, 50]
(3, 0.0, 0, 1, 9, 9, 9, 9, 9, 1, 0, 1, 9, 8, 9, 9, 9, 1);[65.46383425, 50, 50, 50]
(3, 0.0, 0, 1, 9, 8, 9, 9, 9, 1, 0, 1, 9, 5, 9, 9, 9, 1);[63.898925665, 50, 50, 50]
(3, 1.0, 0, 1, 9, 6, 9, 9, 9, 1, 0, 1, 9, 3, 9, 9, 9, 1);[65.3586409985, 50, 50, 50]
(0, 0.0, 0, 1, 9, 6, 9, 9, 9, 1, 0, 1, 9, 1, 9, 9, 9, 1);[71.87808635, 50, 50, 50]
(0, 1.0, 0, 1, 9, 7, 9, 9, 9, 1, 0, 1, 9, 3, 9, 9, 9, 1);[65.1155, 50, 50, 50]
(0, 1.0, 0, 1, 9, 8, 9, 9, 9, 1, 0, 1, 9, 5, 9, 9, 9, 1);[55.15, 50, 50, 50]
(0, 1.0, 0, 1, 9, 9, 9, 9, 9, 1, 0, 1, 9, 7, 9, 9, 9, 1);[294.20422642444544, 50, 50, 50]
(0, 1.0, 0, 1, 9, 9, 9, 9, 9, 1, 0, 1, 9, 8, 9, 9, 9, 1);[177.41690721857776, 50, 50, 50]
(3, 0.0, 0, 0, 9, 9, 9, 9, 9, 1, 0, 0, 9, 8, 9, 9, 9, 1);[54.55, 50, 50, 50]
(3, 0.0, 0, 0, 9, 8, 9, 9, 9, 1, 0, 0, 9, 5, 9, 9, 9, 1);[53.95, 50, 50, 50]
(3, 1.0, 0, 0, 9, 6, 9, 9, 9, 1, 0, 0, 9, 3, 9, 9, 9, 1);[53.95, 50, 50, 50]
(0, 0.0, 0, 0, 9, 6, 9, 9, 9, 1, 0, 0, 9, 1, 9, 9, 9, 1);[54.35, 50, 50, 50]
(0, 0.0, 0, 0, 9, 7, 9, 9, 9, 1, 0, 0, 9, 2, 9, 9, 9, 1);[54.75, 50, 50, 50]
(0, 1.0, 0, 0, 9, 8, 9, 9, 9, 1, 0, 0, 9, 3, 9, 9, 9, 1);[54.95, 50, 50, 50]
(0, 1.0, 0, 0, 9, 9, 9, 9, 9, 1, 0, 0, 9, 6, 9, 9, 9, 1);[55.05, 50, 50, 50]
(0, 1.0, 0, 0, 9, 9, 9, 9, 9, 1, 0, 0, 9, 7, 9, 9, 9, 1);[201.80165477005863, 50, 50, 50]
(0, 1.0, 0, 1, 9, 9, 8, 9, 9, 1, 0, 1, 9, 9, 7, 9, 9, 1);[55.55, 50, 50, 50]
(0, 1.0, 0, 1, 9, 9, 8, 9, 9, 1, 0, 1, 9, 9, 5, 9, 9, 1);[55.55, 50, 50, 50]
(0, 1.0, 0, 1, 9, 9, 8, 9, 9, 1, 0, 1, 9, 9, 4, 9, 9, 1);[66.014915, 50, 50, 50]
(0, 1.0, 0, 1, 9, 9, 9, 9, 9, 1, 0, 1, 9, 9, 5, 9, 9, 1);[55.85, 50, 50, 50]
(0, 1.0, 0, 1, 9, 9, 9, 9, 9, 1, 0, 1, 9, 9, 7, 9, 9, 1);[55.95, 50, 50, 50]
(0, 1.0, 0, 1, 9, 9, 9, 9, 9, 1, 0, 1, 9, 9, 8, 9, 9, 1);[244.7698993691174, 50, 50, 50]
(0, 1.0, 0, 1, 9, 8, 9, 9, 9, 1, 0, 1, 9, 4, 9, 9, 9, 1);[55.85, 50, 50, 50]
(0, 1.0, 0, 1, 9, 9, 9, 9, 9, 1, 0, 1, 9, 6, 9, 9, 9, 1);[291.8202650231686, 50, 50, 50]
(0, 0.0, 0, 1, 9, 7, 9, 9, 9, 1, 0, 1, 9, 2, 9, 9, 9, 1);[56.569205, 50, 50, 50]
(0, 1.0, 0, 1, 9, 9, 9, 9, 9, 1, 0, 1, 9, 5, 9, 9, 9, 1);[56.46975, 50, 50, 50]
(0, 1.0, 0, 0, 9, 9, 6, 9, 9, 1, 0, 0, 9, 9, 0, 9, 9, 1);[54.15, 50, 50, 50]
(0, 1.0, 0, 0, 9, 9, 7, 9, 9, 1, 0, 0, 9, 9, 2, 9, 9, 1);[54.45, 50, 50, 50]
(0, 1.0, 0, 0, 9, 9, 8, 9, 9, 1, 0, 0, 9, 9, 4, 9, 9, 1);[55.00045, 50, 50, 50]
(0, 1.0, 0, 0, 9, 9, 9, 9, 9, 1, 0, 0, 9, 9, 8, 9, 9, 1);[287.734968681797, 50, 50, 50]
(2, 0.0, 0, 0, 9, 9, 9, 9, 9, 1, 0, 0, 9, 9, 9, 9, 8, 1);[69.08897855, 50, 50, 50]
(2, 0.0, 0, 0, 9, 9, 9, 9, 8, 1, 0, 0, 9, 9, 9, 9, 5, 1);[66.27584435, 50, 50, 50]
(2, 1.0, 0, 0, 9, 9, 9, 9, 8, 0, 0, 0, 9, 9, 9, 9, 4, 0);[53.85, 50, 50, 50]
(0, 0.0, 0, 0, 9, 9, 9, 9, 8, 0, 0, 0, 9, 9, 9, 9, 2, 0);[58.085, 50, 50, 50]
(0, 1.0, 0, 0, 9, 9, 9, 9, 9, 0, 0, 0, 9, 9, 9, 9, 4, 0);[54.91035, 50, 50, 50]
(3, 1.0, 0, 0, 9, 7, 9, 9, 9, 0, 0, 0, 9, 3, 9, 9, 9, 0);[54.49566265, 50, 50, 50]
(0, 1.0, 0, 0, 9, 8, 9, 9, 9, 0, 0, 0, 9, 5, 9, 9, 9, 0);[83.72016341924123, 50, 50, 50]
(0, 1.0, 0, 0, 9, 9, 9, 9, 9, 2, 0, 0, 9, 9, 9, 9, 9, 1);[92.19213322303642, 50, 50, 50]
(1, 0.0, 0, 0, 9, 9, 9, 9, 9, 2, 0, 0, 9, 9, 9, 9, 9, 2);[77.00158512741956, 50, 50, 50]
(1, 1.0, 0, 0, 9, 9, 9, 9, 9, 2, 0, 0, 9, 9, 9, 9, 9, 2);[91.86335271330096, 50, 50, 50]
(0, 0.0, 0, 0, 9, 9, 9, 9, 9, 2, 0, 0, 9, 9, 9, 9, 9, 2);[512.0235093573937, 50, 50, 50]
(3, 0.0, 0, 0, 9, 9, 9, 9, 9, 2, 0, 0, 9, 8, 9, 9, 9, 2);[54.35, 50, 50, 50]
(3, 0.0, 0, 0, 9, 8, 9, 9, 9, 2, 0, 0, 9, 5, 9, 9, 9, 2);[53.75, 50, 50, 50]
(3, 1.0, 0, 0, 9, 6, 9, 9, 9, 2, 0, 0, 9, 3, 9, 9, 9, 2);[53.75, 50, 50, 50]
(0, 0.0, 0, 0, 9, 6, 9, 9, 9, 2, 0, 0, 9, 1, 9, 9, 9, 2);[54.05, 50, 50, 50]
(0, 0.0, 0, 0, 9, 6, 9, 9, 9, 2, 0, 0, 9, 2, 9, 9, 9, 2);[54.45, 50, 50, 50]
(0, 1.0, 0, 0, 9, 7, 9, 9, 9, 2, 0, 0, 9, 3, 9, 9, 9, 2);[54.65, 50, 50, 50]
(0, 1.0, 0, 0, 9, 8, 9, 9, 9, 2, 0, 0, 9, 5, 9, 9, 9, 2);[54.85, 50, 50, 50]
(0, 1.0, 0, 0, 9, 9, 9, 9, 9, 2, 0, 0, 9, 7, 9, 9, 9, 2);[195.66976915434364, 50, 50, 50]
(0, 1.0, 1, 0, 9, 9, 9, 9, 9, 2, 0, 0, 9, 9, 9, 9, 9, 2);[209.2383307707592, 50, 50, 50]
(0, 1.0, 2, 0, 9, 9, 9, 9, 9, 2, 0, 0, 9, 9, 9, 9, 9, 2);[59.904650000000004, 50, 50, 50]
(2, 0.0, 0, 0, 9, 9, 9, 9, 9, 2, 0, 0, 9, 9, 9, 9, 8, 1);[54.35, 50, 50, 50]
(2, 0.0, 0, 0, 9, 9, 9, 9, 9, 1, 0, 0, 9, 9, 9, 9, 5, 0);[53.95, 50, 50, 50]
(2, 1.0, 0, 0, 9, 9, 9, 9, 8, 1, 0, 0, 9, 9, 9, 9, 3, 0);[54.05, 50, 50, 50]
(0, 0.0, 0, 0, 9, 9, 9, 9, 8, 1, 0, 0, 9, 9, 9, 9, 1, 0);[54.35, 50, 50, 50]
(0, 0.0, 0, 0, 9, 9, 9, 9, 9, 1, 0, 0, 9, 9, 9, 9, 2, 1);[54.45, 50, 50, 50]
(0, 1.0, 0, 0, 9, 9, 9, 9, 9, 1, 0, 0, 9, 9, 9, 9, 4, 1);[54.55, 50, 50, 50]
(0, 1.0, 0, 0, 9, 9, 9, 9, 9, 1, 0, 0, 9, 9, 9, 9, 6, 1);[54.55, 50, 50, 50]
(0, 1.0, 0, 0, 9, 9, 9, 9, 9, 1, 0, 0, 9, 9, 9, 9, 8, 1);[580.8939434345275, 50, 50, 50]
(2, 1.0, 0, 0, 9, 9, 9, 9, 6, 1, 0, 0, 9, 9, 9, 9, 2, 1);[62.703084999999994, 50, 50, 50]
(0, 0.0, 0, 0, 9, 9, 9, 9, 6, 1, 0, 0, 9, 9, 9, 9, 1, 1);[59.32535, 50, 50, 50]
(0, 0.0, 0, 0, 9, 9, 9, 9, 6, 1, 0, 0, 9, 9, 9, 9, 2, 1);[59.905249999999995, 50, 50, 50]
(0, 1.0, 0, 0, 9, 9, 9, 9, 7, 1, 0, 0, 9, 9, 9, 9, 4, 1);[60.11505, 50, 50, 50]
(0, 1.0, 0, 0, 9, 9, 9, 9, 8, 1, 0, 0, 9, 9, 9, 9, 5, 1);[59.80500000000001, 50, 50, 50]
(0, 1.0, 0, 0, 9, 9, 9, 9, 9, 1, 0, 0, 9, 9, 9, 9, 7, 1);[79.9123898986618, 50, 50, 50]
(0, 1.0, 0, 0, 9, 9, 9, 9, 8, 1, 0, 0, 9, 9, 9, 9, 8, 1);[299.65043037573156, 50, 50, 50]
(0, 1.0, 1, 0, 9, 9, 9, 9, 8, 1, 0, 0, 9, 9, 9, 9, 8, 1);[50, 50, 50, 55.65]
(3, 0.0, 2, 0, 9, 9, 9, 9, 8, 0, 0, 0, 9, 8, 9, 9, 8, 0);[55.35, 50, 50, 50]
(3, 0.0, 3, 0, 9, 8, 9, 9, 8, 0, 0, 0, 9, 6, 9, 9, 8, 0);[54.75, 50, 50, 50]
(3, 1.0, 3, 0, 9, 6, 9, 9, 8, 0, 1, 0, 9, 3, 9, 9, 8, 0);[54.75, 50, 50, 50]
(0, 0.0, 2, 0, 9, 6, 9, 9, 8, 0, 1, 0, 9, 1, 9, 9, 8, 0);[54.45, 50, 50, 50]
(0, 0.0, 1, 0, 9, 6, 9, 9, 8, 0, 0, 0, 9, 2, 9, 9, 8, 0);[54.45, 50, 50, 50]
(0, 1.0, 0, 0, 9, 7, 9, 9, 8, 0, 0, 0, 9, 3, 9, 9, 8, 0);[54.45, 50, 50, 50]
(0, 1.0, 0, 0, 9, 8, 9, 9, 8, 0, 0, 0, 9, 5, 9, 9, 8, 0);[54.85, 50, 50, 50]
(0, 1.0, 0, 0, 9, 9, 9, 9, 8, 0, 0, 0, 9, 7, 9, 9, 8, 0);[55.25, 50, 50, 50]
(0, 1.0, 0, 0, 9, 9, 9, 9, 8, 0, 0, 0, 9, 9, 9, 9, 8, 0);[495.4075279777501, 54.65, 50, 50]
(0, 1.0, 1, 0, 9, 9, 9, 9, 8, 0, 0, 0, 9, 9, 9, 9, 8, 0);[69.62992990500001, 50, 50, 50]
(1, 0.0, 0, 0, 9, 9, 9, 9, 8, 0, 0, 0, 9, 9, 9, 8, 8, 0);[54.25, 50, 50, 50]
(1, 0.0, 0, 0, 9, 9, 9, 8, 8, 0, 0, 0, 9, 9, 9, 6, 8, 0);[53.75, 50, 50, 50]
(1, 1.0, 0, 0, 9, 9, 9, 7, 8, 0, 0, 0, 9, 9, 9, 4, 8, 0);[53.75, 50, 50, 50]
(0, 0.0, 0, 0, 9, 9, 9, 7, 8, 0, 0, 0, 9, 9, 9, 3, 8, 0);[53.75, 50, 50, 50]
(0, 0.0, 0, 0, 9, 9, 9, 7, 8, 0, 0, 0, 9, 9, 9, 2, 8, 0);[53.85, 50, 50, 50]
(0, 1.0, 0, 0, 9, 9, 9, 7, 8, 0, 0, 0, 9, 9, 9, 4, 8, 0);[54.05, 50, 50, 50]
(0, 1.0, 0, 0, 9, 9, 9, 8, 8, 0, 0, 0, 9, 9, 9, 6, 8, 0);[54.15, 50, 50, 50]
(0, 1.0, 0, 0, 9, 9, 9, 9, 8, 0, 0, 0, 9, 9, 9, 7, 8, 0);[77.70877633703972, 50, 50, 50]
(0, 1.0, 0, 0, 9, 9, 9, 9, 9, 1, 0, 0, 9, 9, 9, 9, 8, 0);[55.65135035, 50, 50, 50]
(1, 0.0, 0, 0, 9, 9, 9, 9, 9, 1, 0, 0, 9, 9, 9, 7, 9, 1);[54.45, 50, 50, 50]
(1, 1.0, 0, 0, 9, 9, 9, 9, 9, 1, 0, 0, 9, 9, 9, 6, 9, 1);[54.45, 50, 50, 50]
(0, 0.0, 0, 0, 9, 9, 9, 9, 9, 1, 0, 0, 9, 9, 9, 6, 9, 1);[54.45, 50, 50, 50]
(0, 0.0, 0, 0, 9, 9, 9, 9, 9, 1, 0, 0, 9, 9, 9, 5, 9, 1);[64.21740842316878, 50, 50, 50]
(0, 1.0, 0, 0, 9, 9, 9, 9, 9, 1, 0, 0, 9, 9, 9, 8, 9, 1);[399.0461879424551, 50, 50, 50]
(0, 0.0, 0, 0, 9, 9, 9, 9, 5, 1, 0, 0, 9, 9, 9, 9, 0, 1);[55.05, 50, 50, 50]
(0, 0.0, 0, 0, 9, 9, 9, 9, 5, 1, 0, 0, 9, 9, 9, 9, 1, 1);[55.35, 50, 50, 50]
(0, 1.0, 0, 0, 9, 9, 9, 9, 5, 1, 0, 0, 9, 9, 9, 9, 2, 1);[55.35, 50, 50, 50]
(0, 1.0, 0, 0, 9, 9, 9, 9, 5, 1, 0, 0, 9, 9, 9, 9, 4, 1);[55.35, 50, 50, 50]
(0, 1.0, 0, 0, 9, 9, 9, 9, 5, 1, 0, 0, 9, 9, 9, 9, 5, 1);[79.76689812592981, 50, 50, 50]
(0, 1.0, 0, 1, 9, 9, 9, 9, 5, 1, 0, 0, 9, 9, 9, 9, 5, 1);[55.95, 50, 50, 50]
(0, 1.0, 0, 2, 9, 9, 9, 9, 5, 1, 0, 0, 9, 9, 9, 9, 5, 1);[55.95, 50, 50, 50]
(0, 1.0, 0, 3, 9, 9, 9, 9, 5, 1, 0, 0, 9, 9, 9, 9, 5, 1);[55.95, 50, 50, 50]
(0, 1.0, 0, 3, 9, 9, 9, 9, 5, 1, 0, 2, 9, 9, 9, 9, 5, 1);[55.95, 50, 50, 50]
(0, 1.0, 0, 3, 9, 9, 9, 9, 5, 1, 0, 3, 9, 9, 9, 9, 5, 1);[225.9357447846399, 55.85, 50, 50]
(1, 0.0, 0, 3, 9, 9, 9, 9, 5, 1, 0, 1, 9, 9, 9, 8, 5, 1);[55.35, 50, 50, 50]
(1, 0.0, 0, 2, 9, 9, 9, 8, 5, 1, 0, 0, 9, 9, 9, 6, 5, 1);[54.75, 50, 50, 50]
(1, 1.0, 0, 2, 9, 9, 9, 7, 5, 1, 0, 2, 9, 9, 9, 4, 5, 1);[54.65, 50, 50, 50]
(0, 0.0, 0, 2, 9, 9, 9, 7, 5, 1, 0, 2, 9, 9, 9, 2, 5, 1);[54.65, 50, 50, 50]
(0, 0.0, 0, 2, 9, 9, 9, 7, 5, 1, 0, 2, 9, 9, 9, 1, 5, 1);[54.75, 50, 50, 50]
(0, 1.0, 0, 2, 9, 9, 9, 7, 5, 1, 0, 2, 9, 9, 9, 2, 5, 1);[54.95, 50, 50, 50]
(0, 1.0, 0, 2, 9, 9, 9, 8, 5, 1, 0, 2, 9, 9, 9, 4, 5, 1);[55.15, 50, 50, 50]
(0, 1.0, 0, 2, 9, 9, 9, 9, 5, 1, 0, 2, 9, 9, 9, 6, 5, 1);[55.25, 50, 50, 50]
(0, 1.0, 0, 2, 9, 9, 9, 9, 5, 1, 0, 2, 9, 9, 9, 7, 5, 1);[55.25, 50, 50, 50]
(0, 1.0, 0, 2, 9, 9, 9, 9, 5, 1, 0, 2, 9, 9, 9, 9, 5, 1);[935.8382272807461, 50, 50, 50]
(0, 1.0, 1, 2, 9, 9, 9, 9, 5, 1, 0, 2, 9, 9, 9, 9, 5, 1);[125.44910121665924, 50, 50, 50]
(0, 1.0, 2, 2, 9, 9, 9, 9, 5, 1, 0, 2, 9, 9, 9, 9, 5, 1);[55.91925, 50, 50, 50]
(0, 1.0, 0, 2, 9, 9, 9, 9, 6, 1, 0, 2, 9, 9, 9, 9, 5, 1);[56.25, 50, 50, 50]
(0, 1.0, 0, 2, 9, 9, 9, 9, 8, 1, 0, 2, 9, 9, 9, 9, 6, 1);[56.35, 50, 50, 50]
(0, 1.0, 0, 2, 9, 9, 9, 9, 8, 2, 0, 2, 9, 9, 9, 9, 8, 1);[62.065, 50, 50, 50]
(0, 1.0, 0, 2, 9, 9, 9, 9, 8, 2, 0, 2, 9, 9, 9, 9, 8, 2);[703.0040229456455, 50, 50, 50]
(0, 1.0, 0, 3, 9, 9, 9, 9, 8, 2, 0, 2, 9, 9, 9, 9, 8, 2);[56.65, 50, 50, 50]
(0, 1.0, 0, 4, 9, 9, 9, 9, 8, 2, 0, 2, 9, 9, 9, 9, 8, 2);[56.85, 50, 50, 50]
(0, 1.0, 0, 5, 9, 9, 9, 9, 8, 2, 0, 2, 9, 9, 9, 9, 8, 2);[56.95, 50, 50, 50]
(0, 1.0, 0, 6, 9, 9, 9, 9, 8, 2, 0, 4, 9, 9, 9, 9, 8, 2);[56.95, 50, 50, 50]
(0, 1.0, 0, 6, 9, 9, 9, 9, 8, 2, 0, 5, 9, 9, 9, 9, 8, 2);[56.95, 50, 50, 50]
(0, 1.0, 0, 6, 9, 9, 9, 9, 8, 2, 0, 6, 9, 9, 9, 9, 8, 2);[601.778835279164, 50, 50, 50]
(0, 1.0, 0, 6, 9, 9, 9, 9, 8, 4, 0, 6, 9, 9, 9, 9, 8, 2);[58.05, 50, 50, 50]
(0, 1.0, 0, 6, 9, 9, 9, 9, 8, 5, 0, 6, 9, 9, 9, 9, 8, 3);[58.05, 50, 50, 50]
(0, 1.0, 0, 6, 9, 9, 9, 9, 8, 5, 0, 6, 9, 9, 9, 9, 8, 4);[58.05, 50, 50, 50]
(0, 1.0, 0, 6, 9, 9, 9, 9, 8, 5, 0, 6, 9, 9, 9, 9, 8, 5);[94.40262241378224, 50, 50, 50]
(0, 1.0, 0, 6, 9, 9, 9, 9, 8, 6, 0, 6, 9, 9, 9, 9, 8, 5);[58.55, 50, 50, 50]
(0, 1.0, 0, 6, 9, 9, 9, 9, 8, 8, 0, 6, 9, 9, 9, 9, 8, 5);[58.65, 50, 50, 50]
(0, 1.0, 0, 6, 9, 9, 9, 9, 8, 8, 0, 6, 9, 9, 9, 9, 8, 8);[2839.7248382534785, 65.815, 58.45, 58.55]
(0, 1.0, 0, 6, 9, 9, 9, 9, 9, 8, 0, 6, 9, 9, 9, 9, 9, 8);[4027.990285490221, 50, 58.15, 50]
(0, 1.0, 0, 6, 9, 9, 9, 9, 9, 9, 0, 6, 9, 9, 9, 9, 9, 8);[58.95, 50, 50, 50]
(0, 1.0, 0, 6, 9, 9, 9, 9, 9, 9, 0, 6, 9, 9, 9, 9, 9, 9);[1411.9778037569888, 50, 58.85, 50]
(2, 0.0, 0, 6, 9, 9, 9, 9, 9, 9, 0, 6, 9, 9, 9, 9, 8, 9);[58.45, 50, 50, 50]
(2, 0.0, 0, 6, 9, 9, 9, 9, 8, 9, 0, 6, 9, 9, 9, 9, 5, 8);[58.15, 50, 50, 50]
(2, 1.0, 0, 6, 9, 9, 9, 9, 8, 8, 0, 6, 9, 9, 9, 9, 2, 7);[58.35, 50, 50, 50]
(0, 0.0, 0, 6, 9, 9, 9, 9, 8, 8, 0, 6, 9, 9, 9, 9, 2, 6);[58.55, 50, 50, 50]
(0, 0.0, 0, 6, 9, 9, 9, 9, 8, 8, 0, 6, 9, 9, 9, 9, 8, 8);[73.1718271566413, 50, 50, 50]
(2, 0.0, 0, 6, 9, 9, 9, 9, 8, 8, 0, 6, 9, 9, 9, 9, 6, 8);[57.95, 50, 50, 50]
(2, 0.0, 0, 6, 9, 9, 9, 9, 6, 7, 0, 6, 9, 9, 9, 9, 5, 7);[57.45, 50, 50, 50]
(2, 1.0, 0, 6, 9, 9, 9, 9, 6, 6, 0, 6, 9, 9, 9, 9, 2, 4);[57.45, 50, 50, 50]
(0, 0.0, 0, 6, 9, 9, 9, 9, 6, 6, 0, 6, 9, 9, 9, 9, 2, 4);[57.75, 50, 50, 50]
(0, 0.0, 0, 6, 9, 9, 9, 9, 6, 6, 0, 6, 9, 9, 9, 9, 2, 2);[58.05, 50, 50, 50]
(0, 1.0, 0, 6, 9, 9, 9, 9, 6, 7, 0, 6, 9, 9, 9, 9, 4, 4);[58.05, 50, 50, 50]
(0, 1.0, 0, 6, 9, 9, 9, 9, 6, 7, 0, 6, 9, 9, 9, 9, 5, 6);[58.05, 50, 50, 50]
(0, 1.0, 0, 6, 9, 9, 9, 9, 6, 7, 0, 6, 9, 9, 9, 9, 6, 7);[144.7134203194563, 50, 50, 50]
(0, 1.0, 0, 6, 9, 9, 9, 9, 7, 7, 0, 6, 9, 9, 9, 9, 6, 7);[65.675, 50, 50, 50]
(0, 1.0, 0, 6, 9, 9, 9, 9, 7, 7, 0, 6, 9, 9, 9, 9, 7, 7);[154.29796825066825, 50, 50, 50]
(0, 1.0, 0, 6, 9, 9, 9, 9, 8, 7, 0, 6, 9, 9, 9, 9, 7, 7);[58.35, 50, 50, 50]
(0, 1.0, 0, 6, 9, 9, 9, 9, 7, 8, 0, 6, 9, 9, 9, 9, 7, 8);[133.55272522374221, 50, 50, 50]
(0, 1.0, 0, 6, 9, 9, 9, 9, 8, 8, 0, 6, 9, 9, 9, 9, 7, 8);[130.31128003714713, 50, 50, 50]
(3, 0.0, 0, 6, 9, 9, 9, 9, 8, 8, 0, 6, 9, 8, 9, 9, 8, 8);[58.15, 50, 50, 50]
(3, 0.0, 0, 6, 9, 8, 9, 9, 8, 8, 0, 6, 9, 5, 9, 9, 8, 8);[57.55, 50, 50, 50]
(3, 1.0, 0, 6, 9, 6, 9, 9, 8, 8, 0, 6, 9, 3, 9, 9, 8, 8);[57.65, 50, 50, 50]
(0, 0.0, 0, 6, 9, 6, 9, 9, 8, 8, 0, 6, 9, 1, 9, 9, 8, 8);[57.85, 50, 50, 50]
(0, 0.0, 0, 6, 9, 7, 9, 9, 8, 8, 0, 6, 9, 1, 9, 9, 8, 8);[58.25, 50, 50, 50]
(0, 1.0, 0, 6, 9, 7, 9, 9, 8, 8, 0, 6, 9, 3, 9, 9, 8, 8);[58.45, 50, 50, 50]
(0, 1.0, 0, 6, 9, 8, 9, 9, 8, 8, 0, 6, 9, 4, 9, 9, 8, 8);[58.55, 50, 50, 50]
(0, 1.0, 0, 6, 9, 9, 9, 9, 8, 8, 0, 6, 9, 7, 9, 9, 8, 8);[181.92128660627597, 50, 50, 50]
(1, 0.0, 0, 6, 9, 9, 9, 9, 8, 8, 0, 6, 9, 9, 9, 8, 8, 8);[58.45, 50, 50, 50]
(1, 0.0, 0, 6, 9, 9, 9, 8, 8, 8, 0, 6, 9, 9, 9, 6, 8, 8);[57.85, 50, 50, 50]
(1, 1.0, 0, 6, 9, 9, 9, 7, 8, 8, 0, 6, 9, 9, 9, 4, 8, 8);[57.75, 50, 50, 50]
(0, 0.0, 0, 6, 9, 9, 9, 7, 8, 8, 0, 6, 9, 9, 9, 2, 8, 8);[57.75, 50, 50, 50]
(0, 0.0, 0, 6, 9, 9, 9, 7, 8, 8, 0, 6, 9, 9, 9, 1, 8, 8);[57.85, 50, 50, 50]
(0, 1.0, 0, 6, 9, 9, 9, 7, 8, 8, 0, 6, 9, 9, 9, 3, 8, 8);[58.05, 50, 50, 50]
(0, 1.0, 0, 6, 9, 9, 9, 8, 8, 8, 0, 6, 9, 9, 9, 4, 8, 8);[58.25, 50, 50, 50]
(0, 1.0, 0, 6, 9, 9, 9, 9, 8, 8, 0, 6, 9, 9, 9, 6, 8, 8);[58.35, 50, 50, 50]
(0, 1.0, 0, 6, 9, 9, 9, 9, 8, 8, 0, 6, 9, 9, 9, 7, 8, 8);[357.40357113810387, 50, 50, 50]
(0, 1.0, 0, 6, 9, 9, 9, 9, 9, 8, 0, 6, 9, 9, 9, 9, 8, 8);[198.55100328883427, 50, 50, 50]
(0, 1.0, 0, 6, 9, 9, 9, 9, 9, 8, 0, 6, 9, 9, 7, 9, 9, 8);[65.905, 50, 50, 50]
(0, 1.0, 0, 6, 9, 9, 8, 9, 9, 8, 0, 4, 9, 9, 5, 9, 9, 8);[58.65, 50, 50, 50]
(0, 1.0, 0, 6, 9, 9, 7, 9, 9, 8, 0, 3, 9, 9, 3, 9, 9, 8);[58.15, 50, 50, 50]
(0, 1.0, 0, 6, 9, 9, 6, 9, 9, 8, 0, 3, 9, 9, 1, 9, 9, 8);[57.85, 50, 50, 50]
(0, 1.0, 0, 6, 9, 9, 5, 9, 9, 8, 0, 5, 9, 9, 0, 9, 9, 8);[57.45, 50, 50, 50]
(0, 1.0, 0, 6, 9, 9, 4, 9, 9, 8, 0, 6, 9, 9, 0, 9, 9, 8);[74.15020849999999, 50, 50, 50]
(0, 1.0, 0, 6, 9, 9, 3, 9, 9, 8, 0, 6, 9, 9, 0, 9, 9, 8);[74.5748435325, 50, 50, 50]
(0, 1.0, 0, 6, 9, 9, 2, 9, 9, 8, 0, 6, 9, 9, 0, 9, 9, 8);[69.516842765725, 50, 50, 50]
(0, 1.0, 0, 6, 9, 9, 5, 9, 9, 8, 0, 6, 9, 9, 1, 9, 9, 8);[57.15, 50, 50, 50]
(0, 1.0, 0, 6, 9, 9, 6, 9, 9, 8, 0, 6, 9, 9, 2, 9, 9, 8);[57.35, 50, 50, 50]
(0, 1.0, 0, 6, 9, 9, 7, 9, 9, 8, 0, 6, 9, 9, 4, 9, 9, 8);[57.65, 50, 50, 50]
(0, 1.0, 0, 6, 9, 9, 8, 9, 9, 8, 0, 6, 9, 9, 5, 9, 9, 8);[58.63605, 50, 50, 50]
(0, 1.0, 0, 6, 9, 9, 9, 9, 9, 8, 0, 6, 9, 9, 8, 9, 9, 8);[294.7314814994211, 50, 50, 50]
(2, 0.0, 0, 6, 9, 9, 9, 9, 9, 8, 0, 6, 9, 9, 9, 9, 8, 8);[57.75, 50, 50, 50]
(2, 0.0, 0, 6, 9, 9, 9, 9, 8, 8, 0, 6, 9, 9, 9, 9, 5, 8);[57.15, 50, 50, 50]
(2, 1.0, 0, 6, 9, 9, 9, 9, 6, 8, 0, 6, 9, 9, 9, 9, 2, 8);[57.25, 50, 50, 50]
(0, 0.0, 0, 6, 9, 9, 9, 9, 6, 8, 0, 6, 9, 9, 9, 9, 0, 8);[57.55, 50, 50, 50]
(0, 0.0, 0, 6, 9, 9, 9, 9, 6, 8, 0, 6, 9, 9, 9, 9, 1, 8);[57.65, 50, 50, 50]
(0, 1.0, 0, 6, 9, 9, 9, 9, 6, 8, 0, 6, 9, 9, 9, 9, 4, 8);[57.85, 50, 50, 50]
(0, 1.0, 0, 6, 9, 9, 9, 9, 7, 8, 0, 6, 9, 9, 9, 9, 5, 8);[58.05, 50, 50, 50]
(0, 1.0, 0, 6, 9, 9, 9, 9, 8, 8, 0, 6, 9, 9, 9, 9, 6, 8);[333.7114704575519, 50, 50, 50]
(1, 0.0, 0, 5, 9, 9, 9, 9, 8, 8, 0, 4, 9, 9, 9, 8, 8, 8);[57.05, 50, 50, 50]
(1, 0.0, 0, 4, 9, 9, 9, 8, 8, 8, 0, 1, 9, 9, 9, 6, 8, 8);[55.85, 50, 50, 50]
(1, 1.0, 0, 2, 9, 9, 9, 7, 8, 8, 0, 0, 9, 9, 9, 4, 8, 8);[55.85, 50, 50, 50]
(0, 0.0, 0, 2, 9, 9, 9, 7, 8, 8, 0, 0, 9, 9, 9, 2, 8, 8);[56.05, 50, 50, 50]
(0, 0.0, 0, 2, 9, 9, 9, 7, 8, 8, 0, 2, 9, 9, 9, 2, 8, 8);[56.55, 50, 50, 50]
(0, 1.0, 1, 2, 9, 9, 9, 7, 8, 8, 0, 2, 9, 9, 9, 3, 8, 8);[57.05, 50, 50, 50]
(0, 1.0, 2, 2, 9, 9, 9, 8, 8, 8, 0, 2, 9, 9, 9, 4, 8, 8);[57.05, 50, 50, 50]
(0, 1.0, 2, 2, 9, 9, 9, 9, 8, 8, 0, 2, 9, 9, 9, 6, 8, 8);[56.55, 50, 50, 50]
(0, 1.0, 0, 2, 9, 9, 9, 9, 8, 8, 0, 2, 9, 9, 9, 7, 8, 8);[56.35, 50, 50, 50]
(0, 1.0, 0, 2, 9, 9, 9, 9, 8, 8, 0, 2, 9, 9, 9, 9, 8, 8);[1740.5898264193875, 57.05, 50, 50]
(1, 0.0, 0, 2, 9, 9, 9, 9, 8, 8, 0, 1, 9, 9, 9, 8, 8, 8);[56.05, 50, 50, 50]
(1, 0.0, 0, 0, 9, 9, 9, 8, 8, 8, 0, 0, 9, 9, 9, 6, 8, 8);[55.15, 50, 50, 50]
(1, 1.0, 0, 0, 9, 9, 9, 7, 8, 8, 0, 0, 9, 9, 9, 4, 8, 8);[55.35, 50, 50, 50]
(0, 0.0, 0, 0, 9, 9, 9, 7, 8, 8, 0, 0, 9, 9, 9, 2, 8, 8);[55.45, 50, 50, 50]
(0, 0.0, 0, 0, 9, 9, 9, 7, 8, 8, 0, 0, 9, 9, 9, 1, 8, 8);[55.65, 50, 50, 50]
(0, 1.0, 0, 0, 9, 9, 9, 7, 8, 8, 0, 0, 9, 9, 9, 2, 8, 8);[55.85, 50, 50, 50]
(0, 1.0, 0, 0, 9, 9, 9, 8, 8, 8, 0, 0, 9, 9, 9, 4, 8, 8);[56.05, 50, 50, 50]
(0, 1.0, 0, 0, 9, 9, 9, 9, 8, 8, 0, 0, 9, 9, 9, 6, 8, 8);[56.15, 50, 50, 50]
(0, 1.0, 0, 0, 9, 9, 9, 9, 8, 8, 0, 0, 9, 9, 9, 7, 8, 8);[56.15, 50, 50, 50]
(0, 1.0, 0, 0, 9, 9, 9, 9, 8, 8, 0, 0, 9, 9, 9, 8, 8, 8);[56.15, 50, 50, 50]
(0, 1.0, 0, 0, 9, 9, 9, 9, 8, 8, 0, 0, 9, 9, 9, 9, 8, 8);[1429.0355229346571, 50, 50, 56.35]
(3, 0.0, 0, 0, 9, 9, 9, 9, 8, 8, 0, 0, 9, 8, 9, 9, 8, 8);[55.95, 50, 50, 50]
(3, 0.0, 0, 0, 9, 8, 9, 9, 8, 8, 0, 0, 9, 5, 9, 9, 8, 8);[55.35, 50, 50, 50]
(3, 1.0, 0, 0, 9, 6, 9, 9, 8, 8, 0, 0, 9, 3, 9, 9, 8, 8);[55.35, 50, 50, 50]
(0, 0.0, 0, 0, 9, 6, 9, 9, 8, 8, 0, 0, 9, 1, 9, 9, 8, 8);[55.75, 50, 50, 50]
(0, 0.0, 0, 0, 9, 7, 9, 9, 8, 8, 0, 0, 9, 1, 9, 9, 8, 8);[56.05, 50, 50, 50]
(0, 1.0, 0, 0, 9, 7, 9, 9, 8, 8, 0, 0, 9, 3, 9, 9, 8, 8);[56.25, 50, 50, 50]
(0, 1.0, 0, 0, 9, 8, 9, 9, 8, 8, 0, 0, 9, 6, 9, 9, 8, 8);[56.45, 50, 50, 50]
(0, 1.0, 0, 0, 9, 9, 9, 9, 8, 8, 0, 0, 9, 7, 9, 9, 8, 8);[83.091081262829, 50, 50, 50]
(0, 1.0, 0, 0, 9, 9, 9, 9, 8, 9, 0, 0, 9, 9, 9, 9, 8, 8);[56.45, 50, 50, 50]
(0, 1.0, 0, 0, 9, 9, 9, 9, 8, 9, 0, 0, 9, 9, 9, 9, 8, 9);[2289.4229230735973, 56.35, 50, 50]
(1, 0.0, 0, 0, 9, 9, 9, 9, 8, 9, 0, 0, 9, 9, 9, 8, 8, 9);[55.95, 50, 50, 50]
(1, 0.0, 0, 0, 9, 9, 9, 8, 8, 9, 0, 0, 9, 9, 9, 6, 8, 9);[55.35, 50, 50, 50]
(1, 1.0, 0, 0, 9, 9, 9, 7, 8, 9, 0, 0, 9, 9, 9, 4, 8, 9);[55.25, 50, 50, 50]
(0, 0.0, 0, 0, 9, 9, 9, 7, 8, 9, 0, 0, 9, 9, 9, 2, 8, 9);[60.075, 50, 50, 50]
(0, 1.0, 0, 0, 9, 9, 9, 7, 8, 9, 0, 0, 9, 9, 9, 3, 8, 9);[55.55, 50, 50, 50]
(0, 1.0, 0, 0, 9, 9, 9, 8, 8, 9, 0, 0, 9, 9, 9, 5, 8, 9);[55.65, 50, 50, 50]
(0, 1.0, 0, 0, 9, 9, 9, 8, 8, 9, 0, 0, 9, 9, 9, 6, 8, 9);[55.85, 50, 50, 50]
(0, 1.0, 0, 0, 9, 9, 9, 9, 8, 9, 0, 0, 9, 9, 9, 7, 8, 9);[104.37762813910805, 50, 50, 50]
(0, 1.0, 0, 0, 9, 9, 9, 9, 8, 9, 0, 0, 9, 9, 7, 9, 8, 9);[216.97202517092927, 50, 50, 50]
(0, 1.0, 0, 0, 9, 9, 8, 9, 8, 9, 0, 0, 9, 9, 5, 9, 8, 9);[60.765, 50, 50, 50]
(0, 1.0, 0, 0, 9, 9, 7, 9, 8, 9, 0, 0, 9, 9, 3, 9, 8, 9);[60.73465, 50, 50, 50]
(0, 1.0, 0, 0, 9, 9, 6, 9, 8, 9, 0, 0, 9, 9, 1, 9, 8, 9);[55.05, 50, 50, 50]
(0, 1.0, 0, 0, 9, 9, 6, 9, 8, 9, 0, 0, 9, 9, 0, 9, 8, 9);[55.35, 50, 50, 50]
(0, 1.0, 0, 0, 9, 9, 6, 9, 8, 9, 0, 0, 9, 9, 2, 9, 8, 9);[56.04005, 50, 50, 50]
(0, 1.0, 0, 0, 9, 9, 9, 9, 8, 9, 0, 0, 9, 9, 6, 9, 8, 9);[56.63905, 50, 50, 50]
(0, 1.0, 0, 0, 9, 9, 9, 9, 9, 9, 0, 0, 9, 9, 9, 9, 8, 9);[56.25, 50, 50, 50]
(0, 1.0, 0, 0, 9, 9, 9, 9, 9, 9, 0, 0, 9, 9, 9, 9, 9, 9);[2290.6905899946023, 50, 50, 56.15]
(3, 0.0, 0, 0, 9, 9, 9, 9, 9, 9, 0, 0, 9, 8, 9, 9, 9, 9);[55.75, 50, 50, 50]
(3, 0.0, 0, 0, 9, 8, 9, 9, 9, 9, 0, 0, 9, 5, 9, 9, 9, 9);[55.15, 50, 50, 50]
(3, 1.0, 0, 0, 9, 6, 9, 9, 9, 9, 0, 0, 9, 3, 9, 9, 9, 9);[55.05, 50, 50, 50]
(0, 0.0, 0, 0, 9, 6, 9, 9, 9, 9, 0, 0, 9, 1, 9, 9, 9, 9);[60.565, 50, 50, 50]
(0, 1.0, 0, 0, 9, 7, 9, 9, 9, 9, 0, 0, 9, 3, 9, 9, 9, 9);[56.15, 50, 50, 50]
(0, 1.0, 0, 0, 9, 9, 9, 9, 9, 9, 0, 0, 9, 5, 9, 9, 9, 9);[56.15, 50, 50, 50]
(0, 1.0, 0, 0, 9, 9, 9, 9, 9, 9, 0, 0, 9, 7, 9, 9, 9, 9);[256.1527965744158, 50, 50, 50]
(0, 1.0, 0, 0, 9, 9, 8, 9, 9, 9, 0, 0, 9, 9, 7, 9, 9, 9);[56.35, 50, 50, 50]
(0, 1.0, 0, 0, 9, 9, 8, 9, 9, 9, 0, 0, 9, 9, 6, 9, 9, 9);[62.065, 50, 50, 50]
(0, 1.0, 0, 0, 9, 9, 8, 9, 9, 9, 0, 0, 9, 9, 5, 9, 9, 9);[84.29293759275562, 50, 50, 50]
(0, 1.0, 0, 0, 9, 9, 8, 9, 9, 9, 0, 0, 9, 9, 4, 9, 9, 9);[62.355000000000004, 50, 50, 50]
(0, 1.0, 0, 0, 9, 9, 9, 9, 9, 9, 0, 0, 9, 9, 6, 9, 9, 9);[56.65, 50, 50, 50]
(0, 1.0, 0, 0, 9, 9, 9, 9, 9, 9, 0, 0, 9, 9, 7, 9, 9, 9);[264.09810082959655, 50, 50, 50]
(0, 1.0, 0, 0, 9, 9, 9, 9, 9, 9, 0, 0, 9, 9, 8, 9, 9, 9);[288.8666213315191, 50, 50, 50]
(0, 1.0, 0, 0, 9, 9, 7, 9, 9, 9, 0, 0, 9, 9, 4, 9, 9, 9);[55.75, 50, 50, 50]
(0, 1.0, 0, 0, 9, 9, 6, 9, 9, 9, 0, 0, 9, 9, 2, 9, 9, 9);[55.55, 50, 50, 50]
(0, 1.0, 0, 0, 9, 9, 5, 9, 9, 9, 0, 0, 9, 9, 0, 9, 9, 9);[59.585, 50, 50, 50]
(0, 1.0, 0, 0, 9, 9, 4, 9, 9, 9, 0, 0, 9, 9, 0, 9, 9, 9);[54.75, 50, 50, 50]
(0, 1.0, 0, 0, 9, 9, 3, 9, 9, 9, 0, 0, 9, 9, 0, 9, 9, 9);[66.1002455, 50, 50, 50]
(0, 1.0, 0, 0, 9, 9, 2, 9, 9, 9, 0, 0, 9, 9, 0, 9, 9, 9);[63.10970850499999, 50, 50, 50]
(0, 1.0, 0, 0, 9, 9, 6, 9, 9, 9, 0, 0, 9, 9, 1, 9, 9, 9);[55.15, 50, 50, 50]
(0, 1.0, 0, 0, 9, 9, 7, 9, 9, 9, 0, 0, 9, 9, 3, 9, 9, 9);[56.08855, 50, 50, 50]
(0, 1.0, 0, 1, 9, 9, 9, 9, 9, 9, 0, 0, 9, 9, 9, 9, 9, 9);[56.25, 50, 50, 50]
(0, 1.0, 0, 2, 9, 9, 9, 9, 9, 9, 0, 0, 9, 9, 9, 9, 9, 9);[56.35, 50, 50, 50]
(0, 1.0, 0, 3, 9, 9, 9, 9, 9, 9, 0, 0, 9, 9, 9, 9, 9, 9);[56.35, 50, 50, 50]
(0, 1.0, 0, 3, 9, 9, 9, 9, 9, 9, 0, 2, 9, 9, 9, 9, 9, 9);[56.35, 50, 50, 50]
(0, 1.0, 0, 3, 9, 9, 9, 9, 9, 9, 0, 3, 9, 9, 9, 9, 9, 9);[1926.769302519355, 56.05, 50, 61.685]
(3, 0.0, 0, 3, 9, 9, 9, 9, 9, 9, 0, 3, 9, 8, 9, 9, 9, 8);[55.45, 50, 50, 50]
(3, 0.0, 0, 3, 9, 7, 9, 9, 9, 9, 0, 3, 9, 5, 9, 9, 9, 6);[54.95, 50, 50, 50]
(3, 1.0, 0, 3, 9, 6, 9, 9, 9, 8, 0, 3, 9, 3, 9, 9, 9, 2);[54.85, 50, 50, 50]
(0, 0.0, 0, 3, 9, 6, 9, 9, 9, 8, 0, 3, 9, 1, 9, 9, 9, 1);[55.15, 50, 50, 50]
(0, 0.0, 0, 3, 9, 6, 9, 9, 9, 8, 0, 3, 9, 1, 9, 9, 9, 3);[55.45, 50, 50, 50]
(0, 1.0, 0, 3, 9, 7, 9, 9, 9, 8, 0, 3, 9, 3, 9, 9, 9, 5);[55.75, 50, 50, 50]
(0, 1.0, 0, 3, 9, 8, 9, 9, 9, 8, 0, 3, 9, 4, 9, 9, 9, 8);[55.95, 50, 50, 50]
(0, 1.0, 0, 3, 9, 9, 9, 9, 9, 8, 0, 3, 9, 7, 9, 9, 9, 8);[56.05, 50, 50, 50]
(0, 1.0, 0, 3, 9, 9, 9, 9, 9, 8, 0, 3, 9, 8, 9, 9, 9, 8);[56.05, 50, 50, 50]
(0, 1.0, 0, 3, 9, 9, 9, 9, 9, 8, 0, 3, 9, 9, 9, 9, 9, 8);[83.32060442278043, 50, 50, 50]
(0, 1.0, 0, 3, 9, 9, 9, 9, 9, 9, 0, 3, 9, 9, 9, 9, 9, 8);[131.16195731016109, 50, 50, 50]
(3, 0.0, 0, 3, 9, 9, 9, 9, 9, 9, 0, 3, 9, 8, 9, 9, 9, 9);[55.75, 50, 50, 50]
(3, 0.0, 0, 3, 9, 8, 9, 9, 9, 9, 0, 3, 9, 5, 9, 9, 9, 9);[55.15, 50, 50, 50]
(3, 1.0, 0, 3, 9, 6, 9, 9, 9, 9, 0, 3, 9, 3, 9, 9, 9, 9);[55.05, 50, 50, 50]
(0, 0.0, 0, 3, 9, 6, 9, 9, 9, 9, 0, 3, 9, 1, 9, 9, 9, 9);[60.465, 50, 50, 50]
(0, 1.0, 0, 3, 9, 7, 9, 9, 9, 9, 0, 3, 9, 3, 9, 9, 9, 9);[56.05, 50, 50, 50]
(0, 1.0, 0, 3, 9, 8, 9, 9, 9, 9, 0, 3, 9, 5, 9, 9, 9, 9);[56.15, 50, 50, 50]
(0, 1.0, 0, 3, 9, 9, 9, 9, 9, 9, 0, 3, 9, 7, 9, 9, 9, 9);[56.25, 50, 50, 50]
(0, 1.0, 0, 3, 9, 9, 9, 9, 9, 9, 0, 3, 9, 8, 9, 9, 9, 9);[238.5709239456079, 50, 50, 50]
(1, 0.0, 0, 2, 9, 9, 9, 9, 9, 9, 0, 1, 9, 9, 9, 8, 9, 9);[55.45, 50, 50, 50]
(1, 0.0, 0, 2, 9, 9, 9, 7, 9, 9, 0, 0, 9, 9, 9, 6, 9, 9);[55.05, 50, 50, 50]
(1, 1.0, 0, 2, 9, 9, 9, 7, 9, 9, 0, 1, 9, 9, 9, 4, 9, 9);[54.95, 50, 50, 50]
(0, 0.0, 0, 2, 9, 9, 9, 7, 9, 9, 0, 2, 9, 9, 9, 2, 9, 9);[54.95, 50, 50, 50]
(0, 0.0, 0, 2, 9, 9, 9, 7, 9, 9, 0, 2, 9, 9, 9, 1, 9, 9);[55.05, 50, 50, 50]
(0, 1.0, 0, 2, 9, 9, 9, 7, 9, 9, 0, 2, 9, 9, 9, 3, 9, 9);[55.25, 50, 50, 50]
(0, 1.0, 0, 2, 9, 9, 9, 8, 9, 9, 0, 2, 9, 9, 9, 4, 9, 9);[55.45, 50, 50, 50]
(0, 1.0, 0, 2, 9, 9, 9, 9, 9, 9, 0, 2, 9, 9, 9, 6, 9, 9);[55.55, 50, 50, 50]
(0, 1.0, 0, 2, 9, 9, 9, 9, 9, 9, 0, 2, 9, 9, 9, 7, 9, 9);[55.55, 50, 50, 50]
(0, 1.0, 0, 2, 9, 9, 9, 9, 9, 9, 0, 2, 9, 9, 9, 9, 9, 9);[978.55989892018, 50, 55.45, 50]
(2, 0.0, 0, 2, 9, 9, 9, 9, 9, 9, 0, 2, 9, 9, 9, 9, 8, 9);[55.05, 50, 50, 50]
(2, 0.0, 0, 2, 9, 9, 9, 9, 8, 9, 0, 2, 9, 9, 9, 9, 5, 9);[54.45, 50, 50, 50]
(2, 1.0, 0, 2, 9, 9, 9, 9, 6, 9, 0, 2, 9, 9, 9, 9, 2, 9);[54.55, 50, 50, 50]
(0, 0.0, 0, 2, 9, 9, 9, 9, 6, 9, 0, 2, 9, 9, 9, 9, 0, 9);[54.75, 50, 50, 50]
(0, 0.0, 0, 2, 9, 9, 9, 9, 6, 9, 0, 2, 9, 9, 9, 9, 2, 9);[54.95, 50, 50, 50]
(0, 1.0, 0, 2, 9, 9, 9, 9, 6, 9, 0, 2, 9, 9, 9, 9, 3, 9);[54.95, 50, 50, 50]
(0, 1.0, 0, 2, 9, 9, 9, 9, 6, 9, 0, 2, 9, 9, 9, 9, 5, 9);[54.95, 50, 50, 50]
(0, 1.0, 0, 2, 9, 9, 9, 9, 6, 9, 0, 2, 9, 9, 9, 9, 6, 9);[682.5588597213076, 59.215, 50, 50]
(1, 0.0, 0, 2, 9, 9, 9, 9, 6, 9, 0, 2, 9, 9, 9, 8, 6, 9);[54.75, 50, 50, 50]
(1, 0.0, 0, 2, 9, 9, 9, 9, 6, 9, 0, 2, 9, 9, 9, 7, 6, 9);[54.75, 50, 50, 50]
(1, 1.0, 0, 2, 9, 9, 9, 9, 6, 9, 0, 2, 9, 9, 9, 6, 6, 9);[54.75, 50, 50, 50]
(0, 0.0, 0, 2, 9, 9, 9, 9, 6, 9, 0, 2, 9, 9, 9, 6, 6, 9);[54.95, 50, 50, 50]
(0, 0.0, 1, 2, 9, 9, 9, 9, 6, 9, 0, 2, 9, 9, 9, 5, 6, 9);[55.35, 50, 50, 50]
(0, 1.0, 2, 2, 9, 9, 9, 9, 6, 9, 0, 2, 9, 9, 9, 7, 6, 9);[55.15, 50, 50, 50]
(0, 1.0, 2, 2, 9, 9, 9, 9, 6, 9, 0, 2, 9, 9, 9, 8, 6, 9);[84.9453689771444, 50, 50, 50]
(1, 0.0, 0, 2, 9, 9, 9, 9, 6, 9, 0, 2, 9, 9, 9, 9, 6, 9);[59.215, 50, 50, 50]
(1, 1.0, 0, 2, 9, 9, 9, 9, 6, 9, 0, 2, 9, 9, 9, 9, 6, 9);[54.85, 50, 50, 50]
(0, 0.0, 0, 2, 9, 9, 9, 9, 6, 9, 0, 2, 9, 9, 9, 9, 6, 9);[117.81676901330391, 50, 50, 50]
(0, 1.0, 0, 4, 9, 9, 9, 9, 6, 9, 0, 2, 9, 9, 9, 9, 6, 9);[55.35, 50, 50, 50]
(0, 1.0, 0, 5, 9, 9, 9, 9, 6, 9, 0, 2, 9, 9, 9, 9, 6, 9);[55.45, 50, 50, 50]
(0, 1.0, 0, 6, 9, 9, 9, 9, 6, 9, 0, 4, 9, 9, 9, 9, 6, 9);[55.45, 50, 50, 50]
(0, 1.0, 0, 6, 9, 9, 9, 9, 6, 9, 0, 6, 9, 9, 9, 9, 6, 9);[2430.7209196046288, 61.380145000000006, 55.35, 55.35]
(1, 0.0, 0, 6, 9, 9, 9, 9, 6, 9, 0, 6, 9, 9, 9, 9, 6, 9);[70.2047305, 50, 50, 50]
(1, 1.0, 0, 6, 9, 9, 9, 9, 6, 9, 0, 6, 9, 9, 9, 9, 6, 9);[70.18327875400853, 50, 50, 50]
(0, 0.0, 0, 6, 9, 9, 9, 9, 6, 9, 0, 6, 9, 9, 9, 9, 6, 9);[310.11174234226894, 50, 50, 50]
(0, 1.0, 1, 6, 9, 9, 9, 9, 6, 9, 0, 6, 9, 9, 9, 9, 6, 9);[189.28596335920656, 50, 50, 50]
(0, 1.0, 2, 6, 9, 9, 9, 9, 6, 9, 0, 6, 9, 9, 9, 9, 6, 9);[61.21405, 50, 50, 50]
(3, 0.0, 0, 6, 9, 9, 9, 9, 6, 9, 0, 6, 9, 8, 9, 9, 6, 9);[54.95, 50, 50, 50]
(3, 0.0, 0, 6, 9, 8, 9, 9, 6, 9, 0, 6, 9, 5, 9, 9, 6, 9);[54.35, 50, 50, 50]
(3, 1.0, 0, 6, 9, 6, 9, 9, 6, 9, 0, 6, 9, 3, 9, 9, 6, 9);[54.35, 50, 50, 50]
(0, 0.0, 0, 6, 9, 6, 9, 9, 6, 9, 0, 6, 9, 1, 9, 9, 6, 9);[54.55, 50, 50, 50]
(0, 0.0, 0, 6, 9, 6, 9, 9, 6, 9, 0, 6, 9, 2, 9, 9, 6, 9);[54.95, 50, 50, 50]
(0, 1.0, 0, 6, 9, 7, 9, 9, 6, 9, 0, 6, 9, 3, 9, 9, 6, 9);[55.25, 50, 50, 50]
(0, 1.0, 0, 6, 9, 8, 9, 9, 6, 9, 0, 6, 9, 6, 9, 9, 6, 9);[55.35, 50, 50, 50]
(0, 1.0, 0, 6, 9, 9, 9, 9, 6, 9, 0, 6, 9, 7, 9, 9, 6, 9);[217.839574419487, 50, 50, 50]
(2, 0.0, 0, 6, 9, 9, 9, 9, 5, 9, 0, 6, 9, 9, 9, 9, 4, 9);[54.95, 50, 50, 50]
(2, 0.0, 0, 6, 9, 9, 9, 9, 4, 9, 0, 6, 9, 9, 9, 9, 1, 9);[54.35, 50, 50, 50]
(2, 1.0, 0, 6, 9, 9, 9, 9, 2, 9, 0, 6, 9, 9, 9, 9, 0, 9);[54.45, 50, 50, 50]
(0, 0.0, 0, 6, 9, 9, 9, 9, 2, 9, 0, 6, 9, 9, 9, 9, 0, 9);[54.65, 50, 50, 50]
(0, 0.0, 0, 6, 9, 9, 9, 9, 2, 9, 0, 6, 9, 9, 9, 9, 1, 9);[54.85, 50, 50, 50]
(0, 1.0, 0, 6, 9, 9, 9, 9, 2, 9, 0, 6, 9, 9, 9, 9, 2, 9);[1225.4209922363689, 50, 54.75, 50]
(0, 1.0, 0, 6, 9, 9, 9, 9, 2, 9, 0, 5, 9, 9, 9, 9, 2, 9);[54.75, 50, 50, 50]
(0, 1.0, 0, 6, 9, 9, 9, 9, 2, 9, 0, 3, 9, 9, 9, 9, 2, 9);[54.75, 50, 50, 50]
(0, 1.0, 0, 6, 9, 9, 9, 9, 2, 9, 0, 2, 9, 9, 9, 9, 2, 9);[54.85, 50, 50, 50]
(0, 1.0, 0, 6, 9, 9, 9, 9, 2, 9, 0, 4, 9, 9, 9, 9, 2, 9);[57.53096895824522, 50, 50, 50]
(0, 1.0, 1, 6, 9, 9, 9, 9, 2, 9, 0, 6, 9, 9, 9, 9, 2, 9);[171.78525662420526, 50, 50, 50]
(0, 1.0, 2, 6, 9, 9, 9, 9, 2, 9, 0, 6, 9, 9, 9, 9, 2, 9);[55.47965, 50, 50, 50]
(2, 0.0, 0, 6, 9, 9, 9, 9, 2, 9, 0, 6, 9, 9, 9, 9, 1, 9);[54.25, 50, 50, 50]
(2, 0.0, 0, 6, 9, 9, 9, 9, 0, 9, 0, 6, 9, 9, 9, 9, 0, 9);[53.85, 50, 50, 50]
(2, 1.0, 0, 6, 9, 9, 9, 9, 0, 9, 0, 6, 9, 9, 9, 9, 0, 9);[53.95, 50, 50, 50]
(0, 0.0, 0, 6, 9, 9, 9, 9, 0, 9, 0, 6, 9, 9, 9, 9, 0, 9);[58.085, 50, 50, 50]
(0, 1.0, 0, 6, 9, 9, 9, 9, 0, 9, 0, 6, 9, 9, 9, 9, 0, 9);[1366.8790815287668, 50, 50, 54.25]
(3, 0.0, 0, 6, 9, 9, 9, 9, 0, 9, 0, 6, 9, 8, 9, 9, 0, 9);[53.85, 50, 50, 50]
(3, 0.0, 0, 6, 9, 8, 9, 9, 0, 9, 0, 6, 9, 5, 9, 9, 0, 9);[53.25, 50, 50, 50]
(3, 1.0, 0, 6, 9, 6, 9, 9, 0, 9, 0, 6, 9, 3, 9, 9, 0, 9);[53.35, 50, 50, 50]
(0, 0.0, 0, 6, 9, 6, 9, 9, 0, 9, 0, 6, 9, 1, 9, 9, 0, 9);[53.65, 50, 50, 50]
(0, 0.0, 0, 6, 9, 7, 9, 9, 0, 9, 0, 6, 9, 2, 9, 9, 0, 9);[53.95, 50, 50, 50]
(0, 1.0, 0, 6, 9, 7, 9, 9, 0, 9, 0, 6, 9, 4, 9, 9, 0, 9);[54.15, 50, 50, 50]
(0, 1.0, 0, 6, 9, 8, 9, 9, 0, 9, 0, 6, 9, 6, 9, 9, 0, 9);[54.25, 50, 50, 50]
(0, 1.0, 0, 6, 9, 9, 9, 9, 0, 9, 0, 6, 9, 7, 9, 9, 0, 9);[54.35, 50, 50, 50]
(0, 1.0, 0, 6, 9, 9, 9, 9, 0, 9, 0, 6, 9, 8, 9, 9, 0, 9);[135.60917938041428, 50, 50, 50]
(0, 1.0, 0, 7, 9, 9, 9, 9, 0, 9, 0, 6, 9, 9, 9, 9, 0, 9);[54.85, 50, 50, 50]
(0, 1.0, 1, 8, 9, 9, 9, 9, 0, 9, 0, 7, 9, 9, 9, 9, 0, 9);[54.95, 50, 50, 50]
(0, 1.0, 1, 8, 9, 9, 9, 9, 0, 9, 0, 8, 9, 9, 9, 9, 0, 9);[54.95, 50, 50, 50]
(0, 1.0, 1, 8, 9, 9, 9, 9, 0, 9, 1, 8, 9, 9, 9, 9, 0, 9);[1427.6470517534901, 50, 54.95, 54.85]
(2, 0.0, 1, 8, 9, 9, 9, 9, 0, 9, 1, 8, 9, 9, 9, 9, 0, 9);[59.405, 50, 50, 50]
(2, 1.0, 1, 8, 9, 9, 9, 9, 0, 9, 1, 8, 9, 9, 9, 9, 0, 9);[54.95, 50, 50, 50]
(0, 0.0, 1, 8, 9, 9, 9, 9, 0, 9, 1, 8, 9, 9, 9, 9, 0, 9);[163.2422639459681, 50, 50, 50]
(3, 0.0, 1, 8, 9, 9, 9, 9, 0, 9, 1, 8, 9, 8, 9, 9, 0, 9);[54.75, 50, 50, 50]
(3, 0.0, 2, 8, 9, 8, 9, 9, 0, 9, 1, 8, 9, 5, 9, 9, 0, 9);[54.35, 50, 50, 50]
(3, 1.0, 4, 8, 9, 6, 9, 9, 0, 9, 1, 8, 9, 3, 9, 9, 0, 9);[54.45, 50, 50, 50]
(0, 0.0, 4, 8, 9, 6, 9, 9, 0, 9, 2, 8, 9, 1, 9, 9, 0, 9);[54.75, 50, 50, 50]
(0, 0.0, 4, 8, 9, 7, 9, 9, 0, 9, 4, 8, 9, 2, 9, 9, 0, 9);[55.15, 50, 50, 50]
(0, 1.0, 4, 8, 9, 7, 9, 9, 0, 9, 4, 8, 9, 3, 9, 9, 0, 9);[60.60455, 50, 50, 50]
(0, 1.0, 4, 8, 9, 8, 9, 9, 0, 9, 4, 8, 9, 5, 9, 9, 0, 9);[60.904450000000004, 50, 50, 50]
(0, 1.0, 4, 8, 9, 9, 9, 9, 0, 9, 4, 8, 9, 7, 9, 9, 0, 9);[61.094449999999995, 50, 50, 50]
(0, 1.0, 4, 8, 9, 9, 9, 9, 0, 9, 4, 8, 9, 8, 9, 9, 0, 9);[348.4656457963356, 50, 50, 50]
(0, 1.0, 4, 8, 9, 9, 9, 9, 0, 9, 4, 8, 9, 9, 9, 9, 0, 9);[2937.8646982381115, 50, 68.01702999049999, 55.45]
(2, 0.0, 4, 8, 9, 9, 9, 9, 0, 9, 4, 8, 9, 9, 9, 9, 0, 9);[80.20784150970682, 50, 50, 50]
(2, 1.0, 4, 8, 9, 9, 9, 9, 0, 9, 4, 8, 9, 9, 9, 9, 0, 9);[72.84035669336151, 50, 50, 50]
(0, 0.0, 4, 8, 9, 9, 9, 9, 0, 9, 4, 8, 9, 9, 9, 9, 0, 9);[418.68926789738276, 50, 50, 50]
(3, 0.0, 4, 8, 9, 9, 9, 9, 0, 9, 4, 8, 9, 8, 9, 9, 0, 9);[55.05, 50, 50, 50]
(3, 0.0, 4, 8, 9, 8, 9, 9, 0, 9, 4, 8, 9, 5, 9, 9, 0, 9);[54.45, 50, 50, 50]
(3, 1.0, 4, 8, 9, 6, 9, 9, 0, 9, 4, 8, 9, 3, 9, 9, 0, 9);[54.45, 50, 50, 50]
(0, 0.0, 4, 8, 9, 6, 9, 9, 0, 9, 4, 8, 9, 1, 9, 9, 0, 9);[59.76465, 50, 50, 50]
(0, 1.0, 4, 9, 9, 9, 9, 9, 0, 9, 4, 8, 9, 9, 9, 9, 0, 9);[55.85, 50, 50, 50]
(0, 1.0, 5, 9, 9, 9, 9, 9, 0, 9, 4, 9, 9, 9, 9, 9, 0, 9);[56.05, 50, 50, 50]
(0, 1.0, 6, 9, 9, 9, 9, 9, 0, 9, 5, 9, 9, 9, 9, 9, 0, 9);[56.15, 50, 50, 50]
(0, 1.0, 7, 9, 9, 9, 9, 9, 0, 9, 7, 9, 9, 9, 9, 9, 0, 9);[127.96484905958906, 50, 50, 50]
(0, 1.0, 7, 9, 9, 9, 9, 9, 1, 9, 7, 9, 9, 9, 9, 9, 0, 9);[62.355000000000004, 50, 50, 50]
(0, 1.0, 7, 9, 9, 9, 9, 9, 2, 9, 7, 9, 9, 9, 9, 9, 1, 9);[62.635, 50, 50, 50]
(0, 1.0, 7, 9, 9, 9, 9, 9, 2, 9, 7, 9, 9, 9, 9, 9, 2, 9);[169.4473413365715, 50, 50, 50]
(0, 1.0, 8, 9, 9, 9, 9, 9, 2, 9, 7, 9, 9, 9, 9, 9, 2, 9);[56.85, 50, 50, 50]
(0, 1.0, 8, 9, 9, 9, 9, 9, 2, 9, 8, 9, 9, 9, 9, 9, 2, 9);[312.1361926523415, 50, 56.75, 50]
(2, 0.0, 8, 9, 9, 9, 9, 9, 2, 9, 8, 9, 9, 9, 9, 9, 1, 9);[56.15, 50, 50, 50]
(2, 0.0, 8, 9, 9, 9, 9, 9, 0, 9, 8, 9, 9, 9, 9, 9, 0, 9);[67.72378499999999, 50, 50, 50]
(2, 1.0, 8, 9, 9, 9, 9, 9, 0, 9, 8, 9, 9, 9, 9, 9, 0, 9);[62.990525000000005, 50, 50, 50]
(0, 0.0, 8, 9, 9, 9, 9, 9, 0, 9, 8, 9, 9, 9, 9, 9, 0, 9);[250.37966636845263, 50, 50, 50]
(0, 1.0, 8, 9, 9, 9, 9, 9, 0, 9, 8, 9, 9, 9, 9, 9, 0, 9);[4361.070534206817, 56.35, 50, 56.25]
(3, 0.0, 8, 9, 9, 9, 9, 9, 0, 9, 8, 9, 9, 8, 9, 9, 0, 9);[55.85, 50, 50, 50]
(3, 0.0, 8, 9, 9, 8, 9, 9, 0, 9, 8, 9, 9, 5, 9, 9, 0, 9);[55.25, 50, 50, 50]
(3, 1.0, 8, 9, 9, 6, 9, 9, 0, 9, 8, 9, 9, 3, 9, 9, 0, 9);[55.25, 50, 50, 50]
(0, 0.0, 8, 9, 9, 6, 9, 9, 0, 9, 8, 9, 9, 1, 9, 9, 0, 9);[55.55, 50, 50, 50]
(0, 0.0, 8, 9, 9, 7, 9, 9, 0, 9, 8, 9, 9, 1, 9, 9, 0, 9);[55.95, 50, 50, 50]
(0, 1.0, 8, 9, 9, 7, 9, 9, 0, 9, 8, 9, 9, 3, 9, 9, 0, 9);[56.15, 50, 50, 50]
(0, 1.0, 8, 9, 9, 8, 9, 9, 0, 9, 8, 9, 9, 5, 9, 9, 0, 9);[56.25, 50, 50, 50]
(0, 1.0, 8, 9, 9, 9, 9, 9, 0, 9, 8, 9, 9, 7, 9, 9, 0, 9);[161.00423494777147, 50, 50, 50]
(0, 1.0, 8, 9, 9, 9, 9, 9, 1, 9, 8, 9, 9, 9, 9, 9, 0, 9);[68.61401500000001, 50, 50, 50]
(0, 1.0, 8, 9, 9, 9, 9, 9, 1, 9, 8, 9, 9, 9, 9, 9, 1, 9);[820.008515842292, 50, 57.12915, 50]
(1, 0.0, 8, 9, 9, 9, 9, 9, 0, 9, 8, 8, 9, 9, 9, 9, 0, 9);[55.95, 50, 50, 50]
(1, 0.0, 8, 8, 9, 9, 9, 9, 0, 9, 6, 5, 9, 9, 9, 9, 0, 9);[55.35, 50, 50, 50]
(1, 1.0, 7, 7, 9, 9, 9, 9, 0, 9, 4, 2, 9, 9, 9, 9, 0, 9);[55.35, 50, 50, 50]
(0, 0.0, 6, 7, 9, 9, 9, 9, 0, 9, 4, 0, 9, 9, 9, 9, 0, 9);[55.15, 50, 50, 50]
(0, 0.0, 5, 8, 9, 9, 9, 9, 0, 9, 3, 3, 9, 9, 9, 9, 0, 9);[54.75, 50, 50, 50]
(0, 1.0, 2, 8, 9, 9, 9, 9, 0, 9, 2, 4, 9, 9, 9, 9, 0, 9);[54.75, 50, 50, 50]
(0, 1.0, 2, 9, 9, 9, 9, 9, 0, 9, 2, 6, 9, 9, 9, 9, 0, 9);[55.05, 50, 50, 50]
(0, 1.0, 2, 9, 9, 9, 9, 9, 0, 9, 2, 9, 9, 9, 9, 9, 0, 9);[4431.193744836506, 50, 55.25, 72.81676140961201]
(3, 0.0, 2, 9, 9, 9, 9, 9, 0, 9, 2, 9, 9, 8, 9, 9, 0, 9);[75.1844119467865, 50, 50, 50]
(3, 0.0, 2, 9, 9, 8, 9, 9, 0, 9, 2, 9, 9, 5, 9, 9, 0, 9);[67.80708506365, 50, 50, 50]
(3, 1.0, 2, 9, 9, 6, 9, 9, 0, 9, 2, 9, 9, 3, 9, 9, 0, 9);[73.03950802780028, 50, 50, 50]
(0, 0.0, 2, 9, 9, 6, 9, 9, 0, 9, 2, 9, 9, 0, 9, 9, 0, 9);[58.455000000000005, 50, 50, 50]
(0, 0.0, 2, 9, 9, 7, 9, 9, 0, 9, 2, 9, 9, 2, 9, 9, 0, 9);[65.95459399713742, 50, 50, 50]
(0, 1.0, 2, 9, 9, 7, 9, 9, 0, 9, 2, 9, 9, 3, 9, 9, 0, 9);[85.49264189508166, 50, 50, 50]
(0, 1.0, 2, 9, 9, 8, 9, 9, 0, 9, 2, 9, 9, 5, 9, 9, 0, 9);[82.13151764347296, 50, 50, 50]
(0, 1.0, 2, 9, 9, 9, 9, 9, 0, 9, 2, 9, 9, 7, 9, 9, 0, 9);[1156.4175333598375, 50, 50, 50]
(2, 0.0, 2, 9, 9, 9, 9, 9, 0, 9, 2, 9, 9, 9, 9, 9, 0, 9);[72.9612699, 50, 50, 50]
(2, 1.0, 2, 9, 9, 9, 9, 9, 0, 9, 2, 9, 9, 9, 9, 9, 0, 9);[55.25, 50, 50, 61.18378]
(0, 0.0, 2, 9, 9, 9, 9, 9, 0, 9, 2, 9, 9, 9, 9, 9, 0, 9);[278.4344007752507, 50, 50, 50]
(0, 1.0, 2, 9, 9, 9, 9, 9, 1, 9, 2, 9, 9, 9, 9, 9, 0, 9);[283.80578169189016, 50, 50, 50]
(0, 1.0, 2, 9, 9, 9, 9, 9, 1, 9, 2, 9, 9, 9, 9, 9, 1, 9);[2184.5068672649218, 50, 61.3437725, 55.45]
(3, 0.0, 2, 9, 9, 9, 9, 9, 1, 9, 2, 9, 9, 8, 9, 9, 1, 9);[55.05, 50, 50, 50]
(3, 0.0, 2, 9, 9, 8, 9, 9, 1, 9, 2, 9, 9, 5, 9, 9, 1, 9);[54.45, 50, 50, 50]
(3, 1.0, 2, 9, 9, 6, 9, 9, 1, 9, 2, 9, 9, 3, 9, 9, 1, 9);[54.45, 50, 50, 50]
(0, 0.0, 2, 9, 9, 6, 9, 9, 1, 9, 2, 9, 9, 1, 9, 9, 1, 9);[54.85, 50, 50, 50]
(0, 0.0, 2, 9, 9, 7, 9, 9, 1, 9, 2, 9, 9, 2, 9, 9, 1, 9);[55.15, 50, 50, 50]
(0, 1.0, 2, 9, 9, 7, 9, 9, 1, 9, 2, 9, 9, 3, 9, 9, 1, 9);[55.35, 50, 50, 50]
(0, 1.0, 2, 9, 9, 8, 9, 9, 1, 9, 2, 9, 9, 5, 9, 9, 1, 9);[55.45, 50, 50, 50]
(0, 1.0, 2, 9, 9, 9, 9, 9, 1, 9, 2, 9, 9, 7, 9, 9, 1, 9);[55.85, 50, 50, 50]
(0, 1.0, 2, 9, 9, 9, 9, 9, 2, 9, 2, 9, 9, 8, 9, 9, 1, 9);[55.95, 50, 50, 50]
(0, 1.0, 2, 9, 9, 9, 9, 9, 3, 9, 2, 9, 9, 9, 9, 9, 1, 9);[55.95, 50, 50, 50]
(0, 1.0, 2, 9, 9, 9, 9, 9, 3, 9, 2, 9, 9, 9, 9, 9, 2, 9);[55.95, 50, 50, 50]
(0, 1.0, 2, 9, 9, 9, 9, 9, 3, 9, 2, 9, 9, 9, 9, 9, 3, 9);[109.45966647679836, 50, 50, 50]
(0, 1.0, 2, 9, 9, 9, 9, 9, 4, 9, 2, 9, 9, 9, 9, 9, 3, 9);[61.685, 50, 50, 50]
(0, 1.0, 2, 9, 9, 9, 9, 9, 4, 9, 2, 9, 9, 9, 9, 9, 4, 9);[3079.1267338707758, 50, 56.05, 50]
(2, 0.0, 2, 9, 9, 9, 9, 9, 4, 9, 2, 9, 9, 9, 9, 9, 2, 9);[55.65, 50, 50, 50]
(2, 0.0, 2, 9, 9, 9, 9, 9, 2, 9, 2, 9, 9, 9, 9, 9, 0, 9);[55.05, 50, 50, 50]
(2, 1.0, 2, 9, 9, 9, 9, 9, 1, 9, 2, 9, 9, 9, 9, 9, 0, 9);[55.15, 50, 50, 50]
(0, 0.0, 2, 9, 9, 9, 9, 9, 1, 9, 2, 9, 9, 9, 9, 9, 0, 9);[55.45, 50, 50, 50]
(0, 0.0, 2, 9, 9, 9, 9, 9, 1, 9, 2, 9, 9, 9, 9, 9, 1, 9);[196.3865172978735, 50, 50, 50]
(3, 0.0, 2, 9, 9, 8, 9, 9, 0, 9, 2, 9, 9, 6, 9, 9, 0, 9);[60.35622202832427, 50, 50, 50]
(0, 0.0, 2, 9, 9, 6, 9, 9, 0, 9, 2, 9, 9, 2, 9, 9, 0, 9);[61.967798025923685, 50, 50, 50]
(2, 0.0, 2, 9, 9, 9, 9, 9, 1, 9, 2, 9, 9, 9, 9, 9, 0, 9);[57.0580539775, 50, 50, 50]
(0, 0.0, 2, 9, 9, 6, 9, 9, 0, 9, 2, 9, 9, 1, 9, 9, 0, 9);[74.19562077944958, 50, 50, 50]
(0, 1.0, 2, 9, 9, 9, 9, 9, 0, 9, 2, 9, 9, 6, 9, 9, 0, 9);[144.15998537816927, 50, 50, 50]
(0, 1.0, 2, 9, 9, 9, 9, 9, 0, 9, 2, 9, 9, 8, 9, 9, 0, 9);[793.1067009387948, 50, 50, 50]
(0, 1.0, 2, 9, 9, 8, 9, 9, 0, 9, 2, 9, 9, 4, 9, 9, 0, 9);[137.54337820520215, 50, 50, 50]
